object={
	name="env_coast_foam_s"
	render_pass=MapUnderWater
	clamp_to_water_level=yes
	generated_content=no
	layer="coast_foam_layer"
	entity="env_coast_foam_s"
	count=3060
	transform="6489.987110 0.000000 6635.131754 0.000000 -0.958830 0.000000 0.283981 0.776953 0.776953 0.776953
6418.931045 0.000000 6598.658435 0.000000 0.852985 0.000000 0.521935 0.754023 0.754023 0.754023
6433.514030 0.000000 6586.431360 0.000000 -0.120623 0.000000 0.992698 0.786097 0.786097 0.786097
6418.883982 0.000000 6583.955609 0.000000 0.398519 0.000000 0.917160 0.863247 0.863247 0.863247
6426.855590 0.000000 6583.885678 0.000000 -0.199020 0.000000 0.979995 0.831435 0.831435 0.831435
13693.397170 0.000000 6544.107465 0.000000 0.946505 0.000000 0.322688 0.729724 0.729724 0.729724
13726.911918 0.000000 6542.695388 0.000000 -0.997405 0.000000 0.071994 0.828051 0.828051 0.828051
6549.789428 0.000000 6529.834750 0.000000 -0.401348 0.000000 0.915926 0.715504 0.715504 0.715504
6462.804619 0.000000 6526.621935 0.000000 -0.955905 0.000000 0.293677 0.817069 0.817069 0.817069
6491.498048 0.000000 6522.274373 0.000000 0.997223 0.000000 -0.074467 0.801848 0.801848 0.801848
6468.934586 0.000000 6511.179511 0.000000 0.186631 0.000000 0.982430 0.736617 0.736617 0.736617
6480.758346 0.000000 6507.104863 0.000000 0.184497 0.000000 0.982833 0.632863 0.632863 0.632863
13632.592831 0.000000 6463.862425 0.000000 0.994605 0.000000 0.103736 0.799169 0.799169 0.799169
13609.717143 0.000000 6444.876691 0.000000 0.927098 0.000000 0.374819 0.802576 0.802576 0.802576
13434.377668 0.000000 6436.489203 0.000000 0.971873 0.000000 0.235504 0.708991 0.708991 0.708991
1129.868962 0.000000 6409.276922 0.000000 0.993981 0.000000 0.109548 0.655613 0.655613 0.655613
1134.980034 0.000000 6409.956979 0.000000 -0.973693 0.000000 0.227862 0.803937 0.803937 0.803937
1120.040155 0.000000 6403.370675 0.000000 0.919451 0.000000 0.393203 0.810534 0.810534 0.810534
1070.972716 0.000000 6374.619832 0.000000 0.982470 0.000000 0.186421 0.780239 0.780239 0.780239
1078.013437 0.000000 6367.778072 0.000000 -0.872600 0.000000 0.488435 0.635599 0.635599 0.635599
807.441388 0.000000 6365.473332 0.000000 0.999972 0.000000 -0.007545 0.798412 0.798412 0.798412
818.757086 0.000000 6349.669085 0.000000 0.997836 0.000000 0.065755 0.676726 0.676726 0.676726
828.454851 0.000000 6349.595806 0.000000 -0.938564 0.000000 0.345104 0.684804 0.684804 0.684804
792.873824 0.000000 6345.787719 0.000000 0.034126 0.000000 0.999418 0.836260 0.836260 0.836260
13389.207673 0.000000 6345.855131 0.000000 0.917708 0.000000 0.397255 0.728509 0.728509 0.728509
1214.246714 0.000000 6332.279723 0.000000 0.993376 0.000000 0.114908 0.858750 0.858750 0.858750
1219.591163 0.000000 6331.183962 0.000000 -0.956963 0.000000 0.290210 0.686619 0.686619 0.686619
812.554067 0.000000 6310.961591 0.000000 0.771174 0.000000 0.636624 0.878340 0.878340 0.878340
828.545374 0.000000 6310.330097 0.000000 -0.707003 0.000000 0.707211 0.778303 0.778303 0.778303
702.836573 0.000000 6308.604527 0.000000 0.999894 0.000000 -0.014550 0.782426 0.782426 0.782426
694.918200 0.000000 6307.917292 0.000000 0.950375 0.000000 0.311106 0.851105 0.851105 0.851105
720.730659 0.000000 6306.093997 0.000000 -0.945542 0.000000 0.325500 0.653391 0.653391 0.653391
890.117688 0.000000 6304.973912 0.000000 0.905856 0.000000 0.423585 0.805741 0.805741 0.805741
13980.009423 0.000000 6301.942892 0.000000 -0.994602 0.000000 0.103762 0.700021 0.700021 0.700021
793.580018 0.000000 6275.726301 0.000000 0.989126 0.000000 0.147071 0.835258 0.835258 0.835258
791.250457 0.000000 6273.993196 0.000000 0.963399 0.000000 0.268073 0.876672 0.876672 0.876672
799.783551 0.000000 6259.953745 0.000000 -0.844107 0.000000 0.536175 0.820505 0.820505 0.820505
768.681186 0.000000 6258.637176 0.000000 0.975880 0.000000 0.218308 0.877286 0.877286 0.877286
751.410266 0.000000 6256.933386 0.000000 -0.997592 0.000000 0.069356 0.633759 0.633759 0.633759
1302.347698 0.000000 6253.884399 0.000000 -0.954978 0.000000 0.296675 0.868352 0.868352 0.868352
787.469245 0.000000 6250.527414 0.000000 -0.140933 0.000000 0.990019 0.832421 0.832421 0.832421
619.668253 0.000000 6244.300740 0.000000 0.999724 0.000000 0.023475 0.827231 0.827231 0.827231
701.584675 0.000000 6241.125576 0.000000 0.928106 0.000000 0.372316 0.653867 0.653867 0.653867
702.996800 0.000000 6241.709419 0.000000 0.961418 0.000000 0.275092 0.702373 0.702373 0.702373
765.476247 0.000000 6241.399426 0.000000 0.045778 0.000000 0.998952 0.852030 0.852030 0.852030
774.584855 0.000000 6241.635527 0.000000 -0.154596 0.000000 0.987978 0.831773 0.831773 0.831773
926.723519 0.000000 6239.245823 0.000000 0.653784 0.000000 0.756681 0.808836 0.808836 0.808836
499.248256 0.000000 6238.062122 0.000000 0.948380 0.000000 0.317136 0.717267 0.717267 0.717267
504.184278 0.000000 6238.100334 0.000000 -0.992235 0.000000 0.124374 0.797244 0.797244 0.797244
1313.578101 0.000000 6234.545754 0.000000 -0.921886 0.000000 0.387460 0.766233 0.766233 0.766233
1314.409840 0.000000 6233.147517 0.000000 -0.845510 0.000000 0.533960 0.742565 0.742565 0.742565
688.509634 0.000000 6223.641365 0.000000 0.917618 0.000000 0.397464 0.688329 0.688329 0.688329
1319.400063 0.000000 6223.572124 0.000000 -0.752878 0.000000 0.658161 0.855747 0.855747 0.855747
1313.363639 0.000000 6218.704589 0.000000 0.221596 0.000000 0.975139 0.842994 0.842994 0.842994
13212.127574 0.000000 6211.209478 0.000000 0.909791 0.000000 0.415067 0.679081 0.679081 0.679081
13208.611605 0.000000 6205.840337 0.000000 0.839688 0.000000 0.543069 0.850817 0.850817 0.850817
11704.925746 0.000000 6180.444644 0.000000 0.999480 0.000000 -0.032235 0.768261 0.768261 0.768261
11628.768362 0.000000 6179.395508 0.000000 0.949685 0.000000 0.313207 0.876730 0.876730 0.876730
11627.610738 0.000000 6178.651795 0.000000 0.937200 0.000000 0.348791 0.887352 0.887352 0.887352
11623.492366 0.000000 6169.302950 0.000000 0.707244 0.000000 0.706970 0.855310 0.855310 0.855310
11730.633884 0.000000 6169.766506 0.000000 0.999913 0.000000 0.013172 0.862881 0.862881 0.862881
792.602865 0.000000 6164.132594 0.000000 -0.832874 0.000000 0.553463 0.688426 0.688426 0.688426
1303.487929 0.000000 6158.965824 0.000000 -0.563448 0.000000 0.826151 0.715805 0.715805 0.715805
416.160040 0.000000 6150.517395 0.000000 0.938743 0.000000 0.344618 0.779993 0.779993 0.779993
694.057525 0.000000 6148.850387 0.000000 0.562487 0.000000 0.826806 0.644057 0.644057 0.644057
702.783185 0.000000 6139.751344 0.000000 0.265420 0.000000 0.964133 0.698114 0.698114 0.698114
5054.855760 0.000000 6136.983852 0.000000 -0.996298 0.000000 0.085965 0.870823 0.870823 0.870823
5058.421838 0.000000 6136.331031 0.000000 -0.994055 0.000000 0.108877 0.678947 0.678947 0.678947
5111.010776 0.000000 6134.215872 0.000000 0.911829 0.000000 0.410571 0.744825 0.744825 0.744825
5111.875011 0.000000 6133.484998 0.000000 0.866794 0.000000 0.498666 0.657480 0.657480 0.657480
5121.839459 0.000000 6133.165311 0.000000 -0.942940 0.000000 0.332964 0.643215 0.643215 0.643215
11819.228049 0.000000 6125.120866 0.000000 0.981297 0.000000 0.192500 0.680420 0.680420 0.680420
1162.435823 0.000000 6124.333606 0.000000 0.390947 0.000000 0.920413 0.734155 0.734155 0.734155
5071.328747 0.000000 6123.907689 0.000000 -0.868506 0.000000 0.495678 0.737317 0.737317 0.737317
11540.166545 0.000000 6123.344027 0.000000 0.953111 0.000000 0.302621 0.776766 0.776766 0.776766
11826.887085 0.000000 6122.433587 0.000000 -0.983101 0.000000 0.183065 0.711583 0.711583 0.711583
13189.956497 0.000000 6122.199419 0.000000 0.923820 0.000000 0.382827 0.639498 0.639498 0.639498
5072.150670 0.000000 6115.049194 0.000000 -0.667214 0.000000 0.744866 0.816059 0.816059 0.816059
11827.850509 0.000000 6115.165550 0.000000 -0.556557 0.000000 0.830809 0.849881 0.849881 0.849881
5035.146059 0.000000 6112.018040 0.000000 0.744150 0.000000 0.668012 0.730327 0.730327 0.730327
909.490584 0.000000 6095.390751 0.000000 0.980017 0.000000 0.198914 0.698014 0.698014 0.698014
918.619185 0.000000 6092.668079 0.000000 -0.948896 0.000000 0.315590 0.808057 0.808057 0.808057
5322.212996 0.000000 6088.851071 0.000000 -0.984809 0.000000 0.173641 0.785216 0.785216 0.785216
11858.300143 0.000000 6088.068973 0.000000 -0.991011 0.000000 0.133781 0.689777 0.689777 0.689777
5221.819583 0.000000 6087.669232 0.000000 0.979996 0.000000 0.199018 0.858248 0.858248 0.858248
11862.250076 0.000000 6086.911665 0.000000 -0.940421 0.000000 0.340012 0.753869 0.753869 0.753869
5328.584925 0.000000 6085.598972 0.000000 -0.926426 0.000000 0.376477 0.788483 0.788483 0.788483
5037.736854 0.000000 6082.505572 0.000000 0.984334 0.000000 0.176311 0.763809 0.763809 0.763809
5040.252202 0.000000 6082.453703 0.000000 0.992297 0.000000 0.123882 0.750187 0.750187 0.750187
5150.282545 0.000000 6081.939959 0.000000 -0.999297 0.000000 0.037501 0.646342 0.646342 0.646342
5069.494560 0.000000 6080.059724 0.000000 0.994455 0.000000 0.105166 0.748700 0.748700 0.748700
894.661808 0.000000 6079.980300 0.000000 0.887463 0.000000 0.460879 0.734809 0.734809 0.734809
928.913754 0.000000 6079.513637 0.000000 -0.804639 0.000000 0.593765 0.746559 0.746559 0.746559
5049.857982 0.000000 6079.739811 0.000000 -0.963231 0.000000 0.268674 0.680140 0.680140 0.680140
5065.851181 0.000000 6079.713626 0.000000 0.981338 0.000000 0.192292 0.754625 0.754625 0.754625
5153.621408 0.000000 6079.447285 0.000000 -0.863377 0.000000 0.504559 0.883516 0.883516 0.883516
5332.875077 0.000000 6079.921263 0.000000 -0.798323 0.000000 0.602229 0.674368 0.674368 0.674368
11866.425621 0.000000 6079.121462 0.000000 -0.677245 0.000000 0.735758 0.681877 0.681877 0.681877
10541.646969 0.000000 6077.359737 0.000000 -0.999397 0.000000 -0.034728 0.885214 0.885214 0.885214
5081.807067 0.000000 6076.861435 0.000000 -0.240788 0.000000 0.970578 0.707210 0.707210 0.707210
11438.215554 0.000000 6074.783674 0.000000 0.998935 0.000000 -0.046131 0.883750 0.883750 0.883750
10288.078629 0.000000 6067.484114 0.000000 0.991120 0.000000 0.132972 0.657054 0.657054 0.657054
654.409538 0.000000 6061.403662 0.000000 -0.954062 0.000000 0.299609 0.736153 0.736153 0.736153
922.487408 0.000000 6061.142340 0.000000 -0.192695 0.000000 0.981259 0.676815 0.676815 0.676815
10263.493935 0.000000 6061.157182 0.000000 0.983203 0.000000 0.182516 0.797312 0.797312 0.797312
10884.539942 0.000000 6058.185908 0.000000 0.999983 0.000000 0.005864 0.688391 0.688391 0.688391
1152.751374 0.000000 6052.197123 0.000000 0.998915 0.000000 0.046573 0.752451 0.752451 0.752451
1151.136663 0.000000 6051.922884 0.000000 0.999290 0.000000 -0.037682 0.868795 0.868795 0.868795
5099.708914 0.000000 6050.534511 0.000000 0.910984 0.000000 0.412443 0.799460 0.799460 0.799460
10812.352086 0.000000 6048.665839 0.000000 0.941905 0.000000 0.335880 0.789231 0.789231 0.789231
10787.400968 0.000000 6043.648515 0.000000 0.956867 0.000000 0.290525 0.693586 0.693586 0.693586
13311.375661 0.000000 6040.790610 0.000000 -0.645985 0.000000 0.763350 0.667662 0.667662 0.667662
805.123680 0.000000 6039.631041 0.000000 0.985897 0.000000 0.167352 0.849734 0.849734 0.849734
10994.485453 0.000000 6039.144942 0.000000 0.999966 0.000000 0.008278 0.784733 0.784733 0.784733
10998.116455 0.000000 6039.966617 0.000000 -0.966453 0.000000 0.256843 0.651382 0.651382 0.651382
5112.550328 0.000000 6038.012135 0.000000 -0.030422 0.000000 0.999537 0.735122 0.735122 0.735122
10771.525801 0.000000 6038.644052 0.000000 0.958176 0.000000 0.286179 0.885772 0.885772 0.885772
11173.772412 0.000000 6038.842300 0.000000 0.997470 0.000000 -0.071084 0.864559 0.864559 0.864559
5320.432416 0.000000 6037.494852 0.000000 -0.673790 0.000000 0.738923 0.768444 0.768444 0.768444
10684.341273 0.000000 6035.962358 0.000000 0.999548 0.000000 -0.030066 0.870985 0.870985 0.870985
1125.931282 0.000000 6034.714555 0.000000 0.891246 0.000000 0.453520 0.727503 0.727503 0.727503
10190.267062 0.000000 6034.906888 0.000000 0.968755 0.000000 0.248018 0.755769 0.755769 0.755769
10187.495896 0.000000 6031.205848 0.000000 0.914451 0.000000 0.404696 0.707161 0.707161 0.707161
1121.370239 0.000000 6024.964509 0.000000 0.855522 0.000000 0.517767 0.629626 0.629626 0.629626
886.373524 0.000000 6018.428773 0.000000 0.983347 0.000000 0.181735 0.658969 0.658969 0.658969
5135.972055 0.000000 6017.716867 0.000000 0.643449 0.000000 0.765489 0.641444 0.641444 0.641444
900.411883 0.000000 6015.852854 0.000000 -0.949453 0.000000 0.313910 0.852010 0.852010 0.852010
5148.672260 0.000000 6009.754737 0.000000 -0.325045 0.000000 0.945699 0.744628 0.744628 0.744628
5170.241619 0.000000 6009.219684 0.000000 0.987121 0.000000 0.159973 0.818293 0.818293 0.818293
875.278666 0.000000 6007.175569 0.000000 0.675522 0.000000 0.737340 0.783606 0.783606 0.783606
882.976337 0.000000 6007.258606 0.000000 -0.437183 0.000000 0.899372 0.766829 0.766829 0.766829
5138.941438 0.000000 6007.662141 0.000000 0.315703 0.000000 0.948858 0.644926 0.644926 0.644926
5168.306636 0.000000 6007.144129 0.000000 0.957318 0.000000 0.289036 0.783529 0.783529 0.783529
5165.161855 0.000000 6005.858912 0.000000 0.921652 0.000000 0.388017 0.679745 0.679745 0.679745
878.326979 0.000000 5989.306065 0.000000 0.404253 0.000000 0.914647 0.673385 0.673385 0.673385
882.588186 0.000000 5985.326371 0.000000 0.293745 0.000000 0.955884 0.865133 0.865133 0.865133
1142.388516 0.000000 5983.865848 0.000000 0.385171 0.000000 0.922845 0.668994 0.668994 0.668994
1162.338268 0.000000 5983.378791 0.000000 -0.562903 0.000000 0.826523 0.693154 0.693154 0.693154
935.095104 0.000000 5979.070785 0.000000 -0.842353 0.000000 0.538926 0.859596 0.859596 0.859596
936.988523 0.000000 5976.695640 0.000000 -0.778304 0.000000 0.627887 0.689801 0.689801 0.689801
10161.982874 0.000000 5975.458968 0.000000 0.982917 0.000000 0.184048 0.661611 0.661611 0.661611
887.503606 0.000000 5971.948647 0.000000 0.954631 0.000000 0.297793 0.808185 0.808185 0.808185
936.381034 0.000000 5971.199101 0.000000 -0.591543 0.000000 0.806273 0.711336 0.711336 0.711336
10157.394027 0.000000 5971.181097 0.000000 0.766714 0.000000 0.641989 0.858773 0.858773 0.858773
935.307788 0.000000 5969.314701 0.000000 -0.547686 0.000000 0.836684 0.753912 0.753912 0.753912
963.214583 0.000000 5967.741157 0.000000 0.983630 0.000000 0.180199 0.702591 0.702591 0.702591
972.826936 0.000000 5965.788806 0.000000 -0.995446 0.000000 0.095329 0.772011 0.772011 0.772011
5200.736877 0.000000 5963.382919 0.000000 0.989358 0.000000 0.145501 0.721423 0.721423 0.721423
5202.298335 0.000000 5963.457025 0.000000 0.967804 0.000000 0.251705 0.682982 0.682982 0.682982
904.370785 0.000000 5957.958757 0.000000 -0.820440 0.000000 0.571733 0.826157 0.826157 0.826157
992.367026 0.000000 5954.413608 0.000000 -0.933552 0.000000 0.358442 0.865164 0.865164 0.865164
901.532055 0.000000 5953.598326 0.000000 0.338953 0.000000 0.940803 0.852059 0.852059 0.852059
918.431030 0.000000 5953.269553 0.000000 -0.505979 0.000000 0.862546 0.659680 0.659680 0.659680
993.478151 0.000000 5952.816298 0.000000 -0.870864 0.000000 0.491524 0.750079 0.750079 0.750079
11932.844125 0.000000 5946.354349 0.000000 -0.936293 0.000000 0.351220 0.662504 0.662504 0.662504
11934.574147 0.000000 5945.217016 0.000000 -0.903308 0.000000 0.428993 0.659082 0.659082 0.659082
5241.171682 0.000000 5943.579398 0.000000 -0.549069 0.000000 0.835777 0.876227 0.876227 0.876227
5234.104426 0.000000 5939.628931 0.000000 -0.401029 0.000000 0.916065 0.741649 0.741649 0.741649
5224.352330 0.000000 5935.207763 0.000000 0.354094 0.000000 0.935210 0.633818 0.633818 0.633818
11934.494614 0.000000 5935.374180 0.000000 -0.300782 0.000000 0.953693 0.883963 0.883963 0.883963
965.686118 0.000000 5929.947930 0.000000 0.561259 0.000000 0.827640 0.779899 0.779899 0.779899
984.066624 0.000000 5928.973144 0.000000 -0.401474 0.000000 0.915871 0.807424 0.807424 0.807424
13221.714792 0.000000 5918.707341 0.000000 0.805212 0.000000 0.592987 0.867724 0.867724 0.867724
13221.951937 0.000000 5917.246460 0.000000 0.733352 0.000000 0.679849 0.723014 0.723014 0.723014
14115.691808 0.000000 5917.196903 0.000000 -0.962340 0.000000 0.271849 0.746389 0.746389 0.746389
11941.218136 0.000000 5856.143842 0.000000 -0.858922 0.000000 0.512106 0.828798 0.828798 0.828798
13225.659083 0.000000 5853.950505 0.000000 0.953505 0.000000 0.301378 0.663881 0.663881 0.663881
13219.145869 0.000000 5845.109133 0.000000 0.681352 0.000000 0.731956 0.737388 0.737388 0.737388
10275.672921 0.000000 5803.532196 0.000000 0.830801 0.000000 0.556569 0.859715 0.859715 0.859715
10278.085308 0.000000 5798.961142 0.000000 0.405552 0.000000 0.914072 0.759098 0.759098 0.759098
2587.111851 0.000000 5754.388661 0.000000 -0.998142 0.000000 0.060925 0.724323 0.724323 0.724323
2198.469176 0.000000 5749.567090 0.000000 0.956168 0.000000 0.292819 0.718679 0.718679 0.718679
6020.904586 0.000000 5747.218752 0.000000 0.978898 0.000000 0.204351 0.828469 0.828469 0.828469
10325.539246 0.000000 5747.802846 0.000000 0.813799 0.000000 0.581147 0.684966 0.684966 0.684966
6016.558141 0.000000 5737.373085 0.000000 0.519894 0.000000 0.854231 0.827454 0.827454 0.827454
10329.238799 0.000000 5737.291563 0.000000 0.248339 0.000000 0.968673 0.667958 0.667958 0.667958
10332.215876 0.000000 5737.593168 0.000000 -0.066277 0.000000 0.997801 0.801362 0.801362 0.801362
13109.308891 0.000000 5724.039603 0.000000 0.701438 0.000000 0.712731 0.690506 0.690506 0.690506
13111.503939 0.000000 5719.609807 0.000000 0.352990 0.000000 0.935627 0.709324 0.709324 0.709324
6404.634779 0.000000 5703.708170 0.000000 0.714434 0.000000 0.699703 0.658784 0.658784 0.658784
6675.924003 0.000000 5703.589161 0.000000 -0.948461 0.000000 0.316894 0.710844 0.710844 0.710844
6678.654192 0.000000 5703.428649 0.000000 -0.954867 0.000000 0.297032 0.677893 0.677893 0.677893
6408.626692 0.000000 5702.097423 0.000000 0.665999 0.000000 0.745952 0.841094 0.841094 0.841094
6409.897011 0.000000 5701.558624 0.000000 0.649686 0.000000 0.760203 0.651128 0.651128 0.651128
6678.436574 0.000000 5701.940337 0.000000 -0.859243 0.000000 0.511568 0.835349 0.835349 0.835349
13128.753624 0.000000 5700.570088 0.000000 0.662290 0.000000 0.749247 0.702356 0.702356 0.702356
2069.344675 0.000000 5699.446782 0.000000 0.964482 0.000000 0.264150 0.686917 0.686917 0.686917
11983.567331 0.000000 5699.564185 0.000000 -0.960213 0.000000 0.279269 0.747831 0.747831 0.747831
6382.931584 0.000000 5698.341568 0.000000 -0.524902 0.000000 0.851163 0.874597 0.874597 0.874597
2847.771992 0.000000 5675.644525 0.000000 -0.985533 0.000000 0.169485 0.657053 0.657053 0.657053
13172.543453 0.000000 5672.622847 0.000000 0.356805 0.000000 0.934179 0.694547 0.694547 0.694547
13181.528679 0.000000 5670.097944 0.000000 -0.552462 0.000000 0.833538 0.657472 0.657472 0.657472
13177.739248 0.000000 5665.539036 0.000000 -0.012872 0.000000 0.999917 0.665812 0.665812 0.665812
10393.242225 0.000000 5664.411774 0.000000 0.623485 0.000000 0.781836 0.804850 0.804850 0.804850
4589.451433 0.000000 5654.061968 0.000000 0.971255 0.000000 0.238040 0.785244 0.785244 0.785244
4590.698482 0.000000 5654.606269 0.000000 0.978931 0.000000 0.204191 0.647330 0.647330 0.647330
13197.410144 0.000000 5652.855196 0.000000 0.774794 0.000000 0.632214 0.858871 0.858871 0.858871
6295.111288 0.000000 5648.997908 0.000000 0.999866 0.000000 -0.016391 0.680457 0.680457 0.680457
14175.051478 0.000000 5648.240783 0.000000 -0.948126 0.000000 0.317894 0.661744 0.661744 0.661744
6294.724546 0.000000 5647.362898 0.000000 0.997497 0.000000 -0.070707 0.849207 0.849207 0.849207
14178.714890 0.000000 5647.434224 0.000000 -0.903010 0.000000 0.429619 0.717228 0.717228 0.717228
10427.142759 0.000000 5627.779143 0.000000 0.729546 0.000000 0.683932 0.869922 0.869922 0.869922
2936.685114 0.000000 5606.019011 0.000000 -0.945518 0.000000 0.325571 0.876562 0.876562 0.876562
6287.882296 0.000000 5600.468756 0.000000 -0.961606 0.000000 0.274432 0.705203 0.705203 0.705203
10453.454740 0.000000 5600.560118 0.000000 0.564541 0.000000 0.825405 0.826313 0.826313 0.826313
6292.051859 0.000000 5593.496316 0.000000 -0.733844 0.000000 0.679318 0.638801 0.638801 0.638801
14172.982155 0.000000 5582.332689 0.000000 -0.988217 0.000000 0.153059 0.739894 0.739894 0.739894
13179.621545 0.000000 5578.343854 0.000000 0.995295 0.000000 0.096890 0.746122 0.746122 0.746122
13167.028314 0.000000 5566.593650 0.000000 0.939476 0.000000 0.342615 0.744069 0.744069 0.744069
2398.444052 0.000000 5557.005504 0.000000 0.382657 0.000000 0.923891 0.826701 0.826701 0.826701
2333.554841 0.000000 5556.325833 0.000000 -0.518970 0.000000 0.854792 0.686191 0.686191 0.686191
4318.784658 0.000000 5549.091323 0.000000 0.734228 0.000000 0.678903 0.732900 0.732900 0.732900
4323.285798 0.000000 5547.478775 0.000000 -0.287829 0.000000 0.957682 0.859115 0.859115 0.859115
4290.510260 0.000000 5546.940963 0.000000 -0.355226 0.000000 0.934781 0.873301 0.873301 0.873301
2166.557309 0.000000 5536.553544 0.000000 0.564837 0.000000 0.825202 0.833625 0.833625 0.833625
6136.211299 0.000000 5534.140486 0.000000 -0.901056 0.000000 0.433702 0.731583 0.731583 0.731583
6138.214292 0.000000 5534.984599 0.000000 -0.888081 0.000000 0.459687 0.716968 0.716968 0.716968
6317.746279 0.000000 5532.762555 0.000000 -0.749111 0.000000 0.662444 0.887707 0.887707 0.887707
10534.621836 0.000000 5528.021626 0.000000 0.847760 0.000000 0.530380 0.740377 0.740377 0.740377
6195.463560 0.000000 5527.280236 0.000000 -0.690136 0.000000 0.723679 0.868781 0.868781 0.868781
6193.841032 0.000000 5521.112782 0.000000 -0.660121 0.000000 0.751159 0.818911 0.818911 0.818911
10538.265880 0.000000 5521.294531 0.000000 0.245266 0.000000 0.969456 0.785204 0.785204 0.785204
2364.609045 0.000000 5520.021848 0.000000 0.999812 0.000000 0.019404 0.850837 0.850837 0.850837
4258.112246 0.000000 5517.359770 0.000000 -0.897753 0.000000 0.440500 0.842039 0.842039 0.842039
6509.514093 0.000000 5515.805039 0.000000 0.077646 0.000000 0.996981 0.637268 0.637268 0.637268
4266.709893 0.000000 5513.631732 0.000000 -0.968205 0.000000 0.250158 0.808590 0.808590 0.808590
6302.954708 0.000000 5513.582271 0.000000 -0.462478 0.000000 0.886631 0.766575 0.766575 0.766575
6101.859969 0.000000 5512.425201 0.000000 -0.647827 0.000000 0.761788 0.687276 0.687276 0.687276
6102.482325 0.000000 5511.470247 0.000000 -0.467566 0.000000 0.883958 0.767057 0.767057 0.767057
6298.023794 0.000000 5511.505943 0.000000 -0.438397 0.000000 0.898782 0.779788 0.779788 0.779788
4247.762847 0.000000 5510.930527 0.000000 0.855433 0.000000 0.517914 0.736445 0.736445 0.736445
4397.721059 0.000000 5508.600193 0.000000 0.464043 0.000000 0.885813 0.781625 0.781625 0.781625
14168.874707 0.000000 5504.359583 0.000000 -0.462158 0.000000 0.886797 0.801329 0.801329 0.801329
6109.372050 0.000000 5503.068665 0.000000 0.625713 0.000000 0.780054 0.850835 0.850835 0.850835
6288.008329 0.000000 5503.362742 0.000000 -0.173605 0.000000 0.984815 0.827964 0.827964 0.827964
11981.201517 0.000000 5503.532902 0.000000 -0.741177 0.000000 0.671310 0.786939 0.786939 0.786939
14168.025994 0.000000 5503.623941 0.000000 -0.603109 0.000000 0.797659 0.773186 0.773186 0.773186
6281.050144 0.000000 5501.689196 0.000000 -0.098142 0.000000 0.995172 0.783709 0.783709 0.783709
14162.205004 0.000000 5500.531278 0.000000 -0.093502 0.000000 0.995619 0.752914 0.752914 0.752914
6516.029857 0.000000 5493.830298 0.000000 0.999851 0.000000 -0.017291 0.730560 0.730560 0.730560
6252.762969 0.000000 5487.778316 0.000000 -0.209267 0.000000 0.977858 0.816480 0.816480 0.816480
6513.894497 0.000000 5485.076342 0.000000 0.587689 0.000000 0.809087 0.821649 0.821649 0.821649
6085.445808 0.000000 5482.543551 0.000000 -0.966432 0.000000 0.256921 0.797232 0.797232 0.797232
14012.625225 0.000000 5480.695170 0.000000 0.999757 0.000000 0.022029 0.826649 0.826649 0.826649
4483.070239 0.000000 5479.577053 0.000000 0.948551 0.000000 0.316626 0.664572 0.664572 0.664572
4476.575743 0.000000 5476.130973 0.000000 -0.998805 0.000000 0.048881 0.655543 0.655543 0.655543
6243.240860 0.000000 5473.964715 0.000000 0.989425 0.000000 0.145044 0.780437 0.780437 0.780437
6516.499397 0.000000 5472.869125 0.000000 0.638451 0.000000 0.769662 0.696747 0.696747 0.696747
4446.367477 0.000000 5469.634312 0.000000 0.971087 0.000000 0.238724 0.795137 0.795137 0.795137
5487.316325 0.000000 5468.147033 0.000000 -0.929450 0.000000 0.368948 0.714272 0.714272 0.714272
4446.713040 0.000000 5467.233187 0.000000 -0.978761 0.000000 0.205004 0.634071 0.634071 0.634071
6238.761914 0.000000 5467.548418 0.000000 -0.414097 0.000000 0.910233 0.668694 0.668694 0.668694
6516.966211 0.000000 5467.791007 0.000000 0.539435 0.000000 0.842027 0.851800 0.851800 0.851800
14012.366855 0.000000 5467.007246 0.000000 -0.481329 0.000000 0.876540 0.810509 0.810509 0.810509
6202.339536 0.000000 5466.587851 0.000000 0.720747 0.000000 0.693198 0.878128 0.878128 0.878128
13997.033403 0.000000 5464.418104 0.000000 0.341259 0.000000 0.939969 0.750260 0.750260 0.750260
6225.525770 0.000000 5463.638026 0.000000 0.047639 0.000000 0.998865 0.645463 0.645463 0.645463
5330.553912 0.000000 5462.196986 0.000000 0.963422 0.000000 0.267988 0.841288 0.841288 0.841288
5327.487559 0.000000 5460.044172 0.000000 0.824206 0.000000 0.566290 0.792095 0.792095 0.792095
2039.887887 0.000000 5454.414108 0.000000 -0.997750 0.000000 0.067040 0.674503 0.674503 0.674503
5567.634229 0.000000 5454.205340 0.000000 0.933650 0.000000 0.358186 0.798103 0.798103 0.798103
13177.632670 0.000000 5452.650898 0.000000 0.808371 0.000000 0.588673 0.788204 0.788204 0.788204
2041.855295 0.000000 5449.011130 0.000000 -0.903154 0.000000 0.429317 0.844009 0.844009 0.844009
4448.326053 0.000000 5449.772850 0.000000 0.334760 0.000000 0.942303 0.637435 0.637435 0.637435
13178.533543 0.000000 5449.455165 0.000000 0.457422 0.000000 0.889250 0.886489 0.886489 0.886489
2104.988163 0.000000 5448.184838 0.000000 0.803892 0.000000 0.594775 0.821603 0.821603 0.821603
2117.867679 0.000000 5446.273291 0.000000 -0.274556 0.000000 0.961571 0.852516 0.852516 0.852516
2568.695738 0.000000 5443.505023 0.000000 0.963931 0.000000 0.266151 0.856123 0.856123 0.856123
2290.601810 0.000000 5417.273023 0.000000 0.212134 0.000000 0.977241 0.706919 0.706919 0.706919
2305.916934 0.000000 5415.613756 0.000000 -0.946599 0.000000 0.322413 0.729878 0.729878 0.729878
2960.195962 0.000000 5415.018819 0.000000 -0.634245 0.000000 0.773132 0.847771 0.847771 0.847771
2298.044270 0.000000 5413.496933 0.000000 0.169146 0.000000 0.985591 0.698897 0.698897 0.698897
2308.745047 0.000000 5413.501672 0.000000 -0.984948 0.000000 0.172851 0.840271 0.840271 0.840271
2959.365548 0.000000 5413.987901 0.000000 -0.889751 0.000000 0.456446 0.722056 0.722056 0.722056
2439.412903 0.000000 5411.996594 0.000000 -0.872587 0.000000 0.488458 0.773548 0.773548 0.773548
4886.682587 0.000000 5411.367828 0.000000 -0.932334 0.000000 0.361599 0.694794 0.694794 0.694794
2322.194076 0.000000 5406.263187 0.000000 0.166547 0.000000 0.986033 0.868286 0.868286 0.868286
4622.079756 0.000000 5405.429982 0.000000 -0.930703 0.000000 0.365775 0.669613 0.669613 0.669613
2492.699633 0.000000 5403.033996 0.000000 0.905785 0.000000 0.423737 0.853488 0.853488 0.853488
13962.307820 0.000000 5403.104352 0.000000 -0.611155 0.000000 0.791511 0.855467 0.855467 0.855467
2819.496064 0.000000 5400.565715 0.000000 -0.733477 0.000000 0.679715 0.818569 0.818569 0.818569
1997.762813 0.000000 5397.572164 0.000000 -0.317724 0.000000 0.948183 0.743507 0.743507 0.743507
4626.587775 0.000000 5397.271844 0.000000 -0.606829 0.000000 0.794832 0.784264 0.784264 0.784264
5064.382380 0.000000 5397.551319 0.000000 0.959830 0.000000 0.280581 0.805495 0.805495 0.805495
3076.312529 0.000000 5396.005323 0.000000 0.998093 0.000000 -0.061729 0.667516 0.667516 0.667516
3078.369321 0.000000 5396.848089 0.000000 0.999940 0.000000 0.010960 0.630140 0.630140 0.630140
1991.833435 0.000000 5395.313346 0.000000 0.711711 0.000000 0.702472 0.716349 0.716349 0.716349
2489.968840 0.000000 5395.037848 0.000000 0.180249 0.000000 0.983621 0.649324 0.649324 0.649324
3078.410768 0.000000 5395.062770 0.000000 0.980755 0.000000 0.195245 0.762144 0.762144 0.762144
4623.542097 0.000000 5395.996919 0.000000 -0.653554 0.000000 0.756880 0.745995 0.745995 0.745995
4627.207784 0.000000 5395.061368 0.000000 -0.659186 0.000000 0.751980 0.842537 0.842537 0.842537
6844.360481 0.000000 5394.576302 0.000000 -0.921040 0.000000 0.389467 0.880196 0.880196 0.880196
13676.391127 0.000000 5392.217402 0.000000 0.718779 0.000000 0.695238 0.649456 0.649456 0.649456
13680.193887 0.000000 5384.027567 0.000000 0.304137 0.000000 0.952628 0.630928 0.630928 0.630928
3022.639872 0.000000 5380.548153 0.000000 0.998452 0.000000 0.055619 0.663334 0.663334 0.663334
3024.281827 0.000000 5380.514012 0.000000 0.993704 0.000000 0.112033 0.731471 0.731471 0.731471
6566.315427 0.000000 5379.173315 0.000000 0.987057 0.000000 0.160370 0.756255 0.756255 0.756255
3022.598803 0.000000 5377.342441 0.000000 0.931047 0.000000 0.364898 0.878928 0.878928 0.878928
3091.063471 0.000000 5377.989613 0.000000 -0.637127 0.000000 0.770759 0.647006 0.647006 0.647006
6566.154939 0.000000 5377.208723 0.000000 0.696806 0.000000 0.717259 0.680920 0.680920 0.680920
6570.334071 0.000000 5376.793333 0.000000 0.993182 0.000000 0.116575 0.702862 0.702862 0.702862
6125.975165 0.000000 5375.174081 0.000000 0.997653 0.000000 0.068473 0.827347 0.827347 0.827347
3527.808544 0.000000 5370.254872 0.000000 0.969311 0.000000 0.245836 0.767145 0.767145 0.767145
4596.448856 0.000000 5370.982791 0.000000 0.832479 0.000000 0.554056 0.705613 0.705613 0.705613
4641.937481 0.000000 5368.516924 0.000000 -0.999809 0.000000 0.019522 0.868366 0.868366 0.868366
4644.025845 0.000000 5367.398702 0.000000 -0.994972 0.000000 0.100157 0.809480 0.809480 0.809480
1971.944880 0.000000 5366.516716 0.000000 -0.727892 0.000000 0.685692 0.784131 0.784131 0.784131
6119.511688 0.000000 5364.254731 0.000000 0.831214 0.000000 0.555952 0.686528 0.686528 0.686528
2850.673733 0.000000 5363.287372 0.000000 0.925511 0.000000 0.378721 0.871481 0.871481 0.871481
2945.175368 0.000000 5360.077793 0.000000 -0.597226 0.000000 0.802073 0.735410 0.735410 0.735410
3355.150554 0.000000 5360.209748 0.000000 0.919808 0.000000 0.392368 0.764003 0.764003 0.764003
2786.822120 0.000000 5359.953421 0.000000 -0.480708 0.000000 0.876881 0.817465 0.817465 0.817465
2848.532308 0.000000 5359.827115 0.000000 0.910884 0.000000 0.412663 0.834672 0.834672 0.834672
2945.684329 0.000000 5359.001419 0.000000 -0.625766 0.000000 0.780010 0.753553 0.753553 0.753553
3020.560604 0.000000 5359.364250 0.000000 0.502233 0.000000 0.864733 0.670076 0.670076 0.670076
3354.838993 0.000000 5359.133379 0.000000 0.941646 0.000000 0.336603 0.683784 0.683784 0.683784
3535.227365 0.000000 5359.269666 0.000000 -0.422152 0.000000 0.906525 0.708576 0.708576 0.708576
4596.997648 0.000000 5359.530523 0.000000 0.494717 0.000000 0.869054 0.702732 0.702732 0.702732
4652.158431 0.000000 5359.041278 0.000000 -0.844687 0.000000 0.535261 0.662318 0.662318 0.662318
6118.563752 0.000000 5359.138562 0.000000 0.817627 0.000000 0.575749 0.656442 0.656442 0.656442
2667.504407 0.000000 5357.263892 0.000000 -0.999902 0.000000 -0.013973 0.848243 0.848243 0.848243
2662.089188 0.000000 5355.105133 0.000000 -0.966973 0.000000 0.254878 0.769316 0.769316 0.769316
2933.375097 0.000000 5354.083330 0.000000 0.392851 0.000000 0.919602 0.683847 0.683847 0.683847
2862.990530 0.000000 5352.820041 0.000000 -0.287406 0.000000 0.957809 0.668404 0.668404 0.668404
3368.982113 0.000000 5352.039202 0.000000 -0.363792 0.000000 0.931480 0.836435 0.836435 0.836435
4608.946904 0.000000 5352.799857 0.000000 0.432757 0.000000 0.901511 0.881310 0.881310 0.881310
3526.654184 0.000000 5350.475959 0.000000 -0.367737 0.000000 0.929930 0.746114 0.746114 0.746114
4109.519542 0.000000 5348.349357 0.000000 0.986014 0.000000 0.166662 0.840615 0.840615 0.840615
11895.228651 0.000000 5346.289781 0.000000 -0.464107 0.000000 0.885779 0.688721 0.688721 0.688721
6099.008377 0.000000 5345.012686 0.000000 0.983607 0.000000 0.180325 0.657369 0.657369 0.657369
2665.729595 0.000000 5341.896528 0.000000 0.162484 0.000000 0.986711 0.804425 0.804425 0.804425
3013.125494 0.000000 5341.062931 0.000000 0.987394 0.000000 0.158279 0.652501 0.652501 0.652501
4105.525112 0.000000 5341.931429 0.000000 0.613639 0.000000 0.789587 0.694576 0.694576 0.694576
3204.992733 0.000000 5340.974943 0.000000 -0.904139 0.000000 0.427239 0.642274 0.642274 0.642274
3200.752165 0.000000 5339.540698 0.000000 -0.995380 0.000000 0.096013 0.660706 0.660706 0.660706
13644.908932 0.000000 5339.878718 0.000000 -0.915323 0.000000 0.402719 0.657896 0.657896 0.657896
13825.747411 0.000000 5339.982279 0.000000 -0.479787 0.000000 0.877385 0.720998 0.720998 0.720998
13723.328625 0.000000 5336.305033 0.000000 0.740870 0.000000 0.671648 0.724512 0.724512 0.724512
3297.033437 0.000000 5334.064400 0.000000 -0.973648 0.000000 0.228054 0.712308 0.712308 0.712308
13820.695020 0.000000 5334.914748 0.000000 -0.307082 0.000000 0.951683 0.852624 0.852624 0.852624
13925.693020 0.000000 5334.597214 0.000000 -0.973748 0.000000 0.227628 0.635458 0.635458 0.635458
2705.389489 0.000000 5333.185792 0.000000 0.934134 0.000000 0.356923 0.630483 0.630483 0.630483
13932.370335 0.000000 5333.980693 0.000000 0.995538 0.000000 0.094362 0.698942 0.698942 0.698942
6058.006964 0.000000 5331.838894 0.000000 -0.975337 0.000000 0.220723 0.766116 0.766116 0.766116
6066.618321 0.000000 5331.581231 0.000000 -0.733633 0.000000 0.679546 0.751333 0.751333 0.751333
13853.592510 0.000000 5325.062730 0.000000 0.698400 0.000000 0.715708 0.745155 0.745155 0.745155
2708.459513 0.000000 5323.763900 0.000000 0.393495 0.000000 0.919327 0.872327 0.872327 0.872327
6041.102328 0.000000 5323.880702 0.000000 0.586572 0.000000 0.809897 0.788498 0.788498 0.788498
6614.657542 0.000000 5323.245484 0.000000 0.851600 0.000000 0.524193 0.754502 0.754502 0.754502
13852.776593 0.000000 5323.183139 0.000000 0.576394 0.000000 0.817172 0.666697 0.666697 0.666697
13923.690736 0.000000 5323.500860 0.000000 0.281850 0.000000 0.959458 0.885845 0.885845 0.885845
13860.877752 0.000000 5319.740282 0.000000 -0.188043 0.000000 0.982161 0.860542 0.860542 0.860542
10596.502294 0.000000 5318.575535 0.000000 0.998835 0.000000 0.048248 0.858500 0.858500 0.858500
3120.530716 0.000000 5316.637291 0.000000 0.816644 0.000000 0.577142 0.647174 0.647174 0.647174
2718.708427 0.000000 5314.061767 0.000000 0.513222 0.000000 0.858256 0.885270 0.885270 0.885270
4763.256718 0.000000 5313.359351 0.000000 0.945154 0.000000 0.326624 0.788293 0.788293 0.788293
2988.253661 0.000000 5312.611464 0.000000 0.999921 0.000000 0.012540 0.642350 0.642350 0.642350
13297.897181 0.000000 5310.090568 0.000000 0.936346 0.000000 0.351078 0.668230 0.668230 0.668230
2746.810914 0.000000 5308.048347 0.000000 -0.967059 0.000000 0.254551 0.865659 0.865659 0.865659
2725.478024 0.000000 5305.729821 0.000000 0.327578 0.000000 0.944824 0.786835 0.786835 0.786835
2749.272561 0.000000 5305.279753 0.000000 -0.958756 0.000000 0.284229 0.655861 0.655861 0.655861
2756.833643 0.000000 5305.079869 0.000000 0.991169 0.000000 0.132604 0.707292 0.707292 0.707292
4754.065135 0.000000 5305.198658 0.000000 0.766146 0.000000 0.642666 0.751658 0.751658 0.751658
10593.603306 0.000000 5305.136119 0.000000 0.689058 0.000000 0.724706 0.838441 0.838441 0.838441
13295.043840 0.000000 5305.346933 0.000000 0.913499 0.000000 0.406840 0.807173 0.807173 0.807173
5709.123701 0.000000 5302.476628 0.000000 0.794059 0.000000 0.607841 0.719191 0.719191 0.719191
2988.455765 0.000000 5298.920667 0.000000 0.085061 0.000000 0.996376 0.730186 0.730186 0.730186
3045.317421 0.000000 5295.516422 0.000000 -0.910536 0.000000 0.413429 0.845735 0.845735 0.845735
13306.846753 0.000000 5295.848345 0.000000 -0.234054 0.000000 0.972224 0.708149 0.708149 0.708149
5911.066128 0.000000 5294.551871 0.000000 0.401492 0.000000 0.915862 0.809575 0.809575 0.809575
3260.765939 0.000000 5293.860218 0.000000 -0.336973 0.000000 0.941514 0.859392 0.859392 0.859392
3257.042365 0.000000 5291.862797 0.000000 -0.190853 0.000000 0.981619 0.727047 0.727047 0.727047
3249.848913 0.000000 5287.970010 0.000000 -0.183358 0.000000 0.983046 0.751237 0.751237 0.751237
5909.440714 0.000000 5287.712732 0.000000 0.672066 0.000000 0.740491 0.855557 0.855557 0.855557
4689.457769 0.000000 5286.343087 0.000000 -0.681823 0.000000 0.731518 0.756445 0.756445 0.756445
3034.780631 0.000000 5285.808791 0.000000 0.327048 0.000000 0.945008 0.634691 0.634691 0.634691
4651.254616 0.000000 5282.881963 0.000000 0.874320 0.000000 0.485350 0.709872 0.709872 0.709872
4677.417207 0.000000 5280.741501 0.000000 -0.141704 0.000000 0.989909 0.815165 0.815165 0.815165
13631.520126 0.000000 5277.317081 0.000000 -0.843231 0.000000 0.537552 0.727440 0.727440 0.727440
6674.081902 0.000000 5274.987415 0.000000 0.998827 0.000000 -0.048415 0.694038 0.694038 0.694038
6620.493553 0.000000 5273.958129 0.000000 0.699603 0.000000 0.714531 0.861539 0.861539 0.861539
6620.776270 0.000000 5269.532991 0.000000 0.565428 0.000000 0.824798 0.814272 0.814272 0.814272
6673.886887 0.000000 5269.475472 0.000000 -0.981002 0.000000 0.193998 0.854434 0.854434 0.854434
13627.592612 0.000000 5269.406650 0.000000 -0.557609 0.000000 0.830104 0.716803 0.716803 0.716803
6678.170275 0.000000 5264.103603 0.000000 -0.858686 0.000000 0.512501 0.757172 0.757172 0.757172
6624.059831 0.000000 5262.638107 0.000000 0.485920 0.000000 0.874003 0.808961 0.808961 0.808961
13624.669216 0.000000 5260.974160 0.000000 -0.375944 0.000000 0.926642 0.742544 0.742544 0.742544
6658.658994 0.000000 5259.107372 0.000000 0.765871 0.000000 0.642995 0.665087 0.665087 0.665087
1897.267491 0.000000 5253.947341 0.000000 -0.746019 0.000000 0.665925 0.631905 0.631905 0.631905
5866.241408 0.000000 5253.578738 0.000000 0.999609 0.000000 0.027971 0.862341 0.862341 0.862341
4467.110937 0.000000 5252.025526 0.000000 0.997607 0.000000 -0.069145 0.739045 0.739045 0.739045
1897.278601 0.000000 5251.572751 0.000000 -0.845940 0.000000 0.533279 0.645829 0.645829 0.645829
3834.986217 0.000000 5251.402309 0.000000 0.800014 0.000000 0.599981 0.851688 0.851688 0.851688
4467.291594 0.000000 5251.694918 0.000000 0.995739 0.000000 -0.092220 0.844362 0.844362 0.844362
5863.693206 0.000000 5251.509262 0.000000 0.995549 0.000000 0.094249 0.711065 0.711065 0.711065
1552.021051 0.000000 5248.574903 0.000000 0.971666 0.000000 0.236357 0.755318 0.755318 0.755318
5797.685534 0.000000 5235.480657 0.000000 0.952177 0.000000 0.305547 0.685712 0.685712 0.685712
5847.428022 0.000000 5235.222449 0.000000 -0.170023 0.000000 0.985440 0.803548 0.803548 0.803548
5791.852099 0.000000 5233.175743 0.000000 0.981020 0.000000 0.193907 0.846572 0.846572 0.846572
5841.624000 0.000000 5233.120562 0.000000 -0.128336 0.000000 0.991731 0.877633 0.877633 0.877633
5814.463572 0.000000 5231.916000 0.000000 -0.074345 0.000000 0.997233 0.817366 0.817366 0.817366
1884.286329 0.000000 5229.249283 0.000000 0.231183 0.000000 0.972910 0.638120 0.638120 0.638120
5354.142337 0.000000 5226.988125 0.000000 -0.997485 0.000000 0.070871 0.876104 0.876104 0.876104
6696.829198 0.000000 5225.552546 0.000000 -0.953129 0.000000 0.302564 0.755420 0.755420 0.755420
4531.855893 0.000000 5224.970392 0.000000 -0.993737 0.000000 0.111749 0.856377 0.856377 0.856377
1943.183661 0.000000 5223.026609 0.000000 0.903493 0.000000 0.428602 0.735670 0.735670 0.735670
5776.991880 0.000000 5223.674010 0.000000 -0.318257 0.000000 0.948004 0.720793 0.720793 0.720793
13532.190442 0.000000 5223.504104 0.000000 -0.622695 0.000000 0.782464 0.818842 0.818842 0.818842
4815.217746 0.000000 5222.776786 0.000000 0.964872 0.000000 0.262721 0.660180 0.660180 0.660180
4540.000335 0.000000 5220.994838 0.000000 -0.944886 0.000000 0.327399 0.668777 0.668777 0.668777
4857.660801 0.000000 5220.385876 0.000000 -0.963792 0.000000 0.266656 0.793442 0.793442 0.793442
4860.244701 0.000000 5219.970143 0.000000 -0.952922 0.000000 0.303217 0.855781 0.855781 0.855781
1898.389649 0.000000 5215.622696 0.000000 0.998865 0.000000 -0.047641 0.744042 0.744042 0.744042
1934.262517 0.000000 5215.779754 0.000000 0.984767 0.000000 0.173882 0.837483 0.837483 0.837483
3705.364624 0.000000 5215.646510 0.000000 0.936199 0.000000 0.351471 0.791307 0.791307 0.791307
4816.703795 0.000000 5215.657513 0.000000 0.137999 0.000000 0.990432 0.868287 0.868287 0.868287
6703.921647 0.000000 5215.370545 0.000000 -0.794837 0.000000 0.606823 0.864019 0.864019 0.864019
13531.980529 0.000000 5215.410884 0.000000 -0.419449 0.000000 0.907779 0.645521 0.645521 0.645521
3708.405108 0.000000 5214.456028 0.000000 0.216811 0.000000 0.976214 0.664297 0.664297 0.664297
4899.212383 0.000000 5213.095693 0.000000 0.377260 0.000000 0.926107 0.836585 0.836585 0.836585
4857.022562 0.000000 5212.055217 0.000000 -0.163200 0.000000 0.986593 0.643292 0.643292 0.643292
3767.928341 0.000000 5209.520480 0.000000 0.993771 0.000000 0.111441 0.781719 0.781719 0.781719
3688.422812 0.000000 5203.352405 0.000000 0.913117 0.000000 0.407697 0.829536 0.829536 0.829536
5503.780738 0.000000 5203.931702 0.000000 0.914355 0.000000 0.404913 0.716611 0.716611 0.716611
13345.506904 0.000000 5202.782674 0.000000 0.892192 0.000000 0.451657 0.645511 0.645511 0.645511
3682.942810 0.000000 5197.952404 0.000000 0.857690 0.000000 0.514167 0.869318 0.869318 0.869318
5505.425786 0.000000 5197.842078 0.000000 0.742138 0.000000 0.670247 0.729849 0.729849 0.729849
6675.654197 0.000000 5197.189993 0.000000 0.422851 0.000000 0.906199 0.835219 0.835219 0.835219
6696.994314 0.000000 5197.590794 0.000000 -0.548627 0.000000 0.836067 0.696425 0.696425 0.696425
6695.354111 0.000000 5196.695886 0.000000 -0.726507 0.000000 0.687159 0.873283 0.873283 0.873283
5543.535449 0.000000 5189.080492 0.000000 0.841336 0.000000 0.540513 0.833950 0.833950 0.833950
5544.121186 0.000000 5186.812922 0.000000 0.642971 0.000000 0.765890 0.866064 0.866064 0.866064
5253.317222 0.000000 5184.297003 0.000000 0.885259 0.000000 0.465098 0.807075 0.807075 0.807075
5257.720229 0.000000 5183.308807 0.000000 0.772374 0.000000 0.635168 0.721881 0.721881 0.721881
7068.064771 0.000000 5183.000702 0.000000 -0.953979 0.000000 0.299872 0.812534 0.812534 0.812534
3405.767086 0.000000 5179.858311 0.000000 0.249333 0.000000 0.968418 0.781983 0.781983 0.781983
3638.227488 0.000000 5179.428631 0.000000 0.246445 0.000000 0.969157 0.868672 0.868672 0.868672
5256.113556 0.000000 5179.448046 0.000000 0.583715 0.000000 0.811959 0.658501 0.658501 0.658501
5443.951176 0.000000 5179.650884 0.000000 0.493946 0.000000 0.869493 0.752739 0.752739 0.752739
5497.969202 0.000000 5179.980347 0.000000 -0.702256 0.000000 0.711924 0.863354 0.863354 0.863354
4596.710314 0.000000 5178.411661 0.000000 -0.997274 0.000000 0.073787 0.666884 0.666884 0.666884
1891.069320 0.000000 5173.266202 0.000000 0.885885 0.000000 0.463905 0.812130 0.812130 0.812130
5484.312570 0.000000 5172.214049 0.000000 0.277945 0.000000 0.960597 0.702293 0.702293 0.702293
1889.983888 0.000000 5171.033888 0.000000 0.891803 0.000000 0.452424 0.857279 0.857279 0.857279
1912.302525 0.000000 5171.425316 0.000000 -0.494377 0.000000 0.869247 0.748771 0.748771 0.748771
5459.839844 0.000000 5170.612414 0.000000 -0.629189 0.000000 0.777252 0.700954 0.700954 0.700954
1895.333385 0.000000 5161.525028 0.000000 -0.239618 0.000000 0.970867 0.808225 0.808225 0.808225
3336.159802 0.000000 5161.588899 0.000000 0.809428 0.000000 0.587219 0.748610 0.748610 0.748610
1835.658511 0.000000 5157.209752 0.000000 -0.999109 0.000000 0.042199 0.667907 0.667907 0.667907
1836.685230 0.000000 5157.518258 0.000000 -0.993966 0.000000 0.109691 0.807313 0.807313 0.807313
5283.997133 0.000000 5156.219930 0.000000 0.176641 0.000000 0.984275 0.846196 0.846196 0.846196
1815.185945 0.000000 5154.567171 0.000000 0.933726 0.000000 0.357988 0.660437 0.660437 0.660437
6721.836497 0.000000 5149.327048 0.000000 0.874218 0.000000 0.485533 0.633713 0.633713 0.633713
3328.157996 0.000000 5147.301595 0.000000 0.945661 0.000000 0.325153 0.687438 0.687438 0.687438
4707.048897 0.000000 5147.300890 0.000000 -0.999999 0.000000 -0.001469 0.782736 0.782736 0.782736
6779.701476 0.000000 5144.043830 0.000000 -0.761650 0.000000 0.647989 0.773634 0.773634 0.773634
13485.821770 0.000000 5144.883098 0.000000 -0.874458 0.000000 0.485101 0.781102 0.781102 0.781102
1840.268880 0.000000 5143.427937 0.000000 -0.181430 0.000000 0.983404 0.720012 0.720012 0.720012
4663.756815 0.000000 5143.398764 0.000000 0.871137 0.000000 0.491040 0.839819 0.839819 0.839819
6724.163228 0.000000 5143.932848 0.000000 0.419030 0.000000 0.907972 0.880340 0.880340 0.880340
6779.619673 0.000000 5143.914526 0.000000 -0.866098 0.000000 0.499873 0.678913 0.678913 0.678913
13486.234297 0.000000 5143.606112 0.000000 -0.904789 0.000000 0.425860 0.699043 0.699043 0.699043
4661.196510 0.000000 5141.959545 0.000000 0.785927 0.000000 0.618319 0.871769 0.871769 0.871769
1834.546769 0.000000 5140.796158 0.000000 -0.285509 0.000000 0.958376 0.731191 0.731191 0.731191
6732.515381 0.000000 5138.555464 0.000000 0.230438 0.000000 0.973087 0.687828 0.687828 0.687828
3330.056663 0.000000 5136.976799 0.000000 -0.150021 0.000000 0.988683 0.654320 0.654320 0.654320
6822.234806 0.000000 5134.852825 0.000000 0.906725 0.000000 0.421722 0.660099 0.660099 0.660099
1774.113850 0.000000 5133.008328 0.000000 0.882495 0.000000 0.470322 0.764789 0.764789 0.764789
6821.500539 0.000000 5133.373468 0.000000 0.910320 0.000000 0.413904 0.883753 0.883753 0.883753
13481.352316 0.000000 5133.222574 0.000000 -0.387149 0.000000 0.922017 0.763088 0.763088 0.763088
4810.138615 0.000000 5128.552771 0.000000 0.980124 0.000000 0.198384 0.742256 0.742256 0.742256
1773.535957 0.000000 5125.605347 0.000000 0.854191 0.000000 0.519959 0.722540 0.722540 0.722540
4806.576390 0.000000 5125.141321 0.000000 0.883669 0.000000 0.468112 0.786631 0.786631 0.786631
6756.095266 0.000000 5125.096160 0.000000 0.254051 0.000000 0.967191 0.689385 0.689385 0.689385
6768.459017 0.000000 5125.036158 0.000000 -0.038374 0.000000 0.999263 0.823719 0.823719 0.823719
4804.302075 0.000000 5124.048249 0.000000 0.949717 0.000000 0.313110 0.660162 0.660162 0.660162
4824.801119 0.000000 5122.942079 0.000000 -0.856691 0.000000 0.515830 0.664179 0.664179 0.664179
1698.806112 0.000000 5120.810196 0.000000 -0.994731 0.000000 0.102519 0.854569 0.854569 0.854569
3330.344405 0.000000 5119.641188 0.000000 -0.919722 0.000000 0.392571 0.792087 0.792087 0.792087
6822.956132 0.000000 5115.088835 0.000000 0.259370 0.000000 0.965778 0.880171 0.880171 0.880171
1785.656824 0.000000 5113.245058 0.000000 -0.264587 0.000000 0.964362 0.859673 0.859673 0.859673
5670.664102 0.000000 5113.209906 0.000000 -0.811751 0.000000 0.584004 0.737705 0.737705 0.737705
1710.235458 0.000000 5112.988158 0.000000 -0.973257 0.000000 0.229721 0.790409 0.790409 0.790409
4738.194789 0.000000 5112.919402 0.000000 -0.941470 0.000000 0.337095 0.873204 0.873204 0.873204
3334.344376 0.000000 5107.979612 0.000000 -0.806726 0.000000 0.590926 0.645954 0.645954 0.645954
4742.063271 0.000000 5107.340159 0.000000 -0.913857 0.000000 0.406037 0.666825 0.666825 0.666825
4762.160802 0.000000 5107.263574 0.000000 0.561987 0.000000 0.827146 0.636439 0.636439 0.636439
4826.701935 0.000000 5107.754808 0.000000 -0.894801 0.000000 0.446465 0.845839 0.845839 0.845839
5672.001375 0.000000 5107.434321 0.000000 -0.808124 0.000000 0.589012 0.796826 0.796826 0.796826
3348.186878 0.000000 5105.676345 0.000000 -0.967796 0.000000 0.251737 0.798249 0.798249 0.798249
1696.202971 0.000000 5104.564443 0.000000 0.152870 0.000000 0.988246 0.657660 0.657660 0.657660
5669.583405 0.000000 5102.571804 0.000000 0.410760 0.000000 0.911744 0.727834 0.727834 0.727834
13443.520731 0.000000 5102.628900 0.000000 -0.748621 0.000000 0.662998 0.694178 0.694178 0.694178
4779.324114 0.000000 5101.723456 0.000000 -0.361347 0.000000 0.932431 0.885194 0.885194 0.885194
4823.977255 0.000000 5100.245481 0.000000 0.138483 0.000000 0.990365 0.636378 0.636378 0.636378
3429.596389 0.000000 5094.376964 0.000000 0.886172 0.000000 0.463357 0.766960 0.766960 0.766960
3426.259326 0.000000 5089.868137 0.000000 0.753127 0.000000 0.657875 0.747656 0.747656 0.747656
4754.311164 0.000000 5089.746610 0.000000 -0.707158 0.000000 0.707055 0.653831 0.653831 0.653831
4781.392721 0.000000 5089.127781 0.000000 0.449625 0.000000 0.893217 0.634579 0.634579 0.634579
4808.739008 0.000000 5087.516600 0.000000 0.983521 0.000000 0.180796 0.674725 0.674725 0.674725
13435.497329 0.000000 5085.427007 0.000000 -0.755408 0.000000 0.655255 0.782883 0.782883 0.782883
3415.916190 0.000000 5084.140776 0.000000 0.998853 0.000000 -0.047886 0.873647 0.873647 0.873647
6330.319410 0.000000 5082.322308 0.000000 0.994756 0.000000 0.102275 0.855316 0.855316 0.855316
4741.634652 0.000000 5080.587474 0.000000 -0.897889 0.000000 0.440221 0.812995 0.812995 0.812995
13417.790613 0.000000 5078.798155 0.000000 0.334578 0.000000 0.942368 0.715368 0.715368 0.715368
3404.793156 0.000000 5071.147361 0.000000 -0.890153 0.000000 0.455662 0.720390 0.720390 0.720390
4736.101777 0.000000 5071.734180 0.000000 -0.428549 0.000000 0.903519 0.674228 0.674228 0.674228
7113.300565 0.000000 5070.118255 0.000000 0.971652 0.000000 0.236417 0.668427 0.668427 0.668427
7109.304480 0.000000 5067.115295 0.000000 0.994225 0.000000 0.107319 0.688793 0.688793 0.688793
4733.377251 0.000000 5065.189495 0.000000 -0.553477 0.000000 0.832865 0.660406 0.660406 0.660406
5607.155747 0.000000 5055.748371 0.000000 0.899634 0.000000 0.436644 0.660720 0.660720 0.660720
3404.255516 0.000000 5049.870849 0.000000 -0.916700 0.000000 0.399576 0.638111 0.638111 0.638111
5649.395321 0.000000 5047.732744 0.000000 -0.963754 0.000000 0.266793 0.719842 0.719842 0.719842
3424.432364 0.000000 5046.245445 0.000000 0.999707 0.000000 -0.024202 0.732225 0.732225 0.732225
5617.238669 0.000000 5044.856286 0.000000 0.161961 0.000000 0.986797 0.665888 0.665888 0.665888
10518.912305 0.000000 5041.051878 0.000000 0.982923 0.000000 0.184017 0.746497 0.746497 0.746497
3389.860312 0.000000 5039.147555 0.000000 0.760686 0.000000 0.649120 0.808467 0.808467 0.808467
3353.567583 0.000000 5037.356522 0.000000 0.575720 0.000000 0.817647 0.794853 0.794853 0.794853
3353.521311 0.000000 5035.933278 0.000000 0.668114 0.000000 0.744059 0.735519 0.735519 0.735519
3387.042499 0.000000 5035.006178 0.000000 0.853365 0.000000 0.521314 0.698177 0.698177 0.698177
3404.074207 0.000000 5035.623129 0.000000 -0.523831 0.000000 0.851822 0.682214 0.682214 0.682214
3422.783006 0.000000 5035.077586 0.000000 0.499326 0.000000 0.866414 0.745972 0.745972 0.745972
3367.090335 0.000000 5032.286033 0.000000 -0.991437 0.000000 0.130586 0.699898 0.699898 0.699898
4659.911872 0.000000 5032.993628 0.000000 0.999954 0.000000 0.009597 0.823878 0.823878 0.823878
4662.181540 0.000000 5032.914629 0.000000 -0.999276 0.000000 -0.038038 0.695177 0.695177 0.695177
1426.340203 0.000000 5031.559256 0.000000 -0.290352 0.000000 0.956920 0.782181 0.782181 0.782181
6868.091464 0.000000 5030.110092 0.000000 0.663481 0.000000 0.748193 0.791971 0.791971 0.791971
1420.064125 0.000000 5029.913987 0.000000 -0.191950 0.000000 0.981405 0.843130 0.843130 0.843130
4688.945699 0.000000 5028.605221 0.000000 -0.165784 0.000000 0.986162 0.732642 0.732642 0.732642
1403.170983 0.000000 5025.262641 0.000000 -0.178759 0.000000 0.983893 0.777859 0.777859 0.777859
11758.831545 0.000000 5023.160383 0.000000 -0.814221 0.000000 0.580555 0.887305 0.887305 0.887305
10499.898034 0.000000 5019.704002 0.000000 0.929219 0.000000 0.369530 0.861231 0.861231 0.861231
11752.630015 0.000000 5018.360777 0.000000 -0.011913 0.000000 0.999929 0.857764 0.857764 0.857764
3356.753171 0.000000 5017.892231 0.000000 0.572232 0.000000 0.820091 0.880756 0.880756 0.880756
3366.676493 0.000000 5017.419531 0.000000 -0.555822 0.000000 0.831301 0.755855 0.755855 0.755855
3420.513557 0.000000 5017.468459 0.000000 0.743147 0.000000 0.669128 0.851727 0.851727 0.851727
10497.144968 0.000000 5017.408430 0.000000 0.848817 0.000000 0.528686 0.822837 0.822837 0.822837
1864.177191 0.000000 5015.515278 0.000000 0.987333 0.000000 0.158661 0.749106 0.749106 0.749106
1872.859855 0.000000 5014.696690 0.000000 -0.956352 0.000000 0.292218 0.831678 0.831678 0.831678
3419.946429 0.000000 5012.037061 0.000000 0.768969 0.000000 0.639286 0.856897 0.856897 0.856897
1347.280226 0.000000 5002.585378 0.000000 0.731057 0.000000 0.682317 0.809788 0.809788 0.809788
1359.529243 0.000000 5000.505242 0.000000 -0.235771 0.000000 0.971809 0.770224 0.770224 0.770224
6628.064185 0.000000 5000.157954 0.000000 -0.993558 0.000000 0.113328 0.875593 0.875593 0.875593
1348.309426 0.000000 4999.081858 0.000000 0.493299 0.000000 0.869860 0.692205 0.692205 0.692205
1358.359263 0.000000 4999.862938 0.000000 -0.292105 0.000000 0.956386 0.808295 0.808295 0.808295
3384.205574 0.000000 4988.041221 0.000000 -0.995999 0.000000 0.089362 0.806443 0.806443 0.806443
6170.080921 0.000000 4988.974712 0.000000 0.996418 0.000000 0.084568 0.852959 0.852959 0.852959
10474.654462 0.000000 4988.823352 0.000000 0.966924 0.000000 0.255063 0.641961 0.641961 0.641961
10476.592885 0.000000 4988.086262 0.000000 0.999552 0.000000 0.029928 0.734700 0.734700 0.734700
3381.432629 0.000000 4981.698850 0.000000 0.401169 0.000000 0.916004 0.795404 0.795404 0.795404
10470.077784 0.000000 4981.135727 0.000000 0.661907 0.000000 0.749586 0.714044 0.714044 0.714044
3384.798999 0.000000 4979.619817 0.000000 0.486737 0.000000 0.873549 0.798482 0.798482 0.798482
6674.527884 0.000000 4968.274862 0.000000 0.991598 0.000000 0.129358 0.785678 0.785678 0.785678
6678.691538 0.000000 4966.786124 0.000000 -0.803332 0.000000 0.595532 0.777471 0.777471 0.777471
4770.478602 0.000000 4965.927365 0.000000 -0.561967 0.000000 0.827159 0.790737 0.790737 0.790737
1308.446377 0.000000 4963.551186 0.000000 -0.660480 0.000000 0.750844 0.797617 0.797617 0.797617
4770.233151 0.000000 4963.945898 0.000000 -0.685332 0.000000 0.728231 0.658739 0.658739 0.658739
10452.406273 0.000000 4961.202920 0.000000 0.998144 0.000000 0.060891 0.763284 0.763284 0.763284
6720.962044 0.000000 4954.705072 0.000000 -0.982730 0.000000 0.185046 0.733224 0.733224 0.733224
4129.152232 0.000000 4945.789221 0.000000 -0.579173 0.000000 0.815205 0.752181 0.752181 0.752181
5057.695182 0.000000 4939.443232 0.000000 0.896423 0.000000 0.443199 0.830151 0.830151 0.830151
5011.509552 0.000000 4936.296132 0.000000 0.694182 0.000000 0.719800 0.789554 0.789554 0.789554
5022.967318 0.000000 4934.038967 0.000000 -0.999702 0.000000 0.024422 0.681263 0.681263 0.681263
4812.917115 0.000000 4930.087423 0.000000 0.970395 0.000000 0.241522 0.715822 0.715822 0.715822
6750.814688 0.000000 4919.756422 0.000000 -0.912659 0.000000 0.408722 0.670277 0.670277 0.670277
1960.388184 0.000000 4917.971448 0.000000 -0.973778 0.000000 0.227498 0.827613 0.827613 0.827613
3726.389522 0.000000 4912.637529 0.000000 0.981393 0.000000 0.192012 0.883201 0.883201 0.883201
6115.401711 0.000000 4912.241603 0.000000 0.999866 0.000000 0.016376 0.735246 0.735246 0.735246
3731.919185 0.000000 4909.157206 0.000000 0.999489 0.000000 0.031952 0.629208 0.629208 0.629208
6074.543739 0.000000 4899.307333 0.000000 0.936597 0.000000 0.350408 0.773425 0.773425 0.773425
3388.910105 0.000000 4895.841232 0.000000 0.379531 0.000000 0.925179 0.835824 0.835824 0.835824
1270.236862 0.000000 4893.700294 0.000000 -0.725861 0.000000 0.687841 0.813267 0.813267 0.813267
5149.888616 0.000000 4893.406788 0.000000 -0.983660 0.000000 0.180037 0.860042 0.860042 0.860042
3443.909995 0.000000 4892.362170 0.000000 0.999895 0.000000 0.014502 0.881677 0.881677 0.881677
6774.944045 0.000000 4892.588010 0.000000 -0.993578 0.000000 -0.113151 0.799188 0.799188 0.799188
3395.350571 0.000000 4891.414101 0.000000 0.227345 0.000000 0.973814 0.753070 0.753070 0.753070
3443.733026 0.000000 4891.947012 0.000000 0.999998 0.000000 0.001777 0.798436 0.798436 0.798436
3465.621763 0.000000 4891.580419 0.000000 0.286101 0.000000 0.958200 0.734975 0.734975 0.734975
5151.693120 0.000000 4891.852152 0.000000 -0.919964 0.000000 0.392004 0.714187 0.714187 0.714187
6773.241612 0.000000 4891.027974 0.000000 0.991994 0.000000 0.126284 0.717742 0.717742 0.717742
1735.587720 0.000000 4885.396860 0.000000 0.979237 0.000000 0.202717 0.634910 0.634910 0.634910
2015.556760 0.000000 4884.319457 0.000000 0.751398 0.000000 0.659849 0.715336 0.715336 0.715336
6048.621214 0.000000 4869.117649 0.000000 0.980018 0.000000 0.198909 0.835193 0.835193 0.835193
3487.067183 0.000000 4855.520421 0.000000 0.513261 0.000000 0.858232 0.696321 0.696321 0.696321
3492.200361 0.000000 4850.048766 0.000000 0.320209 0.000000 0.947347 0.630140 0.630140 0.630140
1606.123233 0.000000 4842.119737 0.000000 0.915526 0.000000 0.402260 0.774897 0.774897 0.774897
1307.852793 0.000000 4839.830774 0.000000 -0.959333 0.000000 0.282276 0.825225 0.825225 0.825225
1309.249771 0.000000 4837.416604 0.000000 -0.973948 0.000000 0.226771 0.865121 0.865121 0.865121
3491.069960 0.000000 4837.673476 0.000000 0.653799 0.000000 0.756668 0.698543 0.698543 0.698543
3494.423668 0.000000 4837.254053 0.000000 0.875507 0.000000 0.483205 0.849288 0.849288 0.849288
6046.082945 0.000000 4837.227066 0.000000 0.975884 0.000000 0.218291 0.880917 0.880917 0.880917
6048.260462 0.000000 4837.552497 0.000000 0.979955 0.000000 0.199221 0.645141 0.645141 0.645141
1314.912203 0.000000 4834.161684 0.000000 -0.977266 0.000000 0.212019 0.721097 0.721097 0.721097
6072.929633 0.000000 4834.261409 0.000000 -0.911910 0.000000 0.410391 0.778456 0.778456 0.778456
1598.120373 0.000000 4833.688110 0.000000 0.972387 0.000000 0.233375 0.755893 0.755893 0.755893
6087.258464 0.000000 4827.814451 0.000000 -0.132077 0.000000 0.991239 0.879895 0.879895 0.879895
2051.957217 0.000000 4826.148847 0.000000 0.815109 0.000000 0.579308 0.633679 0.633679 0.633679
3843.315555 0.000000 4822.935964 0.000000 -0.360055 0.000000 0.932931 0.691983 0.691983 0.691983
11612.695851 0.000000 4821.167019 0.000000 -0.826529 0.000000 0.562895 0.839294 0.839294 0.839294
3833.589859 0.000000 4820.055152 0.000000 0.448833 0.000000 0.893615 0.773485 0.773485 0.773485
1328.234089 0.000000 4819.042231 0.000000 -0.858548 0.000000 0.512733 0.825293 0.825293 0.825293
3496.012327 0.000000 4819.001608 0.000000 0.663089 0.000000 0.748541 0.776656 0.776656 0.776656
3834.834137 0.000000 4819.764644 0.000000 0.137173 0.000000 0.990547 0.640673 0.640673 0.640673
11612.560021 0.000000 4819.540621 0.000000 -0.670108 0.000000 0.742263 0.838074 0.838074 0.838074
1332.092578 0.000000 4813.805964 0.000000 -0.859964 0.000000 0.510354 0.729717 0.729717 0.729717
6113.236052 0.000000 4812.022772 0.000000 0.407782 0.000000 0.913080 0.768197 0.768197 0.768197
2075.682703 0.000000 4809.733143 0.000000 -0.988379 0.000000 0.152008 0.773095 0.773095 0.773095
2069.748385 0.000000 4807.267369 0.000000 0.962428 0.000000 0.271537 0.653622 0.653622 0.653622
5138.241134 0.000000 4807.184435 0.000000 -0.836201 0.000000 0.548423 0.863475 0.863475 0.863475
6129.932456 0.000000 4806.010111 0.000000 -0.633105 0.000000 0.774066 0.766261 0.766261 0.766261
6856.316651 0.000000 4805.318325 0.000000 0.997934 0.000000 0.064248 0.792915 0.792915 0.792915
2236.801835 0.000000 4804.857067 0.000000 0.951160 0.000000 0.308700 0.706883 0.706883 0.706883
6858.524424 0.000000 4804.313252 0.000000 -0.990155 0.000000 0.139972 0.752706 0.752706 0.752706
1317.843600 0.000000 4801.903683 0.000000 0.626627 0.000000 0.779320 0.764705 0.764705 0.764705
1335.872361 0.000000 4801.840823 0.000000 -0.676481 0.000000 0.736460 0.764863 0.764863 0.764863
2077.355369 0.000000 4801.725833 0.000000 -0.710251 0.000000 0.703948 0.718203 0.718203 0.718203
2234.428947 0.000000 4801.700574 0.000000 0.875903 0.000000 0.482487 0.820982 0.820982 0.820982
5705.826786 0.000000 4801.868683 0.000000 0.371548 0.000000 0.928414 0.879568 0.879568 0.879568
5706.637924 0.000000 4801.592491 0.000000 0.268518 0.000000 0.963275 0.855690 0.855690 0.855690
6862.972264 0.000000 4801.472175 0.000000 -0.883999 0.000000 0.467488 0.783154 0.783154 0.783154
11611.473923 0.000000 4784.574711 0.000000 -0.975394 0.000000 0.220471 0.813744 0.813744 0.813744
1319.292612 0.000000 4783.820189 0.000000 0.867505 0.000000 0.497428 0.650887 0.650887 0.650887
3558.670538 0.000000 4783.011266 0.000000 -0.135485 0.000000 0.990779 0.679817 0.679817 0.679817
3948.276216 0.000000 4783.454182 0.000000 0.594764 0.000000 0.803901 0.735308 0.735308 0.735308
11613.380418 0.000000 4783.378414 0.000000 -0.881586 0.000000 0.472023 0.867563 0.867563 0.867563
1590.018562 0.000000 4782.373533 0.000000 0.859222 0.000000 0.511603 0.826745 0.826745 0.826745
2332.217359 0.000000 4782.723271 0.000000 -0.959661 0.000000 0.281160 0.658685 0.658685 0.658685
3504.583678 0.000000 4777.482452 0.000000 0.945422 0.000000 0.325848 0.701003 0.701003 0.701003
1313.270529 0.000000 4775.471153 0.000000 0.950208 0.000000 0.311617 0.857149 0.857149 0.857149
5670.196554 0.000000 4770.186205 0.000000 0.927238 0.000000 0.374473 0.818351 0.818351 0.818351
1295.173784 0.000000 4767.450512 0.000000 0.999945 0.000000 -0.010479 0.820593 0.820593 0.820593
3859.068236 0.000000 4767.577726 0.000000 0.569859 0.000000 0.821743 0.657080 0.657080 0.657080
1293.688662 0.000000 4765.664269 0.000000 0.956219 0.000000 0.292651 0.840922 0.840922 0.840922
1297.654101 0.000000 4765.795059 0.000000 0.955143 0.000000 0.296145 0.662914 0.662914 0.662914
2336.476621 0.000000 4765.891864 0.000000 -0.464450 0.000000 0.885599 0.755010 0.755010 0.755010
3860.442912 0.000000 4765.319934 0.000000 0.425270 0.000000 0.905067 0.883124 0.883124 0.883124
3870.695944 0.000000 4760.892776 0.000000 -0.065616 0.000000 0.997845 0.745213 0.745213 0.745213
6034.117756 0.000000 4760.817596 0.000000 0.993474 0.000000 0.114058 0.684187 0.684187 0.684187
6029.346670 0.000000 4757.711668 0.000000 0.964359 0.000000 0.264599 0.887238 0.887238 0.887238
6885.371780 0.000000 4756.855014 0.000000 0.994668 0.000000 -0.103126 0.725899 0.725899 0.725899
7112.671408 0.000000 4756.877789 0.000000 0.842488 0.000000 0.538715 0.751987 0.751987 0.751987
5605.390051 0.000000 4747.312620 0.000000 0.692304 0.000000 0.721606 0.866778 0.866778 0.866778
7112.930125 0.000000 4747.157878 0.000000 0.662858 0.000000 0.748745 0.670607 0.670607 0.670607
7146.527070 0.000000 4744.092953 0.000000 -0.919723 0.000000 0.392567 0.802648 0.802648 0.802648
7176.942102 0.000000 4744.667747 0.000000 0.955801 0.000000 0.294014 0.800048 0.800048 0.800048
5632.231904 0.000000 4741.081425 0.000000 -0.392734 0.000000 0.919652 0.668958 0.668958 0.668958
2143.487265 0.000000 4740.160900 0.000000 0.998844 0.000000 0.048068 0.788444 0.788444 0.788444
10381.038160 0.000000 4733.783720 0.000000 0.929253 0.000000 0.369445 0.747489 0.747489 0.747489
6005.420902 0.000000 4730.537116 0.000000 0.889419 0.000000 0.457094 0.869411 0.869411 0.869411
7128.148851 0.000000 4730.318000 0.000000 0.185188 0.000000 0.982703 0.629862 0.629862 0.629862
6005.828451 0.000000 4729.939041 0.000000 0.906730 0.000000 0.421712 0.656557 0.656557 0.656557
7131.433752 0.000000 4729.876021 0.000000 -0.146875 0.000000 0.989155 0.654595 0.654595 0.654595
7150.319900 0.000000 4729.206227 0.000000 -0.736044 0.000000 0.676934 0.886603 0.886603 0.886603
7173.270073 0.000000 4729.725309 0.000000 0.527038 0.000000 0.849842 0.683650 0.683650 0.683650
7182.062756 0.000000 4725.707203 0.000000 0.065051 0.000000 0.997882 0.741913 0.741913 0.741913
10356.544266 0.000000 4725.470726 0.000000 0.981366 0.000000 0.192148 0.818781 0.818781 0.818781
5598.079000 0.000000 4719.287063 0.000000 0.999972 0.000000 0.007475 0.658290 0.658290 0.658290
5635.771470 0.000000 4713.693007 0.000000 0.999090 0.000000 -0.042648 0.692178 0.692178 0.692178
5636.078749 0.000000 4711.894962 0.000000 0.999334 0.000000 0.036484 0.832620 0.832620 0.832620
10324.296365 0.000000 4709.930126 0.000000 0.993678 0.000000 0.112267 0.857687 0.857687 0.857687
5082.702387 0.000000 4708.880984 0.000000 0.998759 0.000000 -0.049798 0.713089 0.713089 0.713089
5592.705224 0.000000 4708.502860 0.000000 0.783094 0.000000 0.621903 0.794781 0.794781 0.794781
1565.994498 0.000000 4707.938359 0.000000 0.975102 0.000000 0.221755 0.659121 0.659121 0.659121
3519.699740 0.000000 4699.460350 0.000000 -0.549479 0.000000 0.835507 0.776867 0.776867 0.776867
3494.641135 0.000000 4698.384964 0.000000 0.328796 0.000000 0.944401 0.751893 0.751893 0.751893
3564.732737 0.000000 4698.143166 0.000000 0.998816 0.000000 0.048645 0.646238 0.646238 0.646238
10946.865907 0.000000 4698.297059 0.000000 -0.166628 0.000000 0.986020 0.794596 0.794596 0.794596
10978.948397 0.000000 4698.044791 0.000000 0.906619 0.000000 0.421949 0.739582 0.739582 0.739582
3563.927732 0.000000 4697.871367 0.000000 0.993726 0.000000 0.111840 0.761780 0.761780 0.761780
10937.853735 0.000000 4696.443372 0.000000 -0.633855 0.000000 0.773452 0.784818 0.784818 0.784818
10984.220608 0.000000 4696.632994 0.000000 -0.124848 0.000000 0.992176 0.860423 0.860423 0.860423
5998.759592 0.000000 4694.417191 0.000000 0.669402 0.000000 0.742901 0.696596 0.696596 0.696596
1591.792004 0.000000 4693.292383 0.000000 -0.889450 0.000000 0.457032 0.851466 0.851466 0.851466
3501.493259 0.000000 4693.482476 0.000000 0.409513 0.000000 0.912304 0.790646 0.790646 0.790646
3511.750590 0.000000 4693.295148 0.000000 -0.425339 0.000000 0.905034 0.753281 0.753281 0.753281
3559.829292 0.000000 4693.058757 0.000000 0.891075 0.000000 0.453856 0.842758 0.842758 0.842758
5998.082691 0.000000 4693.883520 0.000000 0.693079 0.000000 0.720862 0.825443 0.825443 0.825443
7196.289324 0.000000 4693.895127 0.000000 0.493912 0.000000 0.869512 0.644414 0.644414 0.644414
7200.418750 0.000000 4693.587857 0.000000 0.634509 0.000000 0.772915 0.855519 0.855519 0.855519
10937.116375 0.000000 4693.210825 0.000000 -0.464826 0.000000 0.885402 0.676255 0.676255 0.676255
10971.393222 0.000000 4693.447128 0.000000 0.702031 0.000000 0.712146 0.765962 0.765962 0.765962
10982.404928 0.000000 4693.724195 0.000000 -0.116888 0.000000 0.993145 0.687934 0.687934 0.687934
11616.154784 0.000000 4693.443805 0.000000 -0.800406 0.000000 0.599458 0.719606 0.719606 0.719606
5089.751975 0.000000 4690.728962 0.000000 -0.758660 0.000000 0.651487 0.817702 0.817702 0.817702
2728.442815 0.000000 4689.988973 0.000000 0.983372 0.000000 0.181601 0.784421 0.784421 0.784421
2736.564391 0.000000 4689.623875 0.000000 -0.933398 0.000000 0.358843 0.740493 0.740493 0.740493
10924.901451 0.000000 4688.416561 0.000000 0.260639 0.000000 0.965436 0.802316 0.802316 0.802316
10299.191793 0.000000 4686.923748 0.000000 0.999334 0.000000 0.036493 0.774836 0.774836 0.774836
991.430287 0.000000 4680.713196 0.000000 0.994390 0.000000 0.105777 0.887297 0.887297 0.887297
989.783080 0.000000 4677.253205 0.000000 0.910854 0.000000 0.412728 0.724217 0.724217 0.724217
2441.873091 0.000000 4677.270588 0.000000 0.999627 0.000000 0.027293 0.746648 0.746648 0.746648
988.403064 0.000000 4675.085567 0.000000 0.810858 0.000000 0.585243 0.848663 0.848663 0.848663
2498.934886 0.000000 4675.107305 0.000000 0.935718 0.000000 0.352750 0.647707 0.647707 0.647707
2514.123847 0.000000 4675.158453 0.000000 -0.774668 0.000000 0.632368 0.786676 0.786676 0.786676
2720.367200 0.000000 4675.162676 0.000000 0.649717 0.000000 0.760176 0.816269 0.816269 0.816269
4090.789156 0.000000 4675.699117 0.000000 0.365247 0.000000 0.930911 0.857043 0.857043 0.857043
10296.751787 0.000000 4675.110368 0.000000 0.856318 0.000000 0.516450 0.783805 0.783805 0.783805
10295.136986 0.000000 4674.179644 0.000000 0.837233 0.000000 0.546847 0.635360 0.635360 0.635360
2448.602207 0.000000 4673.953819 0.000000 -0.980165 0.000000 0.198183 0.632759 0.632759 0.632759
3556.096604 0.000000 4672.258965 0.000000 0.846504 0.000000 0.532383 0.764797 0.764797 0.764797
5088.997338 0.000000 4668.839988 0.000000 -0.602988 0.000000 0.797750 0.721685 0.721685 0.721685
3095.679609 0.000000 4666.409901 0.000000 -0.885735 0.000000 0.464192 0.700420 0.700420 0.700420
1414.216206 0.000000 4659.046494 0.000000 0.962373 0.000000 0.271731 0.788151 0.788151 0.788151
11094.307321 0.000000 4659.727260 0.000000 0.863136 0.000000 0.504972 0.773973 0.773973 0.773973
1413.364900 0.000000 4657.903967 0.000000 0.915634 0.000000 0.402013 0.882960 0.882960 0.882960
5083.681170 0.000000 4657.271727 0.000000 -0.162188 0.000000 0.986760 0.666691 0.666691 0.666691
11092.740653 0.000000 4657.818271 0.000000 0.709602 0.000000 0.704602 0.877274 0.877274 0.877274
2920.890530 0.000000 4655.794163 0.000000 0.516296 0.000000 0.856410 0.682213 0.682213 0.682213
5848.298420 0.000000 4654.188635 0.000000 0.966267 0.000000 0.257543 0.751018 0.751018 0.751018
5850.422910 0.000000 4654.499929 0.000000 0.994740 0.000000 0.102430 0.634748 0.634748 0.634748
4159.932098 0.000000 4648.380344 0.000000 0.693588 0.000000 0.720371 0.771022 0.771022 0.771022
5868.579692 0.000000 4648.468551 0.000000 -0.926884 0.000000 0.375348 0.646939 0.646939 0.646939
2537.977044 0.000000 4647.084416 0.000000 -0.935189 0.000000 0.354150 0.839953 0.839953 0.839953
2538.975524 0.000000 4647.898942 0.000000 -0.935306 0.000000 0.353841 0.715214 0.715214 0.715214
7283.778604 0.000000 4645.915797 0.000000 -0.524862 0.000000 0.851187 0.863566 0.863566 0.863566
5500.637474 0.000000 4642.249969 0.000000 0.998757 0.000000 0.049840 0.856054 0.856054 0.856054
11114.996389 0.000000 4642.061507 0.000000 0.642707 0.000000 0.766113 0.713697 0.713697 0.713697
11606.029017 0.000000 4641.665850 0.000000 -0.839030 0.000000 0.544086 0.856195 0.856195 0.856195
3261.405711 0.000000 4640.875024 0.000000 -0.997765 0.000000 0.066826 0.846045 0.846045 0.846045
2541.005737 0.000000 4639.252898 0.000000 -0.458207 0.000000 0.888846 0.756114 0.756114 0.756114
3263.579549 0.000000 4639.040046 0.000000 -0.990863 0.000000 0.134874 0.789338 0.789338 0.789338
5495.972678 0.000000 4639.663481 0.000000 0.947547 0.000000 0.319618 0.643582 0.643582 0.643582
5875.729595 0.000000 4639.246583 0.000000 -0.933320 0.000000 0.359047 0.848356 0.848356 0.848356
7279.738470 0.000000 4639.330387 0.000000 -0.217651 0.000000 0.976027 0.798057 0.798057 0.798057
11114.846348 0.000000 4639.605778 0.000000 0.536650 0.000000 0.843805 0.856406 0.856406 0.856406
11606.915285 0.000000 4639.955978 0.000000 -0.709392 0.000000 0.704814 0.868670 0.868670 0.868670
4032.607733 0.000000 4628.021987 0.000000 -0.675913 0.000000 0.736982 0.776028 0.776028 0.776028
7254.496335 0.000000 4628.029059 0.000000 -0.941184 0.000000 0.337894 0.672660 0.672660 0.672660
6999.685881 0.000000 4625.728874 0.000000 0.999983 0.000000 0.005864 0.792741 0.792741 0.792741
4031.748290 0.000000 4624.050385 0.000000 -0.201801 0.000000 0.979427 0.685591 0.685591 0.685591
7002.978879 0.000000 4624.657318 0.000000 -0.986132 0.000000 0.165961 0.708826 0.708826 0.708826
5893.898131 0.000000 4621.070457 0.000000 0.750234 0.000000 0.661173 0.750617 0.750617 0.750617
5907.171554 0.000000 4621.352885 0.000000 -0.783139 0.000000 0.621847 0.847194 0.847194 0.847194
5922.647366 0.000000 4621.390641 0.000000 -0.971647 0.000000 0.236437 0.662947 0.662947 0.662947
7005.174369 0.000000 4621.744999 0.000000 -0.922093 0.000000 0.386968 0.710007 0.710007 0.710007
11121.858113 0.000000 4621.639538 0.000000 0.843453 0.000000 0.537204 0.712922 0.712922 0.712922
7326.230268 0.000000 4614.358557 0.000000 -0.995666 0.000000 0.093002 0.761524 0.761524 0.761524
1412.633448 0.000000 4613.516919 0.000000 0.978363 0.000000 0.206896 0.749268 0.749268 0.749268
6007.709785 0.000000 4606.673688 0.000000 0.647413 0.000000 0.762139 0.824188 0.824188 0.824188
1406.519529 0.000000 4603.339144 0.000000 0.807835 0.000000 0.589409 0.721160 0.721160 0.721160
5114.749453 0.000000 4603.447517 0.000000 0.928516 0.000000 0.371291 0.640829 0.640829 0.640829
10266.224426 0.000000 4602.770139 0.000000 0.998821 0.000000 -0.048547 0.836549 0.836549 0.836549
4158.293603 0.000000 4598.354787 0.000000 -0.998094 0.000000 0.061713 0.687423 0.687423 0.687423
5130.648304 0.000000 4598.283075 0.000000 -0.831091 0.000000 0.556136 0.786844 0.786844 0.786844
5933.414281 0.000000 4585.580996 0.000000 -0.888307 0.000000 0.459250 0.725566 0.725566 0.725566
6014.703311 0.000000 4584.362579 0.000000 0.741550 0.000000 0.670897 0.809043 0.809043 0.809043
1799.326317 0.000000 4583.207977 0.000000 0.229364 0.000000 0.973341 0.713337 0.713337 0.713337
1803.226410 0.000000 4582.109838 0.000000 0.103778 0.000000 0.994600 0.763373 0.763373 0.763373
10255.663604 0.000000 4582.198450 0.000000 0.946517 0.000000 0.322653 0.770555 0.770555 0.770555
4119.715593 0.000000 4579.917285 0.000000 0.922519 0.000000 0.385951 0.866092 0.866092 0.866092
4122.923670 0.000000 4579.465429 0.000000 0.997587 0.000000 0.069430 0.786571 0.786571 0.786571
11119.544864 0.000000 4572.840455 0.000000 0.763916 0.000000 0.645316 0.630429 0.630429 0.630429
4112.494748 0.000000 4567.470117 0.000000 0.724560 0.000000 0.689211 0.711089 0.711089 0.711089
5155.426998 0.000000 4567.453579 0.000000 -0.670306 0.000000 0.742085 0.853362 0.853362 0.853362
11120.307607 0.000000 4567.724849 0.000000 0.599759 0.000000 0.800181 0.701484 0.701484 0.701484
1410.195330 0.000000 4566.425127 0.000000 0.950294 0.000000 0.311355 0.633360 0.633360 0.633360
5945.813237 0.000000 4562.844557 0.000000 -0.999905 0.000000 0.013809 0.760719 0.760719 0.760719
7035.058924 0.000000 4560.015647 0.000000 -0.888362 0.000000 0.459144 0.694833 0.694833 0.694833
11588.536100 0.000000 4559.315420 0.000000 -0.731795 0.000000 0.681525 0.752156 0.752156 0.752156
7038.959182 0.000000 4555.725325 0.000000 -0.781486 0.000000 0.623923 0.745080 0.745080 0.745080
1839.467296 0.000000 4551.782799 0.000000 0.609130 0.000000 0.793070 0.794818 0.794818 0.794818
1242.193618 0.000000 4549.547932 0.000000 0.737274 0.000000 0.675593 0.800386 0.800386 0.800386
1839.858335 0.000000 4549.173722 0.000000 0.609287 0.000000 0.792950 0.709771 0.709771 0.709771
6037.350074 0.000000 4549.224809 0.000000 0.922154 0.000000 0.386822 0.857177 0.857177 0.857177
7038.729759 0.000000 4549.771749 0.000000 -0.505724 0.000000 0.862695 0.743815 0.743815 0.743815
7037.163975 0.000000 4548.966009 0.000000 -0.528961 0.000000 0.848646 0.717116 0.717116 0.717116
1241.418668 0.000000 4547.337041 0.000000 0.786564 0.000000 0.617509 0.804084 0.804084 0.804084
5136.207712 0.000000 4543.361388 0.000000 -0.747977 0.000000 0.663725 0.759523 0.759523 0.759523
5122.341904 0.000000 4539.492866 0.000000 0.668895 0.000000 0.743357 0.718578 0.718578 0.718578
6048.650187 0.000000 4534.243990 0.000000 -0.015957 0.000000 0.999873 0.722125 0.722125 0.722125
1884.333344 0.000000 4533.312936 0.000000 0.790893 0.000000 0.611954 0.878023 0.878023 0.878023
5952.261376 0.000000 4533.051087 0.000000 0.998565 0.000000 0.053558 0.820368 0.820368 0.820368
1884.159053 0.000000 4531.939236 0.000000 0.805051 0.000000 0.593206 0.746692 0.746692 0.746692
5121.268247 0.000000 4531.985618 0.000000 0.634256 0.000000 0.773123 0.715949 0.715949 0.715949
5138.775679 0.000000 4531.657818 0.000000 -0.532749 0.000000 0.846273 0.761223 0.761223 0.761223
5950.966143 0.000000 4531.920492 0.000000 -0.989595 0.000000 0.143883 0.881332 0.881332 0.881332
6046.663644 0.000000 4531.234427 0.000000 0.767437 0.000000 0.641125 0.688015 0.688015 0.688015
6050.708430 0.000000 4531.412441 0.000000 -0.921019 0.000000 0.389518 0.735039 0.735039 0.735039
1895.382354 0.000000 4530.020482 0.000000 -0.629328 0.000000 0.777140 0.840670 0.840670 0.840670
1918.365023 0.000000 4525.447439 0.000000 -0.455946 0.000000 0.890008 0.715681 0.715681 0.715681
6066.130996 0.000000 4525.075377 0.000000 -0.207061 0.000000 0.978328 0.717690 0.717690 0.717690
5096.089044 0.000000 4524.361216 0.000000 -0.053891 0.000000 0.998547 0.808520 0.808520 0.808520
10246.474958 0.000000 4523.502021 0.000000 0.789967 0.000000 0.613150 0.693027 0.693027 0.693027
7055.455431 0.000000 4522.521094 0.000000 -0.944685 0.000000 0.327979 0.834392 0.834392 0.834392
7056.548762 0.000000 4522.715256 0.000000 -0.915431 0.000000 0.402476 0.883371 0.883371 0.883371
1462.641890 0.000000 4521.692301 0.000000 0.633791 0.000000 0.773504 0.745021 0.745021 0.745021
1905.828067 0.000000 4513.467738 0.000000 -0.464486 0.000000 0.885580 0.857975 0.857975 0.857975
10251.242893 0.000000 4513.668955 0.000000 0.294050 0.000000 0.955790 0.778128 0.778128 0.778128
11581.786233 0.000000 4508.822979 0.000000 -0.770823 0.000000 0.637049 0.818542 0.818542 0.818542
7066.786547 0.000000 4504.469199 0.000000 -0.937000 0.000000 0.349329 0.774214 0.774214 0.774214
7076.448256 0.000000 4496.603020 0.000000 0.891092 0.000000 0.453823 0.806146 0.806146 0.806146
6102.819671 0.000000 4495.875108 0.000000 0.729426 0.000000 0.684060 0.675524 0.675524 0.675524
7076.867919 0.000000 4495.818394 0.000000 0.825997 0.000000 0.563674 0.755228 0.755228 0.755228
6101.374700 0.000000 4494.304384 0.000000 0.762373 0.000000 0.647137 0.821578 0.821578 0.821578
5396.226199 0.000000 4491.792945 0.000000 0.974775 0.000000 0.223188 0.644570 0.644570 0.644570
1934.465503 0.000000 4488.146448 0.000000 0.923572 0.000000 0.383425 0.744037 0.744037 0.744037
1495.558455 0.000000 4478.516995 0.000000 0.812541 0.000000 0.582905 0.658014 0.658014 0.658014
1495.710152 0.000000 4477.724005 0.000000 0.754900 0.000000 0.655840 0.832360 0.832360 0.832360
1493.285153 0.000000 4475.205819 0.000000 0.850863 0.000000 0.525388 0.693688 0.693688 0.693688
4944.573950 0.000000 4475.956160 0.000000 -0.675402 0.000000 0.737450 0.721482 0.721482 0.721482
7097.668442 0.000000 4468.195001 0.000000 -0.886665 0.000000 0.462413 0.848567 0.848567 0.848567
10281.155045 0.000000 4464.763741 0.000000 0.668989 0.000000 0.743272 0.669218 0.669218 0.669218
6446.190360 0.000000 4460.563378 0.000000 -0.616652 0.000000 0.787236 0.850487 0.850487 0.850487
1885.195588 0.000000 4459.300437 0.000000 0.966125 0.000000 0.258074 0.674803 0.674803 0.674803
1890.243153 0.000000 4459.571921 0.000000 -0.925865 0.000000 0.377854 0.750350 0.750350 0.750350
6445.634668 0.000000 4459.931324 0.000000 -0.501490 0.000000 0.865164 0.837113 0.837113 0.837113
6436.226729 0.000000 4457.554028 0.000000 0.258085 0.000000 0.966122 0.830221 0.830221 0.830221
1192.941023 0.000000 4447.432186 0.000000 -0.588773 0.000000 0.808298 0.666266 0.666266 0.666266
5972.101761 0.000000 4447.320098 0.000000 -0.799263 0.000000 0.600982 0.688015 0.688015 0.688015
1179.358860 0.000000 4443.849387 0.000000 0.524363 0.000000 0.851495 0.817674 0.817674 0.817674
1180.945844 0.000000 4441.669805 0.000000 0.493994 0.000000 0.869465 0.815327 0.815327 0.815327
1189.888024 0.000000 4441.362900 0.000000 -0.580349 0.000000 0.814368 0.792598 0.792598 0.792598
5972.078396 0.000000 4441.493748 0.000000 -0.516393 0.000000 0.856352 0.659455 0.659455 0.659455
3707.157102 0.000000 4439.389946 0.000000 0.268182 0.000000 0.963368 0.737445 0.737445 0.737445
3746.488403 0.000000 4418.610647 0.000000 0.850229 0.000000 0.526413 0.743981 0.743981 0.743981
5016.587301 0.000000 4418.451250 0.000000 -0.897496 0.000000 0.441023 0.732496 0.732496 0.732496
1186.369371 0.000000 4416.074413 0.000000 -0.985003 0.000000 0.172536 0.763632 0.763632 0.763632
1188.504604 0.000000 4415.827119 0.000000 -0.974054 0.000000 0.226316 0.810006 0.810006 0.810006
6906.616454 0.000000 4414.441816 0.000000 0.437545 0.000000 0.899197 0.802312 0.802312 0.802312
6919.631237 0.000000 4414.873728 0.000000 -0.481620 0.000000 0.876380 0.883496 0.883496 0.883496
5022.861156 0.000000 4413.599624 0.000000 -0.984925 0.000000 0.172981 0.649834 0.649834 0.649834
6888.071792 0.000000 4413.915871 0.000000 -0.584747 0.000000 0.811216 0.640567 0.640567 0.640567
3766.783427 0.000000 4412.103841 0.000000 0.983875 0.000000 0.178859 0.767041 0.767041 0.767041
5961.297662 0.000000 4406.214901 0.000000 -0.688642 0.000000 0.725102 0.802012 0.802012 0.802012
3763.797700 0.000000 4405.388330 0.000000 0.653253 0.000000 0.757140 0.878356 0.878356 0.878356
4997.733146 0.000000 4405.694468 0.000000 0.326444 0.000000 0.945216 0.820011 0.820011 0.820011
5961.624197 0.000000 4405.628383 0.000000 -0.652487 0.000000 0.757800 0.833473 0.833473 0.833473
6882.694373 0.000000 4405.092793 0.000000 -0.370789 0.000000 0.928717 0.833000 0.833000 0.833000
11208.222826 0.000000 4405.105997 0.000000 0.397162 0.000000 0.917748 0.882519 0.882519 0.882519
7557.443039 0.000000 4398.894356 0.000000 0.950934 0.000000 0.309395 0.844322 0.844322 0.844322
7560.812371 0.000000 4398.593614 0.000000 0.961485 0.000000 0.274856 0.841758 0.841758 0.841758
3795.950652 0.000000 4397.326282 0.000000 -0.489913 0.000000 0.871772 0.636560 0.636560 0.636560
10785.819974 0.000000 4397.354296 0.000000 -0.806542 0.000000 0.591177 0.675877 0.675877 0.675877
3798.543629 0.000000 4393.956066 0.000000 0.694856 0.000000 0.719149 0.700531 0.700531 0.700531
10780.053923 0.000000 4392.631814 0.000000 0.180167 0.000000 0.983636 0.784408 0.784408 0.784408
5955.769015 0.000000 4388.432658 0.000000 0.859777 0.000000 0.510669 0.691773 0.691773 0.691773
10318.846789 0.000000 4388.534108 0.000000 0.549959 0.000000 0.835191 0.687868 0.687868 0.687868
3796.376717 0.000000 4387.024286 0.000000 0.560958 0.000000 0.827844 0.811760 0.811760 0.811760
3798.185716 0.000000 4387.405710 0.000000 0.390025 0.000000 0.920804 0.869754 0.869754 0.869754
5955.250856 0.000000 4387.421447 0.000000 0.873374 0.000000 0.487051 0.794894 0.794894 0.794894
6894.147351 0.000000 4386.806575 0.000000 0.999230 0.000000 0.039238 0.717462 0.717462 0.717462
6893.963963 0.000000 4385.046293 0.000000 0.985208 0.000000 0.171364 0.863687 0.863687 0.863687
7561.369507 0.000000 4382.674260 0.000000 0.137866 0.000000 0.990451 0.864536 0.864536 0.864536
10772.080006 0.000000 4382.412905 0.000000 -0.470771 0.000000 0.882256 0.849140 0.849140 0.849140
1216.561367 0.000000 4381.906572 0.000000 -0.907784 0.000000 0.419439 0.651849 0.651849 0.651849
6429.711844 0.000000 4380.772675 0.000000 0.809526 0.000000 0.587084 0.696516 0.696516 0.696516
4936.454555 0.000000 4379.199079 0.000000 -0.925822 0.000000 0.377960 0.742770 0.742770 0.742770
11245.189607 0.000000 4378.027016 0.000000 0.732184 0.000000 0.681107 0.789367 0.789367 0.789367
4840.474652 0.000000 4376.582243 0.000000 0.784245 0.000000 0.620452 0.825197 0.825197 0.825197
4651.691820 0.000000 4375.825159 0.000000 -0.549691 0.000000 0.835368 0.860047 0.860047 0.860047
4843.701671 0.000000 4372.557066 0.000000 0.109473 0.000000 0.993990 0.870885 0.870885 0.870885
3825.655435 0.000000 4371.031848 0.000000 0.999722 0.000000 0.023573 0.826894 0.826894 0.826894
11250.429758 0.000000 4371.147007 0.000000 0.080335 0.000000 0.996768 0.869103 0.869103 0.869103
1220.240066 0.000000 4369.695640 0.000000 -0.778284 0.000000 0.627912 0.832565 0.832565 0.832565
3825.519262 0.000000 4369.833858 0.000000 0.999892 0.000000 0.014668 0.850198 0.850198 0.850198
4644.493103 0.000000 4369.385986 0.000000 -0.192155 0.000000 0.981365 0.661167 0.661167 0.661167
4937.124567 0.000000 4369.588128 0.000000 -0.553836 0.000000 0.832626 0.666277 0.666277 0.666277
6427.034754 0.000000 4369.241635 0.000000 0.288465 0.000000 0.957490 0.663687 0.663687 0.663687
2048.623638 0.000000 4362.570924 0.000000 0.897648 0.000000 0.440714 0.867316 0.867316 0.867316
1111.864541 0.000000 4360.056918 0.000000 0.424826 0.000000 0.905275 0.877268 0.877268 0.877268
5943.818708 0.000000 4360.461159 0.000000 -0.873153 0.000000 0.487447 0.731082 0.731082 0.731082
3834.810099 0.000000 4356.922311 0.000000 -0.958175 0.000000 0.286183 0.799943 0.799943 0.799943
6414.909251 0.000000 4353.268992 0.000000 -0.808450 0.000000 0.588565 0.673199 0.673199 0.673199
3826.501416 0.000000 4351.590430 0.000000 0.760189 0.000000 0.649702 0.806662 0.806662 0.806662
6414.520422 0.000000 4351.086324 0.000000 -0.694609 0.000000 0.719387 0.808664 0.808664 0.808664
6443.053566 0.000000 4350.852049 0.000000 0.736803 0.000000 0.676107 0.815477 0.815477 0.815477
10728.478738 0.000000 4349.877133 0.000000 -0.364998 0.000000 0.931008 0.750893 0.750893 0.750893
6444.625259 0.000000 4348.500891 0.000000 0.535659 0.000000 0.844435 0.792294 0.792294 0.792294
10346.082470 0.000000 4348.079941 0.000000 0.367472 0.000000 0.930035 0.883903 0.883903 0.883903
10727.260329 0.000000 4348.813004 0.000000 -0.264417 0.000000 0.964408 0.844638 0.844638 0.844638
3836.625787 0.000000 4347.022215 0.000000 -0.594368 0.000000 0.804193 0.859420 0.859420 0.859420
7210.648035 0.000000 4339.086481 0.000000 0.999206 0.000000 0.039853 0.706049 0.706049 0.706049
5316.205563 0.000000 4338.022677 0.000000 0.950236 0.000000 0.311531 0.725286 0.725286 0.725286
743.469924 0.000000 4336.498333 0.000000 0.892413 0.000000 0.451220 0.876129 0.876129 0.876129
1183.965421 0.000000 4334.859383 0.000000 0.998816 0.000000 0.048639 0.687306 0.687306 0.687306
1188.110058 0.000000 4334.718356 0.000000 0.994002 0.000000 0.109358 0.653376 0.653376 0.653376
742.142271 0.000000 4333.309331 0.000000 0.697582 0.000000 0.716505 0.685434 0.685434 0.685434
1172.416809 0.000000 4333.806516 0.000000 0.973108 0.000000 0.230351 0.674537 0.674537 0.674537
1188.024938 0.000000 4333.229456 0.000000 0.997929 0.000000 0.064324 0.860247 0.860247 0.860247
3806.488697 0.000000 4333.278106 0.000000 -0.780080 0.000000 0.625680 0.824618 0.824618 0.824618
5313.379677 0.000000 4333.683509 0.000000 0.859869 0.000000 0.510515 0.830997 0.830997 0.830997
7211.706863 0.000000 4333.586065 0.000000 -0.823619 0.000000 0.567143 0.804196 0.804196 0.804196
4564.460413 0.000000 4331.105502 0.000000 0.981350 0.000000 0.192229 0.836758 0.836758 0.836758
1490.960969 0.000000 4330.661417 0.000000 0.975181 0.000000 0.221410 0.785658 0.785658 0.785658
4616.075967 0.000000 4327.564991 0.000000 0.999923 0.000000 0.012447 0.637026 0.637026 0.637026
10691.419307 0.000000 4326.413255 0.000000 -0.641621 0.000000 0.767022 0.671422 0.671422 0.671422
10692.863084 0.000000 4326.514088 0.000000 -0.660692 0.000000 0.750657 0.746940 0.746940 0.746940
6483.248844 0.000000 4317.199857 0.000000 0.585479 0.000000 0.810687 0.664602 0.664602 0.664602
1063.439710 0.000000 4316.221893 0.000000 -0.952604 0.000000 0.304212 0.785292 0.785292 0.785292
3816.424214 0.000000 4316.645568 0.000000 0.953211 0.000000 0.302305 0.724152 0.724152 0.724152
1063.904411 0.000000 4315.192798 0.000000 -0.900358 0.000000 0.435150 0.743100 0.743100 0.743100
3810.473998 0.000000 4315.410100 0.000000 -0.930021 0.000000 0.367505 0.778989 0.778989 0.778989
3816.777878 0.000000 4315.678471 0.000000 0.610419 0.000000 0.792079 0.886409 0.886409 0.886409
6485.895945 0.000000 4315.249642 0.000000 0.303349 0.000000 0.952880 0.637866 0.637866 0.637866
7537.102511 0.000000 4315.342931 0.000000 -0.752443 0.000000 0.658658 0.656253 0.656253 0.656253
4563.836400 0.000000 4312.603167 0.000000 0.869439 0.000000 0.494041 0.721057 0.721057 0.721057
4595.972548 0.000000 4312.641159 0.000000 -0.378143 0.000000 0.925747 0.787234 0.787234 0.787234
6397.097635 0.000000 4307.986643 0.000000 -0.450267 0.000000 0.892894 0.864911 0.864911 0.864911
10632.745348 0.000000 4303.361999 0.000000 -0.058401 0.000000 0.998293 0.639329 0.639329 0.639329
3922.965357 0.000000 4300.315642 0.000000 -0.986929 0.000000 0.161159 0.720560 0.720560 0.720560
3915.827492 0.000000 4297.764699 0.000000 0.976528 0.000000 0.215390 0.677562 0.677562 0.677562
7081.793487 0.000000 4297.471242 0.000000 0.490204 0.000000 0.871608 0.727275 0.727275 0.727275
4390.135115 0.000000 4295.095705 0.000000 0.483214 0.000000 0.875502 0.796710 0.796710 0.796710
4395.281122 0.000000 4294.717235 0.000000 -0.100626 0.000000 0.994924 0.865834 0.865834 0.865834
3833.016616 0.000000 4292.938966 0.000000 0.996479 0.000000 -0.083837 0.711944 0.711944 0.711944
3834.954214 0.000000 4292.694810 0.000000 0.999917 0.000000 0.012921 0.773352 0.773352 0.773352
4471.173624 0.000000 4292.196418 0.000000 -0.899559 0.000000 0.436798 0.859064 0.859064 0.859064
4351.238968 0.000000 4291.014368 0.000000 -0.465721 0.000000 0.884932 0.808599 0.808599 0.808599
10451.533978 0.000000 4291.706114 0.000000 0.655138 0.000000 0.755509 0.834614 0.834614 0.834614
4023.123286 0.000000 4290.114815 0.000000 0.765133 0.000000 0.643872 0.752376 0.752376 0.752376
4302.173148 0.000000 4290.852626 0.000000 -0.972624 0.000000 0.232383 0.884979 0.884979 0.884979
4323.604184 0.000000 4290.158189 0.000000 0.754824 0.000000 0.655928 0.783028 0.783028 0.783028
4463.275321 0.000000 4289.776335 0.000000 0.641065 0.000000 0.767487 0.657223 0.657223 0.657223
10458.918588 0.000000 4288.984061 0.000000 -0.565557 0.000000 0.824709 0.842887 0.842887 0.842887
4443.218117 0.000000 4286.126149 0.000000 0.370987 0.000000 0.928638 0.667350 0.667350 0.667350
7517.667219 0.000000 4283.670950 0.000000 0.953311 0.000000 0.301989 0.820652 0.820652 0.820652
3851.855942 0.000000 4279.653959 0.000000 0.424565 0.000000 0.905398 0.876567 0.876567 0.876567
3852.022547 0.000000 4279.160844 0.000000 0.363569 0.000000 0.931567 0.670580 0.670580 0.670580
4304.426433 0.000000 4279.903286 0.000000 -0.597262 0.000000 0.802046 0.870328 0.870328 0.870328
7513.081927 0.000000 4279.964046 0.000000 0.894027 0.000000 0.448014 0.671588 0.671588 0.671588
7343.970725 0.000000 4263.953528 0.000000 -0.998967 0.000000 -0.045445 0.813407 0.813407 0.813407
7344.807819 0.000000 4263.706326 0.000000 -0.994990 0.000000 0.099975 0.698009 0.698009 0.698009
7063.986955 0.000000 4261.218977 0.000000 0.578438 0.000000 0.815727 0.687830 0.687830 0.687830
7353.891983 0.000000 4261.753073 0.000000 -0.888894 0.000000 0.458112 0.676885 0.676885 0.676885
7520.775236 0.000000 4261.865804 0.000000 0.442143 0.000000 0.896945 0.756785 0.756785 0.756785
3908.601252 0.000000 4260.865399 0.000000 -0.615117 0.000000 0.788436 0.784015 0.784015 0.784015
1468.747311 0.000000 4257.156362 0.000000 0.999998 0.000000 -0.001976 0.698518 0.698518 0.698518
3897.151937 0.000000 4257.904514 0.000000 0.515872 0.000000 0.856666 0.701282 0.701282 0.701282
7524.474079 0.000000 4257.168979 0.000000 0.289557 0.000000 0.957161 0.662858 0.662858 0.662858
4298.489829 0.000000 4251.912089 0.000000 -0.855221 0.000000 0.518263 0.671647 0.671647 0.671647
4032.440762 0.000000 4248.010451 0.000000 -0.043782 0.000000 0.999041 0.825624 0.825624 0.825624
4290.598490 0.000000 4243.767174 0.000000 0.007877 0.000000 0.999969 0.791867 0.791867 0.791867
6417.167627 0.000000 4241.222342 0.000000 0.994574 0.000000 -0.104031 0.834802 0.834802 0.834802
1467.346203 0.000000 4237.653116 0.000000 0.828851 0.000000 0.559470 0.763920 0.763920 0.763920
6217.105017 0.000000 4228.100665 0.000000 0.869122 0.000000 0.494598 0.778548 0.778548 0.778548
7365.026435 0.000000 4228.769923 0.000000 -0.796726 0.000000 0.604340 0.677025 0.677025 0.677025
6216.277438 0.000000 4225.897703 0.000000 0.847977 0.000000 0.530033 0.665003 0.665003 0.665003
7366.750062 0.000000 4225.169652 0.000000 -0.732233 0.000000 0.681055 0.676207 0.676207 0.676207
6391.110952 0.000000 4208.365380 0.000000 -0.622901 0.000000 0.782301 0.659971 0.659971 0.659971
6379.559955 0.000000 4207.627090 0.000000 0.469029 0.000000 0.883183 0.671358 0.671358 0.671358
6391.525831 0.000000 4207.636388 0.000000 -0.567996 0.000000 0.823032 0.644219 0.644219 0.644219
6319.108049 0.000000 4204.275642 0.000000 -0.854880 0.000000 0.518826 0.740511 0.740511 0.740511
6248.727795 0.000000 4203.999549 0.000000 0.441662 0.000000 0.897182 0.680479 0.680479 0.680479
4212.087988 0.000000 4202.854709 0.000000 0.424479 0.000000 0.905438 0.754526 0.754526 0.754526
6316.281192 0.000000 4202.304058 0.000000 -0.990652 0.000000 0.136416 0.745150 0.745150 0.745150
621.922794 0.000000 4201.756661 0.000000 0.934570 0.000000 0.355780 0.788596 0.788596 0.788596
4237.607281 0.000000 4197.897186 0.000000 -0.404734 0.000000 0.914434 0.803484 0.803484 0.803484
6295.307644 0.000000 4194.792596 0.000000 -0.464757 0.000000 0.885438 0.727780 0.727780 0.727780
7578.585404 0.000000 4190.016869 0.000000 0.999759 0.000000 0.021930 0.816081 0.816081 0.816081
6288.603446 0.000000 4189.249245 0.000000 0.240285 0.000000 0.970702 0.660333 0.660333 0.660333
7578.039499 0.000000 4179.231795 0.000000 0.428892 0.000000 0.903356 0.848616 0.848616 0.848616
4158.892273 0.000000 4174.550115 0.000000 -0.247243 0.000000 0.968954 0.826973 0.826973 0.826973
4156.288463 0.000000 4173.465915 0.000000 -0.090603 0.000000 0.995887 0.855363 0.855363 0.855363
7587.550661 0.000000 4171.626350 0.000000 0.406247 0.000000 0.913763 0.750592 0.750592 0.750592
7626.160424 0.000000 4160.382782 0.000000 -0.999978 0.000000 0.006649 0.654398 0.654398 0.654398
7621.730049 0.000000 4153.127443 0.000000 0.947756 0.000000 0.318996 0.727901 0.727901 0.727901
7613.825761 0.000000 4143.660138 0.000000 0.728689 0.000000 0.684844 0.726732 0.726732 0.726732
3851.639412 0.000000 4141.750690 0.000000 0.968499 0.000000 0.249017 0.650668 0.650668 0.650668
3852.881297 0.000000 4141.042769 0.000000 0.984583 0.000000 0.174918 0.732910 0.732910 0.732910
5181.082306 0.000000 4138.666658 0.000000 0.975287 0.000000 0.220943 0.810290 0.810290 0.810290
5177.940054 0.000000 4135.373575 0.000000 0.933420 0.000000 0.358786 0.876396 0.876396 0.876396
3869.133492 0.000000 4132.565749 0.000000 -0.988403 0.000000 0.151857 0.853422 0.853422 0.853422
3870.222546 0.000000 4132.650683 0.000000 -0.958918 0.000000 0.283684 0.683682 0.683682 0.683682
6618.497560 0.000000 4132.757189 0.000000 -0.984519 0.000000 0.175279 0.761417 0.761417 0.761417
6564.266610 0.000000 4131.513107 0.000000 0.850562 0.000000 0.525875 0.843474 0.843474 0.843474
7361.954571 0.000000 4128.887364 0.000000 -0.792744 0.000000 0.609554 0.643895 0.643895 0.643895
7362.599705 0.000000 4127.181995 0.000000 -0.822450 0.000000 0.568837 0.880939 0.880939 0.880939
8135.999218 0.000000 4126.612252 0.000000 -0.997362 0.000000 0.072592 0.770033 0.770033 0.770033
8136.599626 0.000000 4126.227373 0.000000 -0.973212 0.000000 0.229909 0.812199 0.812199 0.812199
3773.414549 0.000000 4123.537452 0.000000 0.933451 0.000000 0.358704 0.739850 0.739850 0.739850
3971.281244 0.000000 4123.926261 0.000000 0.999700 0.000000 -0.024490 0.877608 0.877608 0.877608
3980.752615 0.000000 4120.445939 0.000000 0.999642 0.000000 -0.026740 0.698872 0.698872 0.698872
3923.030360 0.000000 4118.904412 0.000000 0.806276 0.000000 0.591539 0.833809 0.833809 0.833809
3773.214282 0.000000 4117.326826 0.000000 0.797613 0.000000 0.603170 0.640005 0.640005 0.640005
3923.062102 0.000000 4117.326948 0.000000 0.817785 0.000000 0.575523 0.877112 0.877112 0.877112
7358.782208 0.000000 4117.170044 0.000000 -0.102016 0.000000 0.994783 0.694059 0.694059 0.694059
8148.056277 0.000000 4117.258580 0.000000 -0.785027 0.000000 0.619461 0.846502 0.846502 0.846502
3990.656650 0.000000 4116.865075 0.000000 -0.998791 0.000000 0.049152 0.868380 0.868380 0.868380
7601.249881 0.000000 4112.160620 0.000000 1.000000 0.000000 0.000448 0.785494 0.785494 0.785494
3924.512896 0.000000 4111.207795 0.000000 0.527890 0.000000 0.849313 0.792600 0.792600 0.792600
4477.649853 0.000000 4110.439923 0.000000 0.975829 0.000000 0.218536 0.807422 0.807422 0.807422
4482.572098 0.000000 4110.956314 0.000000 -0.999984 0.000000 -0.005639 0.787168 0.787168 0.787168
7614.595683 0.000000 4104.706079 0.000000 0.646480 0.000000 0.762931 0.702424 0.702424 0.702424
6551.299415 0.000000 4100.252986 0.000000 0.901292 0.000000 0.433212 0.681648 0.681648 0.681648
4471.557617 0.000000 4099.561068 0.000000 0.799717 0.000000 0.600377 0.705668 0.705668 0.705668
4496.606967 0.000000 4099.719872 0.000000 -0.892837 0.000000 0.450380 0.690605 0.690605 0.690605
6551.222149 0.000000 4099.435001 0.000000 0.891277 0.000000 0.453459 0.791707 0.791707 0.791707
7406.002907 0.000000 4099.261181 0.000000 -0.645211 0.000000 0.764005 0.654799 0.654799 0.654799
7606.290408 0.000000 4099.948155 0.000000 -0.739737 0.000000 0.672897 0.680184 0.680184 0.680184
7614.088576 0.000000 4099.768538 0.000000 0.363999 0.000000 0.931400 0.768957 0.768957 0.768957
3700.135153 0.000000 4098.177394 0.000000 -0.993877 0.000000 0.110490 0.655836 0.655836 0.655836
4010.170919 0.000000 4095.745455 0.000000 -0.832076 0.000000 0.554662 0.690408 0.690408 0.690408
4500.040839 0.000000 4095.560416 0.000000 -0.925331 0.000000 0.379160 0.809210 0.809210 0.809210
3708.895128 0.000000 4093.494747 0.000000 -0.937780 0.000000 0.347230 0.764315 0.764315 0.764315
6552.265567 0.000000 4093.375021 0.000000 0.525814 0.000000 0.850599 0.867722 0.867722 0.867722
4457.446307 0.000000 4091.937594 0.000000 0.945241 0.000000 0.326373 0.646258 0.646258 0.646258
5148.538863 0.000000 4088.918064 0.000000 0.872257 0.000000 0.489048 0.766885 0.766885 0.766885
5430.754465 0.000000 4083.182442 0.000000 0.907051 0.000000 0.421020 0.843758 0.843758 0.843758
4454.620121 0.000000 4081.121636 0.000000 0.871503 0.000000 0.490390 0.730580 0.730580 0.730580
4770.854237 0.000000 4081.821045 0.000000 0.921538 0.000000 0.388287 0.693942 0.693942 0.693942
5423.637240 0.000000 4081.842311 0.000000 0.998987 0.000000 0.044992 0.734291 0.734291 0.734291
4753.835008 0.000000 4079.594662 0.000000 0.920011 0.000000 0.391892 0.722520 0.722520 0.722520
6750.502102 0.000000 4078.321885 0.000000 0.819751 0.000000 0.572720 0.661468 0.661468 0.661468
3757.255876 0.000000 4077.566913 0.000000 0.822444 0.000000 0.568846 0.671425 0.671425 0.671425
5436.428646 0.000000 4077.899674 0.000000 0.025417 0.000000 0.999677 0.659970 0.659970 0.659970
6749.701986 0.000000 4077.903537 0.000000 0.799760 0.000000 0.600320 0.846206 0.846206 0.846206
3912.067592 0.000000 4075.381810 0.000000 0.982864 0.000000 0.184335 0.664708 0.664708 0.664708
6627.207469 0.000000 4072.303802 0.000000 -0.396257 0.000000 0.918139 0.771548 0.771548 0.771548
8199.836137 0.000000 4070.026741 0.000000 -0.919453 0.000000 0.393199 0.785053 0.785053 0.785053
3905.786184 0.000000 4066.836496 0.000000 0.888389 0.000000 0.459092 0.635509 0.635509 0.635509
4751.773650 0.000000 4066.653768 0.000000 0.855469 0.000000 0.517854 0.712956 0.712956 0.712956
4513.542156 0.000000 4065.962913 0.000000 -0.840322 0.000000 0.542088 0.702939 0.702939 0.702939
3744.291804 0.000000 4063.053098 0.000000 0.718032 0.000000 0.696010 0.830090 0.830090 0.830090
3903.750209 0.000000 4063.202456 0.000000 0.737255 0.000000 0.675615 0.823578 0.823578 0.823578
4094.993984 0.000000 4063.979562 0.000000 -0.911140 0.000000 0.412096 0.729784 0.729784 0.729784
4109.173271 0.000000 4063.778158 0.000000 0.671672 0.000000 0.740849 0.863316 0.863316 0.863316
4457.039654 0.000000 4063.688725 0.000000 0.582612 0.000000 0.812751 0.722675 0.722675 0.722675
4513.403216 0.000000 4063.852217 0.000000 -0.788228 0.000000 0.615383 0.747824 0.747824 0.747824
4783.778785 0.000000 4063.465415 0.000000 -0.649649 0.000000 0.760234 0.710790 0.710790 0.710790
6576.266577 0.000000 4063.829118 0.000000 0.945049 0.000000 0.326930 0.883905 0.883905 0.883905
4743.026322 0.000000 4062.882084 0.000000 0.998740 0.000000 0.050175 0.654858 0.654858 0.654858
1492.746808 0.000000 4057.084945 0.000000 0.971703 0.000000 0.236207 0.669894 0.669894 0.669894
1494.072195 0.000000 4057.822319 0.000000 0.996063 0.000000 0.088647 0.633963 0.633963 0.633963
3838.020018 0.000000 4055.162857 0.000000 -0.639240 0.000000 0.769007 0.684741 0.684741 0.684741
3763.016977 0.000000 4054.533166 0.000000 -0.397675 0.000000 0.917526 0.764918 0.764918 0.764918
7240.175110 0.000000 4052.559855 0.000000 -0.623196 0.000000 0.782065 0.871094 0.871094 0.871094
4464.645717 0.000000 4051.853284 0.000000 0.295482 0.000000 0.955348 0.701672 0.701672 0.701672
3833.658332 0.000000 4050.172063 0.000000 -0.162362 0.000000 0.986731 0.748872 0.748872 0.748872
7233.562618 0.000000 4049.286444 0.000000 0.023132 0.000000 0.999732 0.630118 0.630118 0.630118
7389.025240 0.000000 4047.457917 0.000000 -0.195296 0.000000 0.980744 0.866596 0.866596 0.866596
3898.159370 0.000000 4045.062505 0.000000 0.361532 0.000000 0.932360 0.779819 0.779819 0.779819
4020.714155 0.000000 4045.833660 0.000000 -0.396305 0.000000 0.918119 0.774584 0.774584 0.774584
4087.079421 0.000000 4045.065364 0.000000 0.300205 0.000000 0.953875 0.683148 0.683148 0.683148
4117.851937 0.000000 4045.692594 0.000000 -0.457201 0.000000 0.889363 0.773851 0.773851 0.773851
4507.290958 0.000000 4045.368021 0.000000 -0.659660 0.000000 0.751565 0.789781 0.789781 0.789781
4582.931087 0.000000 4045.118274 0.000000 0.825600 0.000000 0.564256 0.704680 0.704680 0.704680
4592.747625 0.000000 4045.461930 0.000000 -0.787834 0.000000 0.615888 0.875770 0.875770 0.875770
4608.175487 0.000000 4045.215161 0.000000 -0.665602 0.000000 0.746307 0.640270 0.640270 0.640270
7271.639254 0.000000 4044.838259 0.000000 0.785545 0.000000 0.618804 0.872885 0.872885 0.872885
7272.163049 0.000000 4044.790938 0.000000 0.769815 0.000000 0.638267 0.677715 0.677715 0.677715
4499.802338 0.000000 4043.244420 0.000000 0.557869 0.000000 0.829929 0.714881 0.714881 0.714881
7377.266783 0.000000 4043.138458 0.000000 -0.460282 0.000000 0.887773 0.789332 0.789332 0.789332
4748.720239 0.000000 4041.159496 0.000000 0.680438 0.000000 0.732806 0.844842 0.844842 0.844842
4754.159466 0.000000 4040.094200 0.000000 0.891097 0.000000 0.453814 0.854817 0.854817 0.854817
3906.861871 0.000000 4034.161761 0.000000 0.385995 0.000000 0.922501 0.817065 0.817065 0.817065
4097.576899 0.000000 4027.569106 0.000000 0.928489 0.000000 0.371360 0.772566 0.772566 0.772566
4114.061160 0.000000 4027.275374 0.000000 -0.890996 0.000000 0.454011 0.837246 0.837246 0.837246
4662.406954 0.000000 4027.944625 0.000000 0.997512 0.000000 0.070500 0.861579 0.861579 0.861579
4736.506235 0.000000 4027.462343 0.000000 0.994115 0.000000 0.108328 0.715936 0.715936 0.715936
4661.482354 0.000000 4026.233272 0.000000 0.929152 0.000000 0.369699 0.670683 0.670683 0.670683
4576.666910 0.000000 4023.688605 0.000000 0.994712 0.000000 0.102707 0.773336 0.773336 0.773336
4614.292032 0.000000 4022.946365 0.000000 -0.920021 0.000000 0.391870 0.695116 0.695116 0.695116
4713.637928 0.000000 4022.081911 0.000000 0.999646 0.000000 -0.026602 0.687442 0.687442 0.687442
4716.697427 0.000000 4022.718215 0.000000 -0.991746 0.000000 0.128217 0.723862 0.723862 0.723862
4643.008551 0.000000 4020.101198 0.000000 0.872271 0.000000 0.489024 0.774123 0.774123 0.774123
7288.595974 0.000000 4020.191009 0.000000 0.999027 0.000000 0.044111 0.742140 0.742140 0.742140
3824.401569 0.000000 4019.507332 0.000000 0.985049 0.000000 0.172272 0.786158 0.786158 0.786158
6036.531464 0.000000 4015.939328 0.000000 -0.988717 0.000000 0.149793 0.737296 0.737296 0.737296
3977.495994 0.000000 4010.852256 0.000000 0.732421 0.000000 0.680852 0.821523 0.821523 0.821523
3580.847382 0.000000 4009.633746 0.000000 0.807746 0.000000 0.589530 0.642303 0.642303 0.642303
3977.579287 0.000000 4009.543568 0.000000 0.562886 0.000000 0.826534 0.880836 0.880836 0.880836
4062.713654 0.000000 4009.292851 0.000000 0.999479 0.000000 -0.032283 0.652731 0.652731 0.652731
4075.312547 0.000000 4009.820725 0.000000 -0.915046 0.000000 0.403350 0.652841 0.652841 0.652841
4574.708050 0.000000 4009.761391 0.000000 0.403791 0.000000 0.914851 0.876765 0.876765 0.876765
4615.877169 0.000000 4009.301117 0.000000 -0.697526 0.000000 0.716560 0.803007 0.803007 0.803007
4642.136759 0.000000 4009.857636 0.000000 0.719770 0.000000 0.694212 0.723828 0.723828 0.723828
6041.679961 0.000000 4009.578523 0.000000 -0.729509 0.000000 0.683971 0.762437 0.762437 0.762437
7288.547098 0.000000 4009.324130 0.000000 0.820443 0.000000 0.571728 0.868853 0.868853 0.868853
7624.390762 0.000000 4009.852504 0.000000 0.529176 0.000000 0.848512 0.692069 0.692069 0.692069
4644.787941 0.000000 4008.728939 0.000000 0.634851 0.000000 0.772635 0.818548 0.818548 0.818548
4089.599563 0.000000 4006.170107 0.000000 0.695569 0.000000 0.718460 0.723270 0.723270 0.723270
3978.679392 0.000000 4005.736893 0.000000 0.313997 0.000000 0.949424 0.853256 0.853256 0.853256
4604.659850 0.000000 4005.802216 0.000000 0.691896 0.000000 0.721997 0.864470 0.864470 0.864470
3757.151059 0.000000 4001.709083 0.000000 0.998501 0.000000 -0.054729 0.691050 0.691050 0.691050
7794.468388 0.000000 4001.418235 0.000000 -0.120085 0.000000 0.992764 0.847542 0.847542 0.847542
3592.767916 0.000000 3999.104433 0.000000 -0.442802 0.000000 0.896620 0.820597 0.820597 0.820597
7740.165481 0.000000 3999.225897 0.000000 0.815762 0.000000 0.578388 0.745995 0.745995 0.745995
7717.963138 0.000000 3998.407378 0.000000 -0.721294 0.000000 0.692629 0.826444 0.826444 0.826444
7632.826571 0.000000 3997.208020 0.000000 0.419382 0.000000 0.907810 0.744247 0.744247 0.744247
4777.814785 0.000000 3996.751162 0.000000 -0.987843 0.000000 0.155455 0.880434 0.880434 0.880434
7290.305901 0.000000 3996.787254 0.000000 0.088521 0.000000 0.996074 0.705853 0.705853 0.705853
7758.523841 0.000000 3995.245923 0.000000 -0.918474 0.000000 0.395482 0.768500 0.768500 0.768500
7922.939101 0.000000 3993.288235 0.000000 -0.715134 0.000000 0.698987 0.646805 0.646805 0.646805
7352.442241 0.000000 3992.701800 0.000000 0.999993 0.000000 0.003791 0.629809 0.629809 0.629809
4072.021325 0.000000 3991.558514 0.000000 -0.588698 0.000000 0.808353 0.885312 0.885312 0.885312
4102.117888 0.000000 3991.907032 0.000000 0.492977 0.000000 0.870043 0.654456 0.654456 0.654456
4607.423601 0.000000 3991.224889 0.000000 0.732307 0.000000 0.680975 0.752796 0.752796 0.752796
4613.554130 0.000000 3991.196933 0.000000 -0.821956 0.000000 0.569551 0.647129 0.647129 0.647129
7352.593702 0.000000 3991.984003 0.000000 0.998984 0.000000 -0.045062 0.750173 0.750173 0.750173
7764.989954 0.000000 3991.493973 0.000000 -0.946505 0.000000 0.322691 0.670338 0.670338 0.670338
7919.620806 0.000000 3991.452663 0.000000 -0.743124 0.000000 0.669154 0.780067 0.780067 0.780067
7920.646437 0.000000 3991.139657 0.000000 -0.670565 0.000000 0.741851 0.801465 0.801465 0.801465
4106.229544 0.000000 3989.615688 0.000000 0.366754 0.000000 0.930318 0.770760 0.770760 0.770760
6740.164212 0.000000 3979.744950 0.000000 0.995396 0.000000 0.095849 0.799549 0.799549 0.799549
7236.666482 0.000000 3976.599248 0.000000 -0.910655 0.000000 0.413169 0.684470 0.684470 0.684470
8189.414185 0.000000 3975.248305 0.000000 -0.776843 0.000000 0.629694 0.694451 0.694451 0.694451
3729.232197 0.000000 3973.114236 0.000000 0.954216 0.000000 0.299118 0.710359 0.710359 0.710359
4589.366345 0.000000 3973.185321 0.000000 0.964520 0.000000 0.264009 0.668521 0.668521 0.668521
4590.726802 0.000000 3973.792031 0.000000 0.945816 0.000000 0.324703 0.879076 0.879076 0.879076
6841.801407 0.000000 3973.507343 0.000000 0.649831 0.000000 0.760079 0.638616 0.638616 0.638616
7238.568097 0.000000 3973.308575 0.000000 -0.890187 0.000000 0.455596 0.713118 0.713118 0.713118
8189.886480 0.000000 3973.379750 0.000000 -0.556123 0.000000 0.831100 0.709663 0.709663 0.709663
6839.495832 0.000000 3972.801091 0.000000 0.681817 0.000000 0.731523 0.827706 0.827706 0.827706
6041.789657 0.000000 3970.810730 0.000000 -0.512021 0.000000 0.858973 0.762494 0.762494 0.762494
6300.993890 0.000000 3970.002657 0.000000 -0.824835 0.000000 0.565373 0.807669 0.807669 0.807669
7231.447328 0.000000 3970.628291 0.000000 0.359328 0.000000 0.933211 0.737642 0.737642 0.737642
3725.131351 0.000000 3969.265203 0.000000 0.896439 0.000000 0.443167 0.865137 0.865137 0.865137
4795.803262 0.000000 3968.963981 0.000000 -0.897943 0.000000 0.440112 0.876632 0.876632 0.876632
3597.304375 0.000000 3966.643934 0.000000 0.945550 0.000000 0.325478 0.791915 0.791915 0.791915
7320.704801 0.000000 3966.832326 0.000000 0.320253 0.000000 0.947332 0.865979 0.865979 0.865979
7330.043533 0.000000 3966.372944 0.000000 -0.241619 0.000000 0.970371 0.743491 0.743491 0.743491
7812.524421 0.000000 3963.615206 0.000000 0.286590 0.000000 0.958053 0.804634 0.804634 0.804634
4053.716399 0.000000 3958.375008 0.000000 -0.563696 0.000000 0.825982 0.829859 0.829859 0.829859
3594.187107 0.000000 3955.851708 0.000000 0.310480 0.000000 0.950580 0.774530 0.774530 0.774530
4052.613445 0.000000 3955.427058 0.000000 -0.327808 0.000000 0.944744 0.853714 0.853714 0.853714
4597.321437 0.000000 3955.343749 0.000000 0.201346 0.000000 0.979520 0.796450 0.796450 0.796450
6259.977398 0.000000 3955.464836 0.000000 -0.724843 0.000000 0.688914 0.855457 0.855457 0.855457
6345.359930 0.000000 3955.188685 0.000000 -0.638617 0.000000 0.769525 0.826897 0.826897 0.826897
7822.719167 0.000000 3955.753495 0.000000 0.280404 0.000000 0.959882 0.881892 0.881892 0.881892
4049.825011 0.000000 3954.020312 0.000000 0.036425 0.000000 0.999336 0.743680 0.743680 0.743680
4653.081676 0.000000 3953.456889 0.000000 -0.938664 0.000000 0.344834 0.686421 0.686421 0.686421
3710.615139 0.000000 3952.897311 0.000000 0.999444 0.000000 -0.033347 0.881002 0.881002 0.881002
7830.534671 0.000000 3952.823678 0.000000 0.249716 0.000000 0.968319 0.842105 0.842105 0.842105
7865.209604 0.000000 3950.972301 0.000000 -0.276666 0.000000 0.960966 0.802178 0.802178 0.802178
7866.529792 0.000000 3950.685089 0.000000 -0.184439 0.000000 0.982844 0.768135 0.768135 0.768135
4438.257089 0.000000 3949.071809 0.000000 0.968174 0.000000 0.250278 0.744997 0.744997 0.744997
4446.617262 0.000000 3949.904425 0.000000 -0.970316 0.000000 0.241842 0.708032 0.708032 0.708032
6696.983772 0.000000 3948.565951 0.000000 -0.946740 0.000000 0.322000 0.799962 0.799962 0.799962
6501.503841 0.000000 3946.783473 0.000000 -0.999492 0.000000 0.031871 0.806978 0.806978 0.806978
1475.249178 0.000000 3945.738010 0.000000 0.998420 0.000000 -0.056198 0.816350 0.816350 0.816350
1476.029771 0.000000 3945.651867 0.000000 0.999595 0.000000 -0.028451 0.775988 0.775988 0.775988
6544.836155 0.000000 3941.118179 0.000000 0.999997 0.000000 -0.002595 0.753569 0.753569 0.753569
4131.660278 0.000000 3940.366088 0.000000 0.903197 0.000000 0.429226 0.670270 0.670270 0.670270
4130.948230 0.000000 3937.095249 0.000000 0.835433 0.000000 0.549593 0.723981 0.723981 0.723981
4522.026897 0.000000 3937.553401 0.000000 0.866645 0.000000 0.498926 0.854664 0.854664 0.854664
4623.726665 0.000000 3934.128023 0.000000 0.445047 0.000000 0.895507 0.705998 0.705998 0.705998
6575.775441 0.000000 3929.530645 0.000000 -0.975211 0.000000 0.221275 0.841801 0.841801 0.841801
6696.148176 0.000000 3929.176140 0.000000 0.282463 0.000000 0.959278 0.723342 0.723342 0.723342
6401.891718 0.000000 3926.665674 0.000000 0.958283 0.000000 0.285820 0.765452 0.765452 0.765452
613.222734 0.000000 3921.516728 0.000000 -0.488505 0.000000 0.872561 0.791279 0.791279 0.791279
611.573648 0.000000 3920.217960 0.000000 -0.688316 0.000000 0.725411 0.732326 0.732326 0.732326
611.885283 0.000000 3919.162801 0.000000 -0.738764 0.000000 0.673965 0.838207 0.838207 0.838207
6582.544707 0.000000 3919.785630 0.000000 -0.697450 0.000000 0.716634 0.678900 0.678900 0.678900
4759.956697 0.000000 3917.566087 0.000000 -0.728975 0.000000 0.684540 0.672055 0.672055 0.672055
6383.675279 0.000000 3916.156965 0.000000 0.998792 0.000000 0.049138 0.851531 0.851531 0.851531
6903.883201 0.000000 3911.952122 0.000000 0.559537 0.000000 0.828805 0.776964 0.776964 0.776964
4155.275424 0.000000 3908.472595 0.000000 0.996896 0.000000 0.078729 0.865724 0.865724 0.865724
4158.792928 0.000000 3907.933911 0.000000 0.985982 0.000000 0.166851 0.665686 0.665686 0.665686
5998.543142 0.000000 3906.267719 0.000000 -0.565157 0.000000 0.824983 0.643092 0.643092 0.643092
6912.558666 0.000000 3906.377615 0.000000 0.071379 0.000000 0.997449 0.776502 0.776502 0.776502
4158.123606 0.000000 3901.742503 0.000000 0.373290 0.000000 0.927715 0.676714 0.676714 0.676714
4755.553106 0.000000 3901.752665 0.000000 -0.517417 0.000000 0.855733 0.673090 0.673090 0.673090
5994.685630 0.000000 3901.237692 0.000000 -0.513761 0.000000 0.857934 0.709905 0.709905 0.709905
6384.141652 0.000000 3901.755288 0.000000 0.944938 0.000000 0.327250 0.855345 0.855345 0.855345
6919.198842 0.000000 3901.465234 0.000000 -0.010076 0.000000 0.999949 0.807241 0.807241 0.807241
5992.167324 0.000000 3900.856901 0.000000 -0.341543 0.000000 0.939866 0.654432 0.654432 0.654432
4052.947169 0.000000 3899.736897 0.000000 0.698559 0.000000 0.715553 0.873721 0.873721 0.873721
3976.965880 0.000000 3897.772238 0.000000 -0.924214 0.000000 0.381875 0.852281 0.852281 0.852281
4751.511281 0.000000 3896.554957 0.000000 0.085542 0.000000 0.996335 0.685184 0.685184 0.685184
6603.077934 0.000000 3889.915455 0.000000 0.960965 0.000000 0.276671 0.759259 0.759259 0.759259
6208.428501 0.000000 3888.836095 0.000000 0.996179 0.000000 0.087333 0.747037 0.747037 0.747037
6210.179762 0.000000 3888.762405 0.000000 -0.998504 0.000000 0.054683 0.704704 0.704704 0.704704
3566.385761 0.000000 3886.255034 0.000000 0.679386 0.000000 0.733781 0.790475 0.790475 0.790475
4368.260113 0.000000 3886.217418 0.000000 0.813152 0.000000 0.582051 0.664981 0.664981 0.664981
4686.020533 0.000000 3886.761701 0.000000 -0.192644 0.000000 0.981269 0.782404 0.782404 0.782404
6943.792132 0.000000 3886.781699 0.000000 0.818696 0.000000 0.574228 0.731787 0.731787 0.731787
4003.509834 0.000000 3883.767158 0.000000 -0.718327 0.000000 0.695705 0.858215 0.858215 0.858215
4366.195846 0.000000 3883.314093 0.000000 0.797797 0.000000 0.602926 0.683165 0.683165 0.683165
4686.771652 0.000000 3883.636841 0.000000 -0.042727 0.000000 0.999087 0.638777 0.638777 0.638777
4750.834987 0.000000 3883.460387 0.000000 -0.873257 0.000000 0.487260 0.844064 0.844064 0.844064
6943.958834 0.000000 3883.267035 0.000000 0.757133 0.000000 0.653260 0.758596 0.758596 0.758596
4377.610225 0.000000 3881.699276 0.000000 -0.366921 0.000000 0.930252 0.679204 0.679204 0.679204
4752.195869 0.000000 3880.041971 0.000000 -0.838478 0.000000 0.544936 0.730115 0.730115 0.730115
6948.720353 0.000000 3876.391257 0.000000 0.360135 0.000000 0.932900 0.807241 0.807241 0.807241
4713.598799 0.000000 3873.868660 0.000000 0.999823 0.000000 0.018802 0.826067 0.826067 0.826067
4726.712692 0.000000 3871.163092 0.000000 0.607662 0.000000 0.794196 0.762653 0.762653 0.762653
7196.181241 0.000000 3869.166693 0.000000 0.999987 0.000000 -0.005039 0.774439 0.774439 0.774439
4008.527772 0.000000 3865.817196 0.000000 -0.194893 0.000000 0.980824 0.682511 0.682511 0.682511
4725.455171 0.000000 3865.515851 0.000000 0.779839 0.000000 0.625980 0.736648 0.736648 0.736648
4734.734412 0.000000 3865.721870 0.000000 -0.372086 0.000000 0.928198 0.790949 0.790949 0.790949
6245.708997 0.000000 3865.467976 0.000000 0.998875 0.000000 0.047420 0.702261 0.702261 0.702261
6246.364497 0.000000 3865.272250 0.000000 0.996380 0.000000 -0.085008 0.797315 0.797315 0.797315
6665.204789 0.000000 3865.043503 0.000000 0.906767 0.000000 0.421632 0.664529 0.664529 0.664529
7194.648083 0.000000 3865.765709 0.000000 0.999949 0.000000 -0.010058 0.858735 0.858735 0.858735
4095.935116 0.000000 3863.404766 0.000000 0.323330 0.000000 0.946286 0.749905 0.749905 0.749905
1442.763603 0.000000 3862.841502 0.000000 0.849592 0.000000 0.527441 0.777252 0.777252 0.777252
3733.259063 0.000000 3860.884376 0.000000 0.702557 0.000000 0.711628 0.713001 0.713001 0.713001
3564.755849 0.000000 3853.355896 0.000000 0.821180 0.000000 0.570669 0.651566 0.651566 0.651566
6276.909541 0.000000 3850.869849 0.000000 0.789882 0.000000 0.613259 0.649868 0.649868 0.649868
3565.179793 0.000000 3847.164725 0.000000 0.570329 0.000000 0.821416 0.655938 0.655938 0.655938
3731.267237 0.000000 3847.848343 0.000000 0.634261 0.000000 0.773119 0.766163 0.766163 0.766163
6276.543774 0.000000 3847.856498 0.000000 0.725657 0.000000 0.688056 0.656770 0.656770 0.656770
6668.947048 0.000000 3847.819323 0.000000 -0.572121 0.000000 0.820169 0.874461 0.874461 0.874461
7189.688991 0.000000 3847.968896 0.000000 0.415430 0.000000 0.909625 0.699185 0.699185 0.699185
6732.167739 0.000000 3842.236910 0.000000 0.551955 0.000000 0.833874 0.633393 0.633393 0.633393
4413.075051 0.000000 3841.952007 0.000000 0.733177 0.000000 0.680038 0.808018 0.808018 0.808018
4008.160950 0.000000 3839.854385 0.000000 -0.848716 0.000000 0.528850 0.677054 0.677054 0.677054
3750.731875 0.000000 3838.889074 0.000000 -0.640390 0.000000 0.768050 0.712966 0.712966 0.712966
6903.328817 0.000000 3834.693012 0.000000 0.999313 0.000000 0.037060 0.707299 0.707299 0.707299
7997.392846 0.000000 3831.108951 0.000000 0.401737 0.000000 0.915755 0.690106 0.690106 0.690106
3581.877104 0.000000 3829.690088 0.000000 0.354467 0.000000 0.935068 0.754237 0.754237 0.754237
4006.374022 0.000000 3829.899121 0.000000 -0.268695 0.000000 0.963225 0.801311 0.801311 0.801311
6907.978166 0.000000 3829.189685 0.000000 0.205232 0.000000 0.978713 0.758340 0.758340 0.758340
7172.361196 0.000000 3828.388237 0.000000 -0.553892 0.000000 0.832589 0.630786 0.630786 0.630786
3582.884232 0.000000 3826.004648 0.000000 0.281569 0.000000 0.959541 0.874778 0.874778 0.874778
4611.880888 0.000000 3820.019956 0.000000 0.999802 0.000000 0.019911 0.880557 0.880557 0.880557
3819.521982 0.000000 3819.776329 0.000000 0.996481 0.000000 0.083815 0.842401 0.842401 0.842401
3674.861127 0.000000 3818.311662 0.000000 0.946425 0.000000 0.322923 0.667226 0.667226 0.667226
6045.268127 0.000000 3818.738310 0.000000 0.991418 0.000000 0.130730 0.808872 0.808872 0.808872
6048.364119 0.000000 3818.529487 0.000000 0.995894 0.000000 0.090525 0.764302 0.764302 0.764302
6659.367025 0.000000 3817.790540 0.000000 -0.924580 0.000000 0.380989 0.818672 0.818672 0.818672
4097.465506 0.000000 3815.295882 0.000000 0.940270 0.000000 0.340429 0.714163 0.714163 0.714163
6670.671227 0.000000 3815.819371 0.000000 0.705511 0.000000 0.708699 0.730697 0.730697 0.730697
3290.978558 0.000000 3814.284395 0.000000 -0.996202 0.000000 0.087071 0.872235 0.872235 0.872235
3294.636634 0.000000 3814.043864 0.000000 -0.986543 0.000000 0.163503 0.850012 0.850012 0.850012
3762.467624 0.000000 3814.535576 0.000000 0.924633 0.000000 0.380860 0.733052 0.733052 0.733052
3753.109165 0.000000 3813.850065 0.000000 0.999997 0.000000 0.002239 0.807229 0.807229 0.807229
3298.940136 0.000000 3811.547097 0.000000 -0.892388 0.000000 0.451270 0.792496 0.792496 0.792496
3753.372152 0.000000 3811.788113 0.000000 0.999988 0.000000 -0.004976 0.786424 0.786424 0.786424
3763.256377 0.000000 3811.416504 0.000000 0.956035 0.000000 0.293252 0.867465 0.867465 0.867465
4096.203024 0.000000 3811.851696 0.000000 0.772923 0.000000 0.634500 0.730532 0.730532 0.730532
6043.228917 0.000000 3811.683888 0.000000 0.721918 0.000000 0.691979 0.670036 0.670036 0.670036
6675.151662 0.000000 3811.446746 0.000000 0.697515 0.000000 0.716570 0.775320 0.775320 0.775320
5125.525572 0.000000 3808.994282 0.000000 0.997730 0.000000 0.067347 0.810651 0.810651 0.810651
6782.296027 0.000000 3808.310363 0.000000 0.480390 0.000000 0.877055 0.839505 0.839505 0.839505
5134.604311 0.000000 3806.809963 0.000000 0.696615 0.000000 0.717446 0.707015 0.707015 0.707015
6786.149824 0.000000 3805.046697 0.000000 0.140188 0.000000 0.990125 0.783366 0.783366 0.783366
8010.257956 0.000000 3803.640812 0.000000 -0.900510 0.000000 0.434834 0.723023 0.723023 0.723023
3895.548950 0.000000 3801.223722 0.000000 -0.638534 0.000000 0.769594 0.816018 0.816018 0.816018
7139.189553 0.000000 3798.022471 0.000000 -0.558257 0.000000 0.829668 0.647664 0.647664 0.647664
3806.873306 0.000000 3796.115656 0.000000 0.885668 0.000000 0.464319 0.790052 0.790052 0.790052
3708.682396 0.000000 3795.392575 0.000000 0.733576 0.000000 0.679607 0.657812 0.657812 0.657812
3706.317992 0.000000 3793.463719 0.000000 0.666861 0.000000 0.745182 0.657877 0.657877 0.657877
3765.618038 0.000000 3793.916377 0.000000 -0.015744 0.000000 0.999876 0.860220 0.860220 0.860220
3806.814309 0.000000 3793.762827 0.000000 0.800376 0.000000 0.599498 0.707180 0.707180 0.707180
3816.781207 0.000000 3793.506699 0.000000 -0.960061 0.000000 0.279792 0.876377 0.876377 0.876377
5126.334570 0.000000 3793.562054 0.000000 0.599764 0.000000 0.800177 0.630065 0.630065 0.630065
6679.504901 0.000000 3793.619936 0.000000 -0.895257 0.000000 0.445550 0.643946 0.643946 0.643946
7133.533974 0.000000 3793.736617 0.000000 -0.173921 0.000000 0.984760 0.790235 0.790235 0.790235
4021.407088 0.000000 3791.603347 0.000000 0.999835 0.000000 0.018158 0.677574 0.677574 0.677574
6910.401099 0.000000 3791.072831 0.000000 -0.870287 0.000000 0.492545 0.717012 0.717012 0.717012
6912.736789 0.000000 3791.843351 0.000000 -0.942986 0.000000 0.332834 0.868923 0.868923 0.868923
3662.095563 0.000000 3790.230426 0.000000 0.947680 0.000000 0.319222 0.682084 0.682084 0.682084
3744.676620 0.000000 3790.557500 0.000000 -0.991037 0.000000 0.133590 0.764870 0.764870 0.764870
5132.637660 0.000000 3789.808694 0.000000 0.489754 0.000000 0.871861 0.772739 0.772739 0.772739
4619.018885 0.000000 3787.913900 0.000000 0.999294 0.000000 -0.037565 0.810345 0.810345 0.810345
6676.747274 0.000000 3784.841243 0.000000 -0.407776 0.000000 0.913082 0.637832 0.637832 0.637832
4365.946741 0.000000 3783.484446 0.000000 0.999884 0.000000 0.015218 0.805268 0.805268 0.805268
6037.595231 0.000000 3783.948737 0.000000 0.867876 0.000000 0.496780 0.881607 0.881607 0.881607
6934.910690 0.000000 3783.999554 0.000000 0.706391 0.000000 0.707822 0.649856 0.649856 0.649856
3881.875133 0.000000 3782.105097 0.000000 -0.685014 0.000000 0.728530 0.722343 0.722343 0.722343
3938.937474 0.000000 3782.186006 0.000000 0.999850 0.000000 0.017295 0.764155 0.764155 0.764155
3888.247595 0.000000 3781.271401 0.000000 0.995681 0.000000 0.092840 0.761397 0.761397 0.761397
4425.340813 0.000000 3781.048972 0.000000 -0.998962 0.000000 0.045552 0.769582 0.769582 0.769582
3950.616308 0.000000 3778.708324 0.000000 0.833811 0.000000 0.552050 0.652679 0.652679 0.652679
4310.132109 0.000000 3778.168427 0.000000 -0.452684 0.000000 0.891671 0.760268 0.760268 0.760268
4048.776364 0.000000 3777.653871 0.000000 0.976616 0.000000 0.214990 0.882334 0.882334 0.882334
8457.170197 0.000000 3776.875418 0.000000 0.956664 0.000000 0.291195 0.690583 0.690583 0.690583
8460.224550 0.000000 3776.398514 0.000000 -0.997843 0.000000 0.065640 0.689714 0.689714 0.689714
3729.886060 0.000000 3775.350591 0.000000 0.637549 0.000000 0.770410 0.662383 0.662383 0.662383
3756.170798 0.000000 3775.723208 0.000000 -0.706165 0.000000 0.708048 0.721113 0.721113 0.721113
3885.555537 0.000000 3775.182060 0.000000 0.914084 0.000000 0.405526 0.718455 0.718455 0.718455
3888.712094 0.000000 3775.681067 0.000000 0.996618 0.000000 0.082179 0.770339 0.770339 0.770339
3948.092195 0.000000 3775.575893 0.000000 0.524253 0.000000 0.851563 0.781475 0.781475 0.781475
4040.187214 0.000000 3775.594638 0.000000 0.783531 0.000000 0.621352 0.884882 0.884882 0.884882
4056.088898 0.000000 3775.136038 0.000000 -0.728151 0.000000 0.685416 0.882364 0.882364 0.882364
6037.773392 0.000000 3775.277417 0.000000 0.579399 0.000000 0.815044 0.645686 0.645686 0.645686
6900.770063 0.000000 3775.100617 0.000000 -0.020744 0.000000 0.999785 0.863487 0.863487 0.863487
6938.039597 0.000000 3775.715354 0.000000 0.337541 0.000000 0.941311 0.850370 0.850370 0.850370
8461.905577 0.000000 3775.563545 0.000000 -0.975015 0.000000 0.222139 0.768496 0.768496 0.768496
3857.023429 0.000000 3773.759885 0.000000 -0.566908 0.000000 0.823781 0.874690 0.874690 0.874690
4349.408952 0.000000 3773.783423 0.000000 0.949651 0.000000 0.313310 0.675756 0.675756 0.675756
3693.645206 0.000000 3771.122446 0.000000 -0.037096 0.000000 0.999312 0.856197 0.856197 0.856197
7080.365535 0.000000 3771.446796 0.000000 0.073719 0.000000 0.997279 0.784128 0.784128 0.784128
3798.327721 0.000000 3770.326928 0.000000 -0.994135 0.000000 0.108143 0.706669 0.706669 0.706669
6892.721484 0.000000 3766.767034 0.000000 -0.362306 0.000000 0.932059 0.641290 0.641290 0.641290
4621.389339 0.000000 3764.077876 0.000000 -0.919915 0.000000 0.392117 0.783946 0.783946 0.783946
3906.050609 0.000000 3761.208016 0.000000 -0.925581 0.000000 0.378551 0.868959 0.868959 0.868959
6812.914711 0.000000 3760.971083 0.000000 0.843221 0.000000 0.537567 0.718681 0.718681 0.718681
3765.046966 0.000000 3759.671955 0.000000 0.996236 0.000000 0.086684 0.879744 0.879744 0.879744
3764.700289 0.000000 3757.922114 0.000000 0.949164 0.000000 0.314783 0.876792 0.876792 0.876792
3875.049125 0.000000 3757.590647 0.000000 -0.757740 0.000000 0.652557 0.649651 0.649651 0.649651
3913.983538 0.000000 3757.117175 0.000000 0.964996 0.000000 0.262264 0.853263 0.853263 0.853263
4039.253367 0.000000 3757.604217 0.000000 0.667998 0.000000 0.744163 0.853503 0.853503 0.853503
5108.419166 0.000000 3757.849402 0.000000 0.755434 0.000000 0.655224 0.817065 0.817065 0.817065
5114.488632 0.000000 3757.519707 0.000000 0.979446 0.000000 0.201705 0.725412 0.725412 0.725412
6810.981793 0.000000 3757.241702 0.000000 0.941965 0.000000 0.335711 0.793955 0.793955 0.793955
3795.498315 0.000000 3756.731406 0.000000 0.999174 0.000000 0.040629 0.633712 0.633712 0.633712
3869.354711 0.000000 3756.821883 0.000000 0.763475 0.000000 0.645837 0.800724 0.800724 0.800724
4619.617672 0.000000 3753.135300 0.000000 0.075178 0.000000 0.997170 0.714983 0.714983 0.714983
4016.733442 0.000000 3752.223420 0.000000 -0.475506 0.000000 0.879712 0.831989 0.831989 0.831989
6825.307490 0.000000 3752.515070 0.000000 -0.324364 0.000000 0.945932 0.716387 0.716387 0.716387
3759.056714 0.000000 3751.484532 0.000000 0.967054 0.000000 0.254572 0.689807 0.689807 0.689807
3977.383483 0.000000 3751.191988 0.000000 0.934508 0.000000 0.355943 0.818698 0.818698 0.818698
3978.340279 0.000000 3751.268543 0.000000 0.900896 0.000000 0.434036 0.632490 0.632490 0.632490
4011.739197 0.000000 3750.173200 0.000000 -0.164242 0.000000 0.986420 0.715402 0.715402 0.715402
3851.697690 0.000000 3749.238094 0.000000 0.986499 0.000000 0.163766 0.805049 0.805049 0.805049
4050.082500 0.000000 3749.771105 0.000000 0.211370 0.000000 0.977406 0.674243 0.674243 0.674243
6981.201634 0.000000 3746.452252 0.000000 0.650107 0.000000 0.759843 0.751920 0.751920 0.751920
6996.044194 0.000000 3742.354182 0.000000 -0.614818 0.000000 0.788669 0.795721 0.795721 0.795721
3828.200678 0.000000 3740.953457 0.000000 -0.897234 0.000000 0.441554 0.646352 0.646352 0.646352
6628.866241 0.000000 3740.286155 0.000000 0.988963 0.000000 0.148160 0.732695 0.732695 0.732695
3755.038280 0.000000 3739.578829 0.000000 0.611773 0.000000 0.791033 0.843431 0.843431 0.843431
3828.966395 0.000000 3739.092796 0.000000 -0.786649 0.000000 0.617400 0.829924 0.829924 0.829924
3856.951661 0.000000 3739.786520 0.000000 0.579079 0.000000 0.815271 0.756565 0.756565 0.756565
3914.741602 0.000000 3739.409691 0.000000 -0.174859 0.000000 0.984593 0.867927 0.867927 0.867927
6628.190262 0.000000 3739.345307 0.000000 0.995962 0.000000 0.089780 0.641480 0.641480 0.641480
6984.090986 0.000000 3739.240313 0.000000 0.543055 0.000000 0.839697 0.882544 0.882544 0.882544
4479.398967 0.000000 3738.923815 0.000000 -0.450592 0.000000 0.892730 0.869179 0.869179 0.869179
5593.157689 0.000000 3737.714939 0.000000 -0.976441 0.000000 0.215785 0.676860 0.676860 0.676860
6623.531002 0.000000 3735.569448 0.000000 0.938609 0.000000 0.344984 0.665070 0.665070 0.665070
3870.153479 0.000000 3734.508165 0.000000 -0.045699 0.000000 0.998955 0.771537 0.771537 0.771537
3889.335232 0.000000 3732.502314 0.000000 0.980408 0.000000 0.196976 0.766770 0.766770 0.766770
7998.604077 0.000000 3732.051986 0.000000 0.764197 0.000000 0.644983 0.718179 0.718179 0.718179
4091.160339 0.000000 3726.294677 0.000000 0.437407 0.000000 0.899264 0.877066 0.877066 0.877066
3742.831970 0.000000 3721.817216 0.000000 -0.732879 0.000000 0.680360 0.702690 0.702690 0.702690
3881.284396 0.000000 3721.504491 0.000000 0.536861 0.000000 0.843671 0.803503 0.803503 0.803503
3897.214520 0.000000 3721.800628 0.000000 -0.477828 0.000000 0.878453 0.640754 0.640754 0.640754
3906.217446 0.000000 3721.249154 0.000000 -0.704246 0.000000 0.709956 0.680288 0.680288 0.680288
4101.805770 0.000000 3721.589627 0.000000 0.407391 0.000000 0.913254 0.855831 0.855831 0.855831
7995.862892 0.000000 3721.609496 0.000000 0.758284 0.000000 0.651925 0.767174 0.767174 0.767174
3753.606348 0.000000 3720.355776 0.000000 0.684451 0.000000 0.729059 0.742432 0.742432 0.742432
8091.636413 0.000000 3720.777065 0.000000 0.999485 0.000000 0.032087 0.805729 0.805729 0.805729
4108.792003 0.000000 3719.844644 0.000000 -0.524273 0.000000 0.851550 0.746419 0.746419 0.746419
8076.834082 0.000000 3718.883996 0.000000 0.999059 0.000000 0.043381 0.839577 0.839577 0.839577
3611.862860 0.000000 3717.012965 0.000000 0.900421 0.000000 0.435021 0.886582 0.886582 0.886582
4302.460178 0.000000 3717.318711 0.000000 -0.986119 0.000000 0.166038 0.840723 0.840723 0.840723
3825.267727 0.000000 3714.450684 0.000000 0.999953 0.000000 -0.009705 0.724045 0.724045 0.724045
4437.786904 0.000000 3711.781445 0.000000 -0.823636 0.000000 0.567119 0.688015 0.688015 0.688015
4548.295395 0.000000 3706.896912 0.000000 0.803839 0.000000 0.594847 0.692509 0.692509 0.692509
6018.334441 0.000000 3706.059066 0.000000 0.864652 0.000000 0.502372 0.646916 0.646916 0.646916
4124.267407 0.000000 3705.773677 0.000000 0.674354 0.000000 0.738408 0.653284 0.653284 0.653284
4535.694269 0.000000 3705.804961 0.000000 0.963423 0.000000 0.267985 0.639252 0.639252 0.639252
4559.931774 0.000000 3704.999754 0.000000 -0.918475 0.000000 0.395479 0.713527 0.713527 0.713527
3851.357158 0.000000 3703.568646 0.000000 0.888323 0.000000 0.459220 0.855669 0.855669 0.855669
3854.266852 0.000000 3703.323910 0.000000 0.912588 0.000000 0.408881 0.770775 0.770775 0.770775
3898.431597 0.000000 3703.604302 0.000000 0.862145 0.000000 0.506662 0.792652 0.792652 0.792652
3906.473486 0.000000 3703.295055 0.000000 -0.775018 0.000000 0.631939 0.873601 0.873601 0.873601
4117.488171 0.000000 3703.480530 0.000000 0.064630 0.000000 0.997909 0.688264 0.688264 0.688264
4124.353138 0.000000 3703.477439 0.000000 0.571031 0.000000 0.820929 0.668460 0.668460 0.668460
4302.998145 0.000000 3703.134378 0.000000 -0.513145 0.000000 0.858302 0.683266 0.683266 0.683266
4431.760805 0.000000 3703.838736 0.000000 0.650056 0.000000 0.759887 0.656062 0.656062 0.656062
4540.842993 0.000000 3703.383257 0.000000 -0.981629 0.000000 0.190801 0.805671 0.805671 0.805671
4560.965862 0.000000 3703.060512 0.000000 -0.932297 0.000000 0.361695 0.705866 0.705866 0.705866
5105.038332 0.000000 3702.342679 0.000000 0.952335 0.000000 0.305054 0.675852 0.675852 0.675852
4301.099718 0.000000 3700.124022 0.000000 -0.429517 0.000000 0.903059 0.649872 0.649872 0.649872
3870.408833 0.000000 3699.938363 0.000000 -0.999977 0.000000 0.006746 0.744711 0.744711 0.744711
3693.355661 0.000000 3698.176416 0.000000 0.684222 0.000000 0.729274 0.702108 0.702108 0.702108
6576.294114 0.000000 3698.833613 0.000000 -0.987120 0.000000 0.159979 0.818872 0.818872 0.818872
6669.407452 0.000000 3698.065333 0.000000 -0.984244 0.000000 0.176815 0.777079 0.777079 0.777079
6725.240289 0.000000 3697.260140 0.000000 0.999716 0.000000 0.023834 0.847615 0.847615 0.847615
4023.591920 0.000000 3694.901074 0.000000 0.955479 0.000000 0.295061 0.656870 0.656870 0.656870
6682.264520 0.000000 3694.254713 0.000000 -0.995720 0.000000 0.092419 0.883759 0.883759 0.883759
6747.970056 0.000000 3691.373767 0.000000 -0.994535 0.000000 0.104405 0.765710 0.765710 0.765710
6750.675008 0.000000 3688.252377 0.000000 -0.930379 0.000000 0.366599 0.814768 0.814768 0.814768
3710.335175 0.000000 3687.680800 0.000000 0.907924 0.000000 0.419134 0.802966 0.802966 0.802966
3848.446263 0.000000 3685.136666 0.000000 0.555645 0.000000 0.831420 0.761516 0.761516 0.761516
3857.670754 0.000000 3685.987301 0.000000 0.253714 0.000000 0.967279 0.831568 0.831568 0.831568
3878.869682 0.000000 3685.854753 0.000000 -0.365167 0.000000 0.930942 0.672174 0.672174 0.672174
3891.534095 0.000000 3685.233082 0.000000 0.850613 0.000000 0.525792 0.694632 0.694632 0.694632
4020.491661 0.000000 3685.509266 0.000000 0.700093 0.000000 0.714052 0.873089 0.873089 0.873089
4541.789219 0.000000 3685.160491 0.000000 0.567700 0.000000 0.823235 0.800497 0.800497 0.800497
4554.842174 0.000000 3685.079803 0.000000 -0.266252 0.000000 0.963903 0.879755 0.879755 0.879755
6755.924086 0.000000 3685.946269 0.000000 -0.790637 0.000000 0.612286 0.753453 0.753453 0.753453
3708.566765 0.000000 3684.235833 0.000000 0.842828 0.000000 0.538183 0.754418 0.754418 0.754418
4074.464256 0.000000 3679.384077 0.000000 0.976369 0.000000 0.216112 0.795536 0.795536 0.795536
3442.735609 0.000000 3675.688227 0.000000 0.999992 0.000000 0.003976 0.655833 0.655833 0.655833
4067.473026 0.000000 3674.966721 0.000000 0.900364 0.000000 0.435139 0.761053 0.761053 0.761053
5999.432053 0.000000 3670.450278 0.000000 0.843512 0.000000 0.537110 0.768880 0.768880 0.768880
3853.439608 0.000000 3667.245431 0.000000 0.954407 0.000000 0.298509 0.694763 0.694763 0.694763
4028.552627 0.000000 3667.886420 0.000000 -0.263481 0.000000 0.964664 0.821843 0.821843 0.821843
4032.417490 0.000000 3667.311165 0.000000 -0.276091 0.000000 0.961131 0.723361 0.723361 0.723361
4062.044831 0.000000 3667.467398 0.000000 0.870957 0.000000 0.491360 0.858466 0.858466 0.858466
8048.308091 0.000000 3667.230824 0.000000 0.675512 0.000000 0.737349 0.638259 0.638259 0.638259
4338.722873 0.000000 3666.055593 0.000000 0.914172 0.000000 0.405327 0.862058 0.862058 0.862058
8064.768418 0.000000 3666.906484 0.000000 -0.806674 0.000000 0.590996 0.714423 0.714423 0.714423
4337.756601 0.000000 3665.494016 0.000000 0.894206 0.000000 0.447657 0.785992 0.785992 0.785992
8101.071995 0.000000 3665.164817 0.000000 -0.916035 0.000000 0.401099 0.773099 0.773099 0.773099
1143.445585 0.000000 3663.358313 0.000000 0.920892 0.000000 0.389817 0.828481 0.828481 0.828481
5600.380738 0.000000 3663.660219 0.000000 -0.506976 0.000000 0.861960 0.865856 0.865856 0.865856
3844.468899 0.000000 3662.209676 0.000000 -0.841157 0.000000 0.540790 0.692430 0.692430 0.692430
8095.954480 0.000000 3662.282751 0.000000 0.999993 0.000000 0.003838 0.876956 0.876956 0.876956
5594.482380 0.000000 3659.770610 0.000000 -0.116174 0.000000 0.993229 0.777505 0.777505 0.777505
3893.574017 0.000000 3657.846436 0.000000 0.781243 0.000000 0.624227 0.814656 0.814656 0.814656
5976.155157 0.000000 3654.275463 0.000000 -0.980213 0.000000 0.197945 0.697931 0.697931 0.697931
6745.588765 0.000000 3650.170941 0.000000 -0.675697 0.000000 0.737179 0.733938 0.733938 0.733938
1139.072892 0.000000 3649.021614 0.000000 0.612446 0.000000 0.790512 0.766779 0.766779 0.766779
3838.898692 0.000000 3649.224354 0.000000 0.545715 0.000000 0.837971 0.840294 0.840294 0.840294
4015.576597 0.000000 3649.657805 0.000000 -0.312834 0.000000 0.949808 0.802353 0.802353 0.802353
5968.475262 0.000000 3649.272036 0.000000 0.661862 0.000000 0.749626 0.886079 0.886079 0.886079
6745.637599 0.000000 3649.102655 0.000000 -0.724687 0.000000 0.689078 0.716888 0.716888 0.716888
5615.392141 0.000000 3647.586942 0.000000 0.558818 0.000000 0.829290 0.649405 0.649405 0.649405
5616.859588 0.000000 3646.936593 0.000000 0.542773 0.000000 0.839880 0.684805 0.684805 0.684805
5837.542845 0.000000 3646.032545 0.000000 0.999854 0.000000 0.017085 0.691079 0.691079 0.691079
5850.671102 0.000000 3646.383083 0.000000 -0.972691 0.000000 0.232105 0.822325 0.822325 0.822325
4057.313264 0.000000 3644.556161 0.000000 0.885343 0.000000 0.464938 0.825240 0.825240 0.825240
4978.268723 0.000000 3641.496171 0.000000 -1.000000 0.000000 -0.000212 0.703371 0.703371 0.703371
4007.284279 0.000000 3640.696106 0.000000 -0.828200 0.000000 0.560433 0.729750 0.729750 0.729750
7051.918358 0.000000 3640.365127 0.000000 -0.994624 0.000000 0.103549 0.758689 0.758689 0.758689
7092.249746 0.000000 3640.683815 0.000000 0.976646 0.000000 0.214856 0.853783 0.853783 0.853783
5597.081332 0.000000 3639.812051 0.000000 0.690589 0.000000 0.723248 0.861998 0.861998 0.861998
7091.648489 0.000000 3639.027684 0.000000 0.936671 0.000000 0.350210 0.847000 0.847000 0.847000
4967.834711 0.000000 3637.330281 0.000000 0.988427 0.000000 0.151699 0.838047 0.838047 0.838047
3701.507238 0.000000 3632.218599 0.000000 0.993184 0.000000 0.116560 0.679891 0.679891 0.679891
3701.790762 0.000000 3631.432968 0.000000 0.961511 0.000000 0.274766 0.729431 0.729431 0.729431
4008.339715 0.000000 3631.999726 0.000000 0.439698 0.000000 0.898146 0.757740 0.757740 0.757740
4016.259148 0.000000 3631.844707 0.000000 -0.508467 0.000000 0.861082 0.679781 0.679781 0.679781
4061.921012 0.000000 3631.362183 0.000000 -0.250869 0.000000 0.968021 0.666912 0.666912 0.666912
4981.516355 0.000000 3631.300694 0.000000 -0.797050 0.000000 0.603913 0.756602 0.756602 0.756602
4079.809747 0.000000 3628.456087 0.000000 0.019062 0.000000 0.999818 0.830771 0.830771 0.830771
3809.038914 0.000000 3627.364275 0.000000 0.999874 0.000000 0.015870 0.717916 0.717916 0.717916
7228.206694 0.000000 3627.714456 0.000000 -0.908229 0.000000 0.418473 0.646705 0.646705 0.646705
5534.740554 0.000000 3626.351600 0.000000 0.643326 0.000000 0.765592 0.801948 0.801948 0.801948
5620.707491 0.000000 3625.471836 0.000000 0.999990 0.000000 -0.004483 0.788044 0.788044 0.788044
1224.391111 0.000000 3624.066520 0.000000 -0.528030 0.000000 0.849226 0.664069 0.664069 0.664069
1305.325773 0.000000 3624.996046 0.000000 0.904749 0.000000 0.425945 0.683078 0.683078 0.683078
1223.490523 0.000000 3623.994851 0.000000 -0.489396 0.000000 0.872062 0.821797 0.821797 0.821797
3797.708696 0.000000 3621.198649 0.000000 0.834810 0.000000 0.550539 0.816713 0.816713 0.816713
3816.163647 0.000000 3620.013531 0.000000 -0.985627 0.000000 0.168934 0.792744 0.792744 0.792744
6721.858474 0.000000 3620.878705 0.000000 -0.911382 0.000000 0.411562 0.771874 0.771874 0.771874
5156.187767 0.000000 3618.010769 0.000000 0.999991 0.000000 -0.004274 0.790700 0.790700 0.790700
3917.271423 0.000000 3617.939940 0.000000 0.683479 0.000000 0.729970 0.843229 0.843229 0.843229
3788.628409 0.000000 3613.669366 0.000000 0.906654 0.000000 0.421874 0.635505 0.635505 0.635505
4020.740769 0.000000 3613.812994 0.000000 0.942192 0.000000 0.335075 0.708233 0.708233 0.708233
4064.606883 0.000000 3613.392194 0.000000 0.740744 0.000000 0.671787 0.744021 0.744021 0.744021
5152.438282 0.000000 3613.948687 0.000000 0.934440 0.000000 0.356122 0.870682 0.870682 0.870682
5538.646340 0.000000 3613.054039 0.000000 0.528214 0.000000 0.849111 0.879663 0.879663 0.879663
6724.372194 0.000000 3613.995298 0.000000 0.460271 0.000000 0.887779 0.639466 0.639466 0.639466
4091.668767 0.000000 3611.083813 0.000000 0.378135 0.000000 0.925750 0.801131 0.801131 0.801131
5050.117643 0.000000 3610.271113 0.000000 0.978867 0.000000 0.204496 0.683767 0.683767 0.683767
4001.902157 0.000000 3609.707671 0.000000 -0.480043 0.000000 0.877245 0.745984 0.745984 0.745984
3994.700766 0.000000 3606.192921 0.000000 0.983015 0.000000 0.183523 0.685272 0.685272 0.685272
3689.931204 0.000000 3605.243934 0.000000 0.977465 0.000000 0.211099 0.764878 0.764878 0.764878
3690.592511 0.000000 3605.899395 0.000000 0.991792 0.000000 0.127862 0.786445 0.786445 0.786445
3915.670506 0.000000 3603.064089 0.000000 0.859101 0.000000 0.511806 0.655120 0.655120 0.655120
4347.133040 0.000000 3598.748482 0.000000 -0.954949 0.000000 0.296769 0.852004 0.852004 0.852004
3814.977308 0.000000 3595.539225 0.000000 0.997511 0.000000 0.070516 0.799048 0.799048 0.799048
3984.561317 0.000000 3595.582830 0.000000 0.798579 0.000000 0.601891 0.738211 0.738211 0.738211
4016.373858 0.000000 3595.319749 0.000000 0.689631 0.000000 0.724161 0.852140 0.852140 0.852140
4090.656124 0.000000 3595.869013 0.000000 0.845254 0.000000 0.534365 0.673398 0.673398 0.673398
4122.357448 0.000000 3595.805970 0.000000 -0.423430 0.000000 0.905929 0.788064 0.788064 0.788064
4303.777716 0.000000 3595.951615 0.000000 0.908928 0.000000 0.416953 0.786238 0.786238 0.786238
4350.444459 0.000000 3595.783408 0.000000 -0.924217 0.000000 0.381867 0.690314 0.690314 0.690314
5511.495114 0.000000 3595.182959 0.000000 0.982121 0.000000 0.188252 0.639533 0.639533 0.639533
4057.971281 0.000000 3594.293646 0.000000 -0.979909 0.000000 0.199447 0.783226 0.783226 0.783226
4106.214373 0.000000 3594.546322 0.000000 -0.291095 0.000000 0.956694 0.854689 0.854689 0.854689
5105.233213 0.000000 3592.621315 0.000000 -0.900209 0.000000 0.435459 0.746466 0.746466 0.746466
4299.805233 0.000000 3587.207913 0.000000 0.988130 0.000000 0.153619 0.851953 0.851953 0.851953
3859.986148 0.000000 3585.589237 0.000000 0.994589 0.000000 0.103885 0.763021 0.763021 0.763021
4357.677387 0.000000 3584.366297 0.000000 -0.950214 0.000000 0.311597 0.778128 0.778128 0.778128
3695.511918 0.000000 3583.982144 0.000000 0.935289 0.000000 0.353884 0.750341 0.750341 0.750341
3870.556095 0.000000 3580.487890 0.000000 -0.974711 0.000000 0.223468 0.677520 0.677520 0.677520
3745.015666 0.000000 3579.361684 0.000000 -0.835792 0.000000 0.549046 0.886818 0.886818 0.886818
6657.182071 0.000000 3579.482772 0.000000 0.999951 0.000000 0.009946 0.712914 0.712914 0.712914
6627.381081 0.000000 3578.455738 0.000000 -0.661417 0.000000 0.750019 0.835801 0.835801 0.835801
3690.137260 0.000000 3577.856528 0.000000 0.691819 0.000000 0.722071 0.778930 0.778930 0.778930
3747.606974 0.000000 3577.041755 0.000000 -0.677275 0.000000 0.735730 0.769833 0.769833 0.769833
3827.321301 0.000000 3577.532121 0.000000 0.994465 0.000000 0.105072 0.640662 0.640662 0.640662
4117.990495 0.000000 3577.122561 0.000000 -0.564683 0.000000 0.825308 0.704166 0.704166 0.704166
4294.572785 0.000000 3577.210732 0.000000 0.646151 0.000000 0.763210 0.855450 0.855450 0.855450
4364.908909 0.000000 3577.391098 0.000000 -0.842655 0.000000 0.538454 0.693413 0.693413 0.693413
6627.561665 0.000000 3577.046270 0.000000 -0.491501 0.000000 0.870877 0.859297 0.859297 0.859297
8072.647010 0.000000 3576.825340 0.000000 0.559666 0.000000 0.828718 0.752134 0.752134 0.752134
3739.923689 0.000000 3575.234704 0.000000 0.233845 0.000000 0.972274 0.722638 0.722638 0.722638
6697.379354 0.000000 3575.487936 0.000000 -0.811944 0.000000 0.583736 0.685051 0.685051 0.685051
5539.225709 0.000000 3574.320121 0.000000 0.998906 0.000000 0.046768 0.795016 0.795016 0.795016
6676.517826 0.000000 3572.724408 0.000000 0.570856 0.000000 0.821051 0.849840 0.849840 0.849840
4023.908672 0.000000 3571.401486 0.000000 0.998866 0.000000 0.047603 0.808019 0.808019 0.808019
6678.941026 0.000000 3571.747570 0.000000 0.439262 0.000000 0.898359 0.833992 0.833992 0.833992
5939.514881 0.000000 3569.472897 0.000000 0.898559 0.000000 0.438853 0.703429 0.703429 0.703429
5940.559258 0.000000 3569.610679 0.000000 0.919597 0.000000 0.392863 0.760019 0.760019 0.760019
4302.152024 0.000000 3568.885080 0.000000 0.343653 0.000000 0.939097 0.869576 0.869576 0.869576
4012.334937 0.000000 3565.751407 0.000000 0.734458 0.000000 0.678654 0.874850 0.874850 0.874850
5037.634104 0.000000 3565.568509 0.000000 0.443387 0.000000 0.896330 0.641245 0.641245 0.641245
8082.634131 0.000000 3565.142140 0.000000 0.365166 0.000000 0.930943 0.778486 0.778486 0.778486
8522.925314 0.000000 3564.041762 0.000000 -0.934626 0.000000 0.355632 0.813227 0.813227 0.813227
3806.450049 0.000000 3562.665696 0.000000 0.976904 0.000000 0.213677 0.859142 0.859142 0.859142
5040.778563 0.000000 3562.139244 0.000000 0.266399 0.000000 0.963863 0.787845 0.787845 0.787845
4218.372488 0.000000 3560.181347 0.000000 0.999914 0.000000 0.013082 0.663076 0.663076 0.663076
3802.726414 0.000000 3559.897182 0.000000 0.887047 0.000000 0.461680 0.664491 0.664491 0.664491
4218.730396 0.000000 3559.116176 0.000000 0.999638 0.000000 -0.026918 0.762493 0.762493 0.762493
4307.518178 0.000000 3559.347643 0.000000 0.509187 0.000000 0.860656 0.726662 0.726662 0.726662
4356.965173 0.000000 3559.439892 0.000000 0.961335 0.000000 0.275383 0.697132 0.697132 0.697132
5942.140193 0.000000 3559.019211 0.000000 0.462622 0.000000 0.886556 0.658460 0.658460 0.658460
8087.364474 0.000000 3559.563455 0.000000 0.396882 0.000000 0.917870 0.670362 0.670362 0.670362
4067.199537 0.000000 3558.609349 0.000000 0.964864 0.000000 0.262749 0.769086 0.769086 0.769086
4068.091341 0.000000 3558.055486 0.000000 0.995496 0.000000 0.094803 0.853144 0.853144 0.853144
5045.881743 0.000000 3558.340820 0.000000 0.453336 0.000000 0.891340 0.704070 0.704070 0.704070
4043.240354 0.000000 3557.626456 0.000000 -0.857039 0.000000 0.515252 0.850592 0.850592 0.850592
4355.431167 0.000000 3557.884243 0.000000 0.913780 0.000000 0.406210 0.828884 0.828884 0.828884
7302.693844 0.000000 3557.228503 0.000000 0.996316 0.000000 0.085759 0.797493 0.797493 0.797493
7308.551050 0.000000 3557.933396 0.000000 -0.977209 0.000000 0.212282 0.688189 0.688189 0.688189
5088.301221 0.000000 3556.845942 0.000000 -0.449105 0.000000 0.893479 0.679569 0.679569 0.679569
1089.177908 0.000000 3555.944130 0.000000 -0.349176 0.000000 0.937057 0.828806 0.828806 0.828806
6621.552829 0.000000 3552.523373 0.000000 -0.751511 0.000000 0.659720 0.707094 0.707094 0.707094
5844.131776 0.000000 3548.041463 0.000000 -0.697695 0.000000 0.716395 0.669629 0.669629 0.669629
6626.388186 0.000000 3548.065078 0.000000 -0.995199 0.000000 0.097875 0.790880 0.790880 0.790880
7335.166203 0.000000 3546.223370 0.000000 -0.999696 0.000000 0.024652 0.660072 0.660072 0.660072
7348.132426 0.000000 3545.932701 0.000000 0.998535 0.000000 -0.054110 0.670292 0.670292 0.670292
5555.118259 0.000000 3544.151072 0.000000 0.145129 0.000000 0.989413 0.832278 0.832278 0.832278
5217.213074 0.000000 3543.623877 0.000000 0.916254 0.000000 0.400597 0.653544 0.653544 0.653544
4042.323917 0.000000 3541.274090 0.000000 -0.489583 0.000000 0.871957 0.782466 0.782466 0.782466
5217.257290 0.000000 3541.302794 0.000000 0.863368 0.000000 0.504574 0.662299 0.662299 0.662299
5560.070650 0.000000 3541.879162 0.000000 0.410426 0.000000 0.911894 0.677098 0.677098 0.677098
6622.995885 0.000000 3541.475808 0.000000 0.768618 0.000000 0.639708 0.848852 0.848852 0.848852
7354.245532 0.000000 3541.735077 0.000000 -0.767803 0.000000 0.640685 0.703492 0.703492 0.703492
5562.600465 0.000000 3540.945965 0.000000 0.180864 0.000000 0.983508 0.859718 0.859718 0.859718
4029.420202 0.000000 3537.484117 0.000000 -0.224020 0.000000 0.974584 0.765442 0.765442 0.765442
5507.922584 0.000000 3531.811969 0.000000 -0.999121 0.000000 0.041919 0.799229 0.799229 0.799229
5508.400805 0.000000 3531.171578 0.000000 -0.987425 0.000000 0.158088 0.768876 0.768876 0.768876
5220.616533 0.000000 3528.768626 0.000000 0.283101 0.000000 0.959090 0.719644 0.719644 0.719644
4012.496387 0.000000 3526.452641 0.000000 -0.180101 0.000000 0.983648 0.728664 0.728664 0.728664
4098.815698 0.000000 3526.070213 0.000000 0.836403 0.000000 0.548116 0.877268 0.877268 0.877268
8117.115430 0.000000 3524.521802 0.000000 0.268533 0.000000 0.963271 0.856716 0.856716 0.856716
4098.516356 0.000000 3523.830482 0.000000 0.728806 0.000000 0.684720 0.887220 0.887220 0.887220
5509.429582 0.000000 3523.865562 0.000000 -0.577878 0.000000 0.816123 0.723381 0.723381 0.723381
8118.473833 0.000000 3523.826356 0.000000 0.401213 0.000000 0.915985 0.658974 0.658974 0.658974
5227.593552 0.000000 3522.977058 0.000000 0.869061 0.000000 0.494705 0.663619 0.663619 0.663619
5500.221698 0.000000 3521.162165 0.000000 0.227928 0.000000 0.973678 0.781846 0.781846 0.781846
3917.157831 0.000000 3520.837512 0.000000 0.655533 0.000000 0.755167 0.864433 0.864433 0.864433
1155.285543 0.000000 3519.792612 0.000000 0.948990 0.000000 0.315307 0.804820 0.804820 0.804820
4107.099607 0.000000 3515.054670 0.000000 -0.372619 0.000000 0.927985 0.811356 0.811356 0.811356
4279.890755 0.000000 3514.898374 0.000000 0.998466 0.000000 0.055370 0.880194 0.880194 0.880194
5238.694579 0.000000 3513.871208 0.000000 -0.122539 0.000000 0.992464 0.673124 0.673124 0.673124
5256.973707 0.000000 3513.401386 0.000000 0.098012 0.000000 0.995185 0.777990 0.777990 0.777990
3881.614907 0.000000 3512.789046 0.000000 0.995204 0.000000 -0.097820 0.802168 0.802168 0.802168
4284.355381 0.000000 3512.420042 0.000000 -0.992035 0.000000 0.125966 0.757946 0.757946 0.757946
8214.100046 0.000000 3510.099505 0.000000 0.939597 0.000000 0.342283 0.662354 0.662354 0.662354
5274.499785 0.000000 3509.441607 0.000000 0.389431 0.000000 0.921056 0.637633 0.637633 0.637633
8155.133859 0.000000 3509.959417 0.000000 -0.844568 0.000000 0.535449 0.754511 0.754511 0.754511
8143.353346 0.000000 3508.264670 0.000000 0.367327 0.000000 0.930092 0.708243 0.708243 0.708243
7380.948932 0.000000 3507.503836 0.000000 -0.927797 0.000000 0.373084 0.802857 0.802857 0.802857
5280.287921 0.000000 3505.449741 0.000000 0.271928 0.000000 0.962318 0.718943 0.718943 0.718943
7381.667559 0.000000 3505.117573 0.000000 -0.917842 0.000000 0.396946 0.858478 0.858478 0.858478
8147.707868 0.000000 3505.407127 0.000000 0.392958 0.000000 0.919556 0.629297 0.629297 0.629297
8158.017787 0.000000 3505.461721 0.000000 -0.662268 0.000000 0.749267 0.872166 0.872166 0.872166
5302.051234 0.000000 3504.092233 0.000000 0.999391 0.000000 -0.034882 0.819076 0.819076 0.819076
3814.710594 0.000000 3497.037131 0.000000 0.644600 0.000000 0.764520 0.664273 0.664273 0.664273
5352.191633 0.000000 3496.702739 0.000000 0.818498 0.000000 0.574510 0.881277 0.881277 0.881277
8503.661143 0.000000 3496.446352 0.000000 -0.435252 0.000000 0.900309 0.797661 0.797661 0.797661
3816.096900 0.000000 3494.300672 0.000000 0.422054 0.000000 0.906571 0.638057 0.638057 0.638057
3870.721896 0.000000 3492.221040 0.000000 -0.540762 0.000000 0.841175 0.706955 0.706955 0.706955
3866.063831 0.000000 3487.895440 0.000000 -0.036059 0.000000 0.999350 0.785027 0.785027 0.785027
3870.460476 0.000000 3487.091962 0.000000 -0.359695 0.000000 0.933070 0.742173 0.742173 0.742173
5354.618051 0.000000 3487.964431 0.000000 0.345551 0.000000 0.938400 0.749865 0.749865 0.749865
5586.542310 0.000000 3487.753571 0.000000 0.496803 0.000000 0.867863 0.835982 0.835982 0.835982
5483.480945 0.000000 3484.515424 0.000000 -0.944368 0.000000 0.328892 0.853201 0.853201 0.853201
5734.646576 0.000000 3482.976456 0.000000 0.986429 0.000000 0.164188 0.672348 0.672348 0.672348
5718.072341 0.000000 3480.413139 0.000000 0.994764 0.000000 0.102200 0.779145 0.779145 0.779145
4287.587537 0.000000 3479.079124 0.000000 0.999804 0.000000 -0.019775 0.669019 0.669019 0.669019
6731.695518 0.000000 3477.927835 0.000000 0.941873 0.000000 0.335970 0.878170 0.878170 0.878170
6732.086417 0.000000 3477.389109 0.000000 0.944051 0.000000 0.329798 0.772701 0.772701 0.772701
5649.915134 0.000000 3473.682004 0.000000 0.999952 0.000000 0.009769 0.856165 0.856165 0.856165
5652.011744 0.000000 3472.008383 0.000000 -0.758530 0.000000 0.651638 0.667726 0.667726 0.667726
5642.522600 0.000000 3469.059347 0.000000 -0.689375 0.000000 0.724405 0.843680 0.843680 0.843680
5473.561904 0.000000 3467.721422 0.000000 -0.313198 0.000000 0.949688 0.770367 0.770367 0.770367
6609.230858 0.000000 3467.442619 0.000000 0.987885 0.000000 0.155185 0.807469 0.807469 0.807469
5471.366046 0.000000 3465.558587 0.000000 -0.107109 0.000000 0.994247 0.813142 0.813142 0.813142
4320.500471 0.000000 3461.576202 0.000000 0.989204 0.000000 0.146547 0.840060 0.840060 0.840060
4319.779388 0.000000 3459.669103 0.000000 0.919097 0.000000 0.394031 0.695749 0.695749 0.695749
3490.878124 0.000000 3455.066272 0.000000 0.992152 0.000000 0.125035 0.780633 0.780633 0.780633
3492.401832 0.000000 3455.069507 0.000000 -0.993083 0.000000 0.117414 0.847134 0.847134 0.847134
5922.572009 0.000000 3453.818574 0.000000 0.983489 0.000000 0.180971 0.704526 0.704526 0.704526
4147.480056 0.000000 3452.208817 0.000000 0.816602 0.000000 0.577201 0.848254 0.848254 0.848254
3498.864568 0.000000 3451.763464 0.000000 -0.905377 0.000000 0.424610 0.678369 0.678369 0.678369
4147.323955 0.000000 3451.943453 0.000000 0.823751 0.000000 0.566951 0.713833 0.713833 0.713833
5687.121801 0.000000 3451.502744 0.000000 0.976609 0.000000 0.215023 0.867040 0.867040 0.867040
5688.541116 0.000000 3451.871993 0.000000 0.957201 0.000000 0.289425 0.740926 0.740926 0.740926
5930.540050 0.000000 3451.215395 0.000000 -0.957600 0.000000 0.288099 0.737292 0.737292 0.737292
6602.981475 0.000000 3451.032454 0.000000 -0.828069 0.000000 0.560626 0.779555 0.779555 0.779555
4349.196532 0.000000 3441.942568 0.000000 0.990805 0.000000 0.135299 0.876679 0.876679 0.876679
4356.130869 0.000000 3441.671676 0.000000 -0.989695 0.000000 0.143189 0.745890 0.745890 0.745890
8211.720912 0.000000 3436.155778 0.000000 0.932395 0.000000 0.361441 0.667637 0.667637 0.667637
5583.585221 0.000000 3434.489860 0.000000 0.882939 0.000000 0.469488 0.658697 0.658697 0.658697
4358.673425 0.000000 3433.629884 0.000000 -0.650129 0.000000 0.759824 0.672739 0.672739 0.672739
5583.355840 0.000000 3433.216845 0.000000 0.810825 0.000000 0.585289 0.698558 0.698558 0.698558
6604.350927 0.000000 3433.600306 0.000000 0.999776 0.000000 -0.021146 0.695794 0.695794 0.695794
6606.166623 0.000000 3433.510777 0.000000 0.998985 0.000000 -0.045048 0.645127 0.645127 0.645127
8208.179724 0.000000 3433.796067 0.000000 0.914378 0.000000 0.404862 0.791624 0.791624 0.791624
8207.087123 0.000000 3432.497953 0.000000 0.898482 0.000000 0.439010 0.751353 0.751353 0.751353
5049.890808 0.000000 3423.029401 0.000000 0.948886 0.000000 0.315619 0.782875 0.782875 0.782875
6613.952489 0.000000 3415.595801 0.000000 -0.660017 0.000000 0.751251 0.818769 0.818769 0.818769
5733.873734 0.000000 3411.940012 0.000000 -0.964315 0.000000 0.264759 0.813829 0.813829 0.813829
4374.752641 0.000000 3404.339963 0.000000 0.999641 0.000000 0.026807 0.696352 0.696352 0.696352
6545.882143 0.000000 3393.133406 0.000000 -0.765148 0.000000 0.643854 0.748883 0.748883 0.748883
4373.659107 0.000000 3389.928376 0.000000 0.966822 0.000000 0.255449 0.662275 0.662275 0.662275
4374.607391 0.000000 3389.702261 0.000000 0.985487 0.000000 0.169749 0.648917 0.648917 0.648917
1007.634363 0.000000 3386.839190 0.000000 -0.999824 0.000000 0.018767 0.775680 0.775680 0.775680
1008.626143 0.000000 3386.436298 0.000000 -0.993087 0.000000 0.117379 0.697439 0.697439 0.697439
5537.268386 0.000000 3386.364569 0.000000 0.920424 0.000000 0.390922 0.737108 0.737108 0.737108
970.108989 0.000000 3385.155096 0.000000 0.999622 0.000000 -0.027509 0.874614 0.874614 0.874614
6574.209521 0.000000 3385.574696 0.000000 0.713192 0.000000 0.700969 0.656630 0.656630 0.656630
6595.362998 0.000000 3384.067453 0.000000 -0.377460 0.000000 0.926026 0.690826 0.690826 0.690826
4371.303320 0.000000 3379.795213 0.000000 0.556501 0.000000 0.830847 0.673372 0.673372 0.673372
6580.106065 0.000000 3379.933787 0.000000 0.637835 0.000000 0.770173 0.853254 0.853254 0.853254
6589.298356 0.000000 3379.980532 0.000000 -0.741128 0.000000 0.671363 0.760771 0.760771 0.760771
4374.689841 0.000000 3374.149473 0.000000 0.471777 0.000000 0.881718 0.882197 0.882197 0.882197
4193.845338 0.000000 3371.560955 0.000000 0.788567 0.000000 0.614949 0.863403 0.863403 0.863403
5741.678565 0.000000 3371.976025 0.000000 -0.628562 0.000000 0.777759 0.704170 0.704170 0.704170
4194.605093 0.000000 3366.679426 0.000000 0.347911 0.000000 0.937528 0.684729 0.684729 0.684729
5527.067946 0.000000 3361.856823 0.000000 0.961031 0.000000 0.276440 0.753867 0.753867 0.753867
6542.226028 0.000000 3360.435025 0.000000 -0.919738 0.000000 0.392533 0.781965 0.781965 0.781965
4350.978062 0.000000 3356.875011 0.000000 -0.333885 0.000000 0.942614 0.781869 0.781869 0.781869
5525.577109 0.000000 3356.259020 0.000000 0.770317 0.000000 0.637661 0.772000 0.772000 0.772000
4207.566777 0.000000 3354.924449 0.000000 0.998715 0.000000 0.050678 0.742408 0.742408 0.742408
4219.383798 0.000000 3346.085251 0.000000 0.517065 0.000000 0.855946 0.836058 0.836058 0.836058
4220.339825 0.000000 3343.131980 0.000000 0.286587 0.000000 0.958054 0.803540 0.803540 0.803540
5696.362042 0.000000 3327.885407 0.000000 -0.646563 0.000000 0.762860 0.793764 0.793764 0.793764
5696.064331 0.000000 3325.060960 0.000000 -0.605119 0.000000 0.796135 0.783416 0.783416 0.783416
6744.496353 0.000000 3322.865532 0.000000 0.997342 0.000000 -0.072868 0.701333 0.701333 0.701333
6522.686394 0.000000 3317.488981 0.000000 -0.635259 0.000000 0.772299 0.830946 0.830946 0.830946
7443.377489 0.000000 3317.783324 0.000000 -0.478732 0.000000 0.877961 0.809046 0.809046 0.809046
6510.320325 0.000000 3314.547561 0.000000 0.296021 0.000000 0.955182 0.666709 0.666709 0.666709
6750.103072 0.000000 3310.443937 0.000000 -0.746487 0.000000 0.665400 0.656589 0.656589 0.656589
6497.292708 0.000000 3309.474405 0.000000 0.867364 0.000000 0.497675 0.644639 0.644639 0.644639
6496.307362 0.000000 3307.944320 0.000000 0.639090 0.000000 0.769132 0.736816 0.736816 0.736816
6498.065045 0.000000 3307.768668 0.000000 0.692882 0.000000 0.721051 0.793931 0.793931 0.793931
6750.621073 0.000000 3307.348884 0.000000 -0.672876 0.000000 0.739755 0.705221 0.705221 0.705221
7436.058751 0.000000 3307.156551 0.000000 -0.454863 0.000000 0.890561 0.847224 0.847224 0.847224
6749.907453 0.000000 3305.920508 0.000000 -0.637814 0.000000 0.770191 0.751251 0.751251 0.751251
7432.025780 0.000000 3304.484095 0.000000 -0.213554 0.000000 0.976931 0.647151 0.647151 0.647151
7405.215825 0.000000 3302.229708 0.000000 0.448237 0.000000 0.893915 0.733680 0.733680 0.733680
7375.223270 0.000000 3299.136429 0.000000 -0.327637 0.000000 0.944804 0.744436 0.744436 0.744436
3582.994837 0.000000 3297.364516 0.000000 -0.991872 0.000000 0.127239 0.880408 0.880408 0.880408
5099.886842 0.000000 3294.624048 0.000000 -0.221870 0.000000 0.975076 0.717377 0.717377 0.717377
3591.427666 0.000000 3289.802255 0.000000 -0.807070 0.000000 0.590456 0.886505 0.886505 0.886505
8168.925197 0.000000 3273.909462 0.000000 0.951190 0.000000 0.308607 0.760940 0.760940 0.760940
8168.052250 0.000000 3271.657699 0.000000 0.862755 0.000000 0.505623 0.882420 0.882420 0.882420
6413.138476 0.000000 3227.279880 0.000000 -0.899900 0.000000 0.436096 0.806135 0.806135 0.806135
3616.139517 0.000000 3222.618322 0.000000 -0.964161 0.000000 0.265319 0.856842 0.856842 0.856842
3618.100743 0.000000 3222.181273 0.000000 -0.953813 0.000000 0.300400 0.835876 0.835876 0.835876
3619.743482 0.000000 3217.814599 0.000000 -0.631171 0.000000 0.775644 0.755916 0.755916 0.755916
6415.284566 0.000000 3217.643801 0.000000 -0.552537 0.000000 0.833488 0.770129 0.770129 0.770129
5742.576694 0.000000 3216.153301 0.000000 -0.959035 0.000000 0.283288 0.733443 0.733443 0.733443
3616.273598 0.000000 3214.044345 0.000000 -0.297905 0.000000 0.954595 0.660555 0.660555 0.660555
6399.110464 0.000000 3214.615671 0.000000 0.242069 0.000000 0.970259 0.764548 0.764548 0.764548
6363.808059 0.000000 3205.036027 0.000000 0.422647 0.000000 0.906295 0.672044 0.672044 0.672044
6377.443242 0.000000 3205.495017 0.000000 -0.724600 0.000000 0.689169 0.823575 0.823575 0.823575
5738.720440 0.000000 3199.735904 0.000000 0.658762 0.000000 0.752352 0.883218 0.883218 0.883218
6864.688699 0.000000 3187.182031 0.000000 0.690363 0.000000 0.723463 0.792715 0.792715 0.792715
3681.347341 0.000000 3183.270478 0.000000 0.989075 0.000000 0.147411 0.809711 0.809711 0.809711
4385.773087 0.000000 3183.237485 0.000000 0.621656 0.000000 0.783291 0.790116 0.790116 0.790116
4385.293147 0.000000 3181.644839 0.000000 0.596680 0.000000 0.802480 0.689959 0.689959 0.689959
6867.553461 0.000000 3181.993274 0.000000 0.420789 0.000000 0.907158 0.658604 0.658604 0.658604
410.599924 0.000000 3170.869515 0.000000 0.999650 0.000000 -0.026469 0.876806 0.876806 0.876806
6337.544792 0.000000 3169.859566 0.000000 -0.488324 0.000000 0.872663 0.716971 0.716971 0.716971
6335.300946 0.000000 3168.613876 0.000000 -0.372938 0.000000 0.927856 0.761729 0.761729 0.761729
6317.890323 0.000000 3165.272672 0.000000 0.240224 0.000000 0.970718 0.852062 0.852062 0.852062
404.520343 0.000000 3163.781301 0.000000 0.876746 0.000000 0.480955 0.750136 0.750136 0.750136
6321.350368 0.000000 3163.939998 0.000000 0.172527 0.000000 0.985005 0.755081 0.755081 0.755081
5138.338570 0.000000 3157.937622 0.000000 -0.968200 0.000000 0.250176 0.872759 0.872759 0.872759
3876.865517 0.000000 3156.280482 0.000000 0.999999 0.000000 0.001335 0.726619 0.726619 0.726619
5750.889716 0.000000 3150.765310 0.000000 0.840107 0.000000 0.542420 0.826121 0.826121 0.826121
6299.228768 0.000000 3146.271464 0.000000 -0.975003 0.000000 0.222190 0.852390 0.852390 0.852390
6300.255427 0.000000 3146.821298 0.000000 -0.952521 0.000000 0.304472 0.764661 0.764661 0.764661
406.008755 0.000000 3145.798026 0.000000 -0.514192 0.000000 0.857675 0.659252 0.659252 0.659252
5143.385050 0.000000 3145.168557 0.000000 -0.479493 0.000000 0.877546 0.834074 0.834074 0.834074
5749.074252 0.000000 3145.737590 0.000000 0.502265 0.000000 0.864714 0.706134 0.706134 0.706134
6301.348567 0.000000 3145.347710 0.000000 -0.824704 0.000000 0.565565 0.698925 0.698925 0.698925
6753.843993 0.000000 3143.648644 0.000000 0.998771 0.000000 0.049557 0.837566 0.837566 0.837566
6299.146110 0.000000 3140.678988 0.000000 -0.361215 0.000000 0.932483 0.693604 0.693604 0.693604
3907.181708 0.000000 3134.651394 0.000000 -0.863780 0.000000 0.503869 0.775556 0.775556 0.775556
395.325788 0.000000 3133.910801 0.000000 -0.254586 0.000000 0.967050 0.849690 0.849690 0.849690
385.153972 0.000000 3127.910060 0.000000 -0.211358 0.000000 0.977409 0.795768 0.795768 0.795768
377.219855 0.000000 3123.335933 0.000000 0.133665 0.000000 0.991027 0.677192 0.677192 0.677192
5767.335900 0.000000 3121.158504 0.000000 0.749683 0.000000 0.661797 0.766622 0.766622 0.766622
7006.878481 0.000000 3104.289626 0.000000 0.422474 0.000000 0.906375 0.810915 0.810915 0.810915
6298.230600 0.000000 3103.492981 0.000000 -0.886082 0.000000 0.463529 0.634629 0.634629 0.634629
7242.377788 0.000000 3096.412146 0.000000 0.997284 0.000000 0.073646 0.687048 0.687048 0.687048
6295.622702 0.000000 3091.235671 0.000000 -0.422550 0.000000 0.906340 0.692436 0.692436 0.692436
7252.063694 0.000000 3091.272462 0.000000 -0.641741 0.000000 0.766921 0.784377 0.784377 0.784377
994.145700 0.000000 3085.139448 0.000000 0.870265 0.000000 0.492584 0.769503 0.769503 0.769503
5790.566654 0.000000 3082.891257 0.000000 0.647719 0.000000 0.761879 0.844178 0.844178 0.844178
7475.427170 0.000000 3082.184601 0.000000 -0.654533 0.000000 0.756033 0.738952 0.738952 0.738952
7455.782335 0.000000 3074.660075 0.000000 0.346973 0.000000 0.937875 0.658523 0.658523 0.658523
5792.989515 0.000000 3073.012639 0.000000 0.517885 0.000000 0.855451 0.712067 0.712067 0.712067
7458.444592 0.000000 3073.826243 0.000000 0.287361 0.000000 0.957822 0.674066 0.674066 0.674066
1002.557230 0.000000 3067.742207 0.000000 0.512854 0.000000 0.858476 0.779789 0.779789 0.779789
6233.869317 0.000000 3049.669128 0.000000 -0.520514 0.000000 0.853853 0.724627 0.724627 0.724627
5796.336864 0.000000 3047.578627 0.000000 0.999978 0.000000 0.006615 0.734750 0.734750 0.734750
6112.936628 0.000000 3041.248795 0.000000 -0.414909 0.000000 0.909863 0.801202 0.801202 0.801202
5796.901769 0.000000 3036.612540 0.000000 -0.010837 0.000000 0.999941 0.705438 0.705438 0.705438
5796.218623 0.000000 3019.972198 0.000000 -0.999889 0.000000 -0.014868 0.694165 0.694165 0.694165
6099.627618 0.000000 3015.139374 0.000000 -0.807305 0.000000 0.590135 0.682964 0.682964 0.682964
4641.351762 0.000000 3008.268337 0.000000 0.982854 0.000000 0.184385 0.853585 0.853585 0.853585
4644.912105 0.000000 3008.433321 0.000000 0.992675 0.000000 0.120818 0.794852 0.794852 0.794852
4635.040141 0.000000 3001.329948 0.000000 0.877905 0.000000 0.478836 0.725519 0.725519 0.725519
7511.426593 0.000000 3001.509504 0.000000 0.831577 0.000000 0.555409 0.767485 0.767485 0.767485
7524.280952 0.000000 3000.999498 0.000000 -0.960899 0.000000 0.276899 0.777880 0.777880 0.777880
7504.533082 0.000000 2997.917384 0.000000 0.858455 0.000000 0.512889 0.740133 0.740133 0.740133
1621.594992 0.000000 2996.265411 0.000000 0.961362 0.000000 0.275286 0.875494 0.875494 0.875494
3868.810156 0.000000 2994.128826 0.000000 -0.881698 0.000000 0.471814 0.667661 0.667661 0.667661
6085.425531 0.000000 2990.103429 0.000000 -0.482649 0.000000 0.875814 0.857960 0.857960 0.857960
3870.785167 0.000000 2989.133802 0.000000 -0.910801 0.000000 0.412845 0.733169 0.733169 0.733169
1797.596986 0.000000 2987.222140 0.000000 -0.668568 0.000000 0.743651 0.797296 0.797296 0.797296
6075.605321 0.000000 2984.033573 0.000000 -0.856399 0.000000 0.516314 0.778599 0.778599 0.778599
1794.596246 0.000000 2983.120646 0.000000 -0.048320 0.000000 0.998832 0.777080 0.777080 0.777080
6075.536553 0.000000 2983.817654 0.000000 -0.885225 0.000000 0.465162 0.886628 0.886628 0.886628
3866.510694 0.000000 2982.266829 0.000000 -0.374986 0.000000 0.927030 0.883361 0.883361 0.883361
1620.498020 0.000000 2977.610543 0.000000 0.266792 0.000000 0.963754 0.716163 0.716163 0.716163
4730.339786 0.000000 2975.294471 0.000000 0.626355 0.000000 0.779538 0.770924 0.770924 0.770924
1521.389660 0.000000 2970.534350 0.000000 0.999841 0.000000 -0.017852 0.701083 0.701083 0.701083
5989.130719 0.000000 2970.075512 0.000000 0.387139 0.000000 0.922021 0.874229 0.874229 0.874229
7538.902125 0.000000 2970.218646 0.000000 -0.801083 0.000000 0.598553 0.674364 0.674364 0.674364
7417.547942 0.000000 2968.250704 0.000000 0.952694 0.000000 0.303931 0.790716 0.790716 0.790716
4702.870556 0.000000 2967.289513 0.000000 -0.997867 0.000000 0.065287 0.672920 0.672920 0.672920
6051.107343 0.000000 2967.049707 0.000000 -0.257722 0.000000 0.966219 0.883270 0.883270 0.883270
4706.887946 0.000000 2965.179084 0.000000 -0.912717 0.000000 0.408593 0.755601 0.755601 0.755601
7416.235214 0.000000 2965.431904 0.000000 0.782764 0.000000 0.622319 0.846971 0.846971 0.846971
7541.688717 0.000000 2965.909252 0.000000 -0.686055 0.000000 0.727550 0.663626 0.663626 0.663626
7542.162404 0.000000 2965.116005 0.000000 -0.664246 0.000000 0.747514 0.838844 0.838844 0.838844
6015.524802 0.000000 2962.226078 0.000000 0.081023 0.000000 0.996712 0.830940 0.830940 0.830940
6036.779692 0.000000 2962.387774 0.000000 0.015464 0.000000 0.999880 0.768416 0.768416 0.768416
9178.805576 0.000000 2959.634045 0.000000 0.937339 0.000000 0.348419 0.868308 0.868308 0.868308
9180.489050 0.000000 2959.631208 0.000000 0.971741 0.000000 0.236052 0.753364 0.753364 0.753364
9226.906552 0.000000 2957.941268 0.000000 -0.995742 0.000000 0.092178 0.723644 0.723644 0.723644
9234.837021 0.000000 2952.190541 0.000000 -0.977876 0.000000 0.209183 0.664969 0.664969 0.664969
7517.270379 0.000000 2950.325301 0.000000 -0.266469 0.000000 0.963843 0.832144 0.832144 0.832144
9235.018248 0.000000 2947.301492 0.000000 -0.830501 0.000000 0.557018 0.682892 0.682892 0.682892
9233.512746 0.000000 2943.081700 0.000000 -0.865928 0.000000 0.500169 0.858074 0.858074 0.858074
1797.532447 0.000000 2939.574601 0.000000 -0.877801 0.000000 0.479026 0.660527 0.660527 0.660527
1800.251308 0.000000 2938.494699 0.000000 -0.868760 0.000000 0.495234 0.775226 0.775226 0.775226
1654.668785 0.000000 2933.618718 0.000000 0.970632 0.000000 0.240571 0.665522 0.665522 0.665522
9180.304613 0.000000 2933.408531 0.000000 -0.116646 0.000000 0.993174 0.781905 0.781905 0.781905
1652.984575 0.000000 2929.460305 0.000000 0.850695 0.000000 0.525659 0.783088 0.783088 0.783088
1802.885573 0.000000 2929.855413 0.000000 -0.587166 0.000000 0.809467 0.775694 0.775694 0.775694
1556.786735 0.000000 2927.506482 0.000000 -0.958823 0.000000 0.284004 0.782097 0.782097 0.782097
4590.351598 0.000000 2927.543959 0.000000 0.923859 0.000000 0.382732 0.782076 0.782076 0.782076
1795.719154 0.000000 2926.881923 0.000000 0.157098 0.000000 0.987583 0.723901 0.723901 0.723901
4589.227974 0.000000 2926.136125 0.000000 0.905639 0.000000 0.424050 0.843544 0.843544 0.843544
1566.061848 0.000000 2925.049084 0.000000 -0.982943 0.000000 0.183910 0.709790 0.709790 0.709790
1656.939193 0.000000 2919.127239 0.000000 0.418799 0.000000 0.908079 0.737529 0.737529 0.737529
7473.939807 0.000000 2912.560071 0.000000 -0.559476 0.000000 0.828847 0.799410 0.799410 0.799410
1559.842392 0.000000 2911.653577 0.000000 0.289567 0.000000 0.957158 0.663237 0.663237 0.663237
1567.202493 0.000000 2911.593538 0.000000 -0.462555 0.000000 0.886590 0.742749 0.742749 0.742749
1664.823274 0.000000 2911.356115 0.000000 0.393208 0.000000 0.919450 0.737091 0.737091 0.737091
1787.313245 0.000000 2911.889294 0.000000 -0.306183 0.000000 0.951973 0.643156 0.643156 0.643156
7473.646493 0.000000 2911.799238 0.000000 -0.489467 0.000000 0.872022 0.733039 0.733039 0.733039
9286.236421 0.000000 2911.895745 0.000000 0.974126 0.000000 0.226004 0.668179 0.668179 0.668179
6862.101823 0.000000 2909.333579 0.000000 -0.623955 0.000000 0.781460 0.774899 0.774899 0.774899
9205.513222 0.000000 2909.895393 0.000000 0.849553 0.000000 0.527503 0.673264 0.673264 0.673264
6852.564797 0.000000 2904.569021 0.000000 0.252591 0.000000 0.967573 0.723858 0.723858 0.723858
5337.173997 0.000000 2903.635344 0.000000 -0.951319 0.000000 0.308209 0.658040 0.658040 0.658040
1716.045063 0.000000 2902.450180 0.000000 0.625330 0.000000 0.780361 0.856895 0.856895 0.856895
1583.328653 0.000000 2893.876694 0.000000 0.287013 0.000000 0.957927 0.688065 0.688065 0.688065
1584.211114 0.000000 2893.791462 0.000000 0.283862 0.000000 0.958865 0.774477 0.774477 0.774477
1603.063383 0.000000 2893.298090 0.000000 0.896654 0.000000 0.442732 0.745857 0.745857 0.745857
1721.431374 0.000000 2893.476944 0.000000 0.424854 0.000000 0.905262 0.640417 0.640417 0.640417
1760.258559 0.000000 2892.542999 0.000000 -0.424411 0.000000 0.905470 0.657833 0.657833 0.657833
4182.900713 0.000000 2888.386365 0.000000 0.999927 0.000000 -0.012125 0.732573 0.732573 0.732573
710.793602 0.000000 2886.134972 0.000000 0.977804 0.000000 0.209523 0.719827 0.719827 0.719827
9187.902981 0.000000 2885.395557 0.000000 0.999988 0.000000 0.004949 0.726888 0.726888 0.726888
720.336973 0.000000 2883.439281 0.000000 -0.968751 0.000000 0.248035 0.654087 0.654087 0.654087
1512.130685 0.000000 2880.771503 0.000000 0.964243 0.000000 0.265018 0.684023 0.684023 0.684023
692.507750 0.000000 2879.240647 0.000000 0.973271 0.000000 0.229661 0.738942 0.738942 0.738942
1744.444877 0.000000 2878.434572 0.000000 0.988213 0.000000 0.153085 0.726385 0.726385 0.726385
1777.731590 0.000000 2878.967946 0.000000 -0.998651 0.000000 0.051927 0.756527 0.756527 0.756527
1510.406961 0.000000 2876.486669 0.000000 0.856307 0.000000 0.516467 0.779513 0.779513 0.779513
685.317635 0.000000 2875.803370 0.000000 0.977030 0.000000 0.213102 0.836662 0.836662 0.836662
1510.881392 0.000000 2875.826845 0.000000 0.698706 0.000000 0.715409 0.872469 0.872469 0.872469
1771.285767 0.000000 2875.780147 0.000000 0.999987 0.000000 0.005133 0.679406 0.679406 0.679406
1786.690085 0.000000 2875.385677 0.000000 0.572563 0.000000 0.819861 0.872957 0.872957 0.872957
683.881002 0.000000 2874.867449 0.000000 0.941427 0.000000 0.337217 0.876492 0.876492 0.876492
428.422306 0.000000 2872.166722 0.000000 0.993842 0.000000 0.110810 0.863004 0.863004 0.863004
1800.310229 0.000000 2872.114625 0.000000 -0.911955 0.000000 0.410290 0.791677 0.791677 0.791677
432.964461 0.000000 2870.539327 0.000000 -0.936921 0.000000 0.349541 0.746241 0.746241 0.746241
8324.125495 0.000000 2870.423318 0.000000 -0.826068 0.000000 0.563570 0.691516 0.691516 0.691516
9153.168814 0.000000 2870.311770 0.000000 0.943584 0.000000 0.331135 0.773192 0.773192 0.773192
9199.613607 0.000000 2869.994068 0.000000 -0.614918 0.000000 0.788591 0.855863 0.855863 0.855863
6980.170648 0.000000 2866.869991 0.000000 0.597108 0.000000 0.802161 0.865408 0.865408 0.865408
715.177879 0.000000 2865.499213 0.000000 -0.188178 0.000000 0.982135 0.720916 0.720916 0.720916
9219.100098 0.000000 2865.553307 0.000000 0.813462 0.000000 0.581618 0.842655 0.842655 0.842655
7249.030073 0.000000 2861.345576 0.000000 -0.486876 0.000000 0.873471 0.754430 0.754430 0.754430
1820.736370 0.000000 2859.453814 0.000000 0.999824 0.000000 -0.018765 0.655680 0.655680 0.655680
6984.575008 0.000000 2859.374956 0.000000 0.297707 0.000000 0.954657 0.682421 0.682421 0.682421
5660.466404 0.000000 2858.399072 0.000000 0.961213 0.000000 0.275808 0.742765 0.742765 0.742765
685.283077 0.000000 2857.989651 0.000000 -0.302380 0.000000 0.953187 0.714467 0.714467 0.714467
1822.870770 0.000000 2857.479648 0.000000 0.999901 0.000000 0.014040 0.846195 0.846195 0.846195
5658.087635 0.000000 2857.211361 0.000000 0.965894 0.000000 0.258938 0.867350 0.867350 0.867350
7239.118744 0.000000 2857.301600 0.000000 -0.155455 0.000000 0.987843 0.710646 0.710646 0.710646
9103.789807 0.000000 2857.944371 0.000000 0.726736 0.000000 0.686917 0.711011 0.711011 0.711011
9120.987992 0.000000 2857.900129 0.000000 -0.627615 0.000000 0.778524 0.837675 0.837675 0.837675
9145.398028 0.000000 2857.525521 0.000000 0.850446 0.000000 0.526062 0.871962 0.871962 0.871962
9222.711686 0.000000 2857.096787 0.000000 0.498725 0.000000 0.866760 0.750113 0.750113 0.750113
7235.192224 0.000000 2856.095177 0.000000 0.038680 0.000000 0.999252 0.634767 0.634767 0.634767
6430.954471 0.000000 2855.327829 0.000000 0.992853 0.000000 0.119340 0.727851 0.727851 0.727851
2500.100277 0.000000 2853.582940 0.000000 0.592390 0.000000 0.805651 0.709651 0.709651 0.709651
5323.542218 0.000000 2853.814826 0.000000 -0.904009 0.000000 0.427513 0.633627 0.633627 0.633627
6425.022284 0.000000 2853.225254 0.000000 0.937702 0.000000 0.347440 0.763638 0.763638 0.763638
1782.696683 0.000000 2850.309874 0.000000 0.927957 0.000000 0.372686 0.686267 0.686267 0.686267
1781.446764 0.000000 2849.279693 0.000000 0.845356 0.000000 0.534203 0.877511 0.877511 0.877511
2502.196028 0.000000 2849.310977 0.000000 0.544332 0.000000 0.838870 0.875150 0.875150 0.875150
4580.444705 0.000000 2847.306463 0.000000 0.416274 0.000000 0.909239 0.840861 0.840861 0.840861
7454.997819 0.000000 2841.935109 0.000000 -0.867815 0.000000 0.496887 0.836369 0.836369 0.836369
7003.067703 0.000000 2840.254913 0.000000 0.879635 0.000000 0.475649 0.834759 0.834759 0.834759
1786.741893 0.000000 2839.861679 0.000000 0.210981 0.000000 0.977490 0.672430 0.672430 0.672430
2506.982948 0.000000 2839.376279 0.000000 0.600149 0.000000 0.799888 0.788301 0.788301 0.788301
7003.036340 0.000000 2839.675732 0.000000 0.847355 0.000000 0.531027 0.691427 0.691427 0.691427
7454.098871 0.000000 2839.350915 0.000000 -0.776709 0.000000 0.629859 0.875030 0.875030 0.875030
7001.539494 0.000000 2837.239592 0.000000 0.679211 0.000000 0.733943 0.731996 0.731996 0.731996
1674.868231 0.000000 2836.516477 0.000000 -0.919250 0.000000 0.393673 0.784713 0.784713 0.784713
6426.399735 0.000000 2835.419411 0.000000 0.419221 0.000000 0.907884 0.658956 0.658956 0.658956
7451.514311 0.000000 2830.395738 0.000000 -0.448155 0.000000 0.893956 0.772372 0.772372 0.772372
9104.996002 0.000000 2829.507862 0.000000 0.541341 0.000000 0.840803 0.843436 0.843436 0.843436
9108.057825 0.000000 2828.365228 0.000000 0.492848 0.000000 0.870116 0.655223 0.655223 0.655223
7193.756229 0.000000 2822.181854 0.000000 -0.303846 0.000000 0.952721 0.860434 0.860434 0.860434
1667.612535 0.000000 2821.987288 0.000000 -0.592995 0.000000 0.805206 0.664072 0.664072 0.664072
4023.768770 0.000000 2821.232141 0.000000 0.978370 0.000000 0.206861 0.846593 0.846593 0.846593
7192.063513 0.000000 2821.499550 0.000000 -0.324640 0.000000 0.945838 0.795384 0.795384 0.795384
9105.777862 0.000000 2821.980650 0.000000 0.939857 0.000000 0.341568 0.862983 0.862983 0.862983
9121.389505 0.000000 2821.570704 0.000000 -0.426580 0.000000 0.904450 0.632982 0.632982 0.632982
7178.114339 0.000000 2815.378990 0.000000 0.351756 0.000000 0.936092 0.680968 0.680968 0.680968
1508.240390 0.000000 2814.767798 0.000000 0.999496 0.000000 0.031739 0.780444 0.780444 0.780444
1712.063673 0.000000 2814.684900 0.000000 0.993305 0.000000 0.115520 0.803884 0.803884 0.803884
2406.759525 0.000000 2811.093469 0.000000 0.952096 0.000000 0.305800 0.880382 0.880382 0.880382
710.255564 0.000000 2806.603261 0.000000 1.000000 0.000000 -0.000993 0.769696 0.769696 0.769696
2392.002125 0.000000 2805.754633 0.000000 0.969800 0.000000 0.243903 0.829331 0.829331 0.829331
1703.728685 0.000000 2803.948967 0.000000 0.783241 0.000000 0.621718 0.750986 0.750986 0.750986
1726.510617 0.000000 2803.060735 0.000000 -0.891539 0.000000 0.452944 0.830065 0.830065 0.830065
6443.636425 0.000000 2803.604062 0.000000 0.857090 0.000000 0.515168 0.806162 0.806162 0.806162
1506.645063 0.000000 2802.064556 0.000000 -0.858220 0.000000 0.513281 0.838893 0.838893 0.838893
1728.686576 0.000000 2802.783496 0.000000 -0.881200 0.000000 0.472744 0.778255 0.778255 0.778255
6737.392927 0.000000 2802.973800 0.000000 -0.577579 0.000000 0.816335 0.645008 0.645008 0.645008
7113.580764 0.000000 2801.879072 0.000000 -0.581422 0.000000 0.813602 0.758481 0.758481 0.758481
1804.295118 0.000000 2800.395179 0.000000 0.871270 0.000000 0.490804 0.825154 0.825154 0.825154
7235.857233 0.000000 2800.240669 0.000000 0.996913 0.000000 0.078508 0.733222 0.733222 0.733222
7236.002383 0.000000 2800.354895 0.000000 0.999861 0.000000 0.016701 0.658527 0.658527 0.658527
2377.755309 0.000000 2799.979638 0.000000 0.996199 0.000000 0.087102 0.742494 0.742494 0.742494
6617.795953 0.000000 2798.629893 0.000000 -0.613235 0.000000 0.789900 0.777809 0.777809 0.777809
2371.848823 0.000000 2797.524641 0.000000 0.957335 0.000000 0.288982 0.838805 0.838805 0.838805
6604.835865 0.000000 2796.350331 0.000000 0.143048 0.000000 0.989716 0.741513 0.741513 0.741513
721.247678 0.000000 2795.107557 0.000000 0.993304 0.000000 -0.115527 0.726134 0.726134 0.726134
719.500097 0.000000 2794.676999 0.000000 0.993746 0.000000 0.111661 0.735812 0.735812 0.735812
7200.427849 0.000000 2791.333251 0.000000 -0.914332 0.000000 0.404966 0.647151 0.647151 0.647151
6444.993828 0.000000 2790.036428 0.000000 0.460903 0.000000 0.887450 0.774436 0.774436 0.774436
9289.467484 0.000000 2790.895170 0.000000 -0.957305 0.000000 0.289081 0.667281 0.667281 0.667281
1712.886704 0.000000 2785.229620 0.000000 -0.090550 0.000000 0.995892 0.764872 0.764872 0.764872
1810.521635 0.000000 2785.543844 0.000000 0.353839 0.000000 0.935306 0.760706 0.760706 0.760706
7358.231034 0.000000 2785.291754 0.000000 -0.928080 0.000000 0.372380 0.847483 0.847483 0.847483
9122.124011 0.000000 2785.094897 0.000000 0.840720 0.000000 0.541471 0.757900 0.757900 0.757900
9289.302474 0.000000 2785.294993 0.000000 -0.607908 0.000000 0.794008 0.874122 0.874122 0.874122
9287.787905 0.000000 2784.946499 0.000000 -0.498892 0.000000 0.866664 0.792385 0.792385 0.792385
1821.447332 0.000000 2783.556836 0.000000 0.053452 0.000000 0.998570 0.783049 0.783049 0.783049
2414.193271 0.000000 2783.297618 0.000000 -0.970608 0.000000 0.240666 0.848459 0.848459 0.848459
1268.811081 0.000000 2774.514076 0.000000 0.992618 0.000000 -0.121286 0.796663 0.796663 0.796663
3687.458073 0.000000 2772.932314 0.000000 -0.993397 0.000000 0.114728 0.836279 0.836279 0.836279
3690.338165 0.000000 2771.183808 0.000000 -0.987533 0.000000 0.157411 0.722751 0.722751 0.722751
4651.212582 0.000000 2771.111143 0.000000 0.839268 0.000000 0.543719 0.841957 0.841957 0.841957
2414.016680 0.000000 2767.028428 0.000000 -0.292996 0.000000 0.956114 0.879940 0.879940 0.879940
3696.723350 0.000000 2767.195695 0.000000 -0.965994 0.000000 0.258565 0.759749 0.759749 0.759749
4650.462517 0.000000 2767.527738 0.000000 0.875060 0.000000 0.484015 0.673855 0.673855 0.673855
6545.406056 0.000000 2767.176151 0.000000 -0.696249 0.000000 0.717800 0.887240 0.887240 0.887240
2411.584125 0.000000 2766.033947 0.000000 -0.003972 0.000000 0.999992 0.736666 0.736666 0.736666
6531.846339 0.000000 2764.212174 0.000000 -0.029967 0.000000 0.999551 0.696582 0.696582 0.696582
9128.291318 0.000000 2764.133796 0.000000 -0.454621 0.000000 0.890685 0.829019 0.829019 0.829019
2361.256666 0.000000 2759.935971 0.000000 -0.515411 0.000000 0.856943 0.841682 0.841682 0.841682
2357.430683 0.000000 2758.007275 0.000000 -0.361707 0.000000 0.932292 0.886703 0.886703 0.886703
2378.509025 0.000000 2758.036444 0.000000 0.762738 0.000000 0.646708 0.718893 0.718893 0.718893
7360.759490 0.000000 2755.501875 0.000000 -0.335575 0.000000 0.942014 0.675153 0.675153 0.675153
2355.254174 0.000000 2749.213814 0.000000 -0.771538 0.000000 0.636184 0.773739 0.773739 0.773739
2400.637413 0.000000 2749.047072 0.000000 -0.932499 0.000000 0.361171 0.693597 0.693597 0.693597
7354.801817 0.000000 2749.816547 0.000000 -0.560161 0.000000 0.828384 0.732548 0.732548 0.732548
2240.430941 0.000000 2748.113041 0.000000 -0.400371 0.000000 0.916353 0.703439 0.703439 0.703439
2230.884647 0.000000 2747.822930 0.000000 0.381273 0.000000 0.924463 0.725818 0.725818 0.725818
4311.917900 0.000000 2747.649736 0.000000 0.992518 0.000000 -0.122095 0.849475 0.849475 0.849475
9251.022778 0.000000 2742.757696 0.000000 -0.491261 0.000000 0.871013 0.650193 0.650193 0.650193
7302.443048 0.000000 2741.541127 0.000000 -0.454163 0.000000 0.890919 0.795988 0.795988 0.795988
1847.293300 0.000000 2740.733041 0.000000 0.931774 0.000000 0.363038 0.771384 0.771384 0.771384
7310.667389 0.000000 2740.281313 0.000000 0.104308 0.000000 0.994545 0.725315 0.725315 0.725315
9170.469885 0.000000 2740.666783 0.000000 0.290146 0.000000 0.956982 0.708592 0.708592 0.708592
801.713682 0.000000 2737.838900 0.000000 -0.963004 0.000000 0.269485 0.718308 0.718308 0.718308
2521.481786 0.000000 2737.027922 0.000000 0.877195 0.000000 0.480134 0.711101 0.711101 0.711101
2519.430250 0.000000 2735.026680 0.000000 0.901908 0.000000 0.431928 0.634015 0.634015 0.634015
9218.429214 0.000000 2732.821267 0.000000 0.027984 0.000000 0.999608 0.816281 0.816281 0.816281
809.406751 0.000000 2731.534207 0.000000 -0.659941 0.000000 0.751318 0.846681 0.846681 0.846681
1730.363528 0.000000 2731.197261 0.000000 -0.936062 0.000000 0.351835 0.880801 0.880801 0.880801
2212.265670 0.000000 2731.059474 0.000000 -0.405892 0.000000 0.913921 0.864643 0.864643 0.864643
2518.752070 0.000000 2731.812331 0.000000 0.861298 0.000000 0.508101 0.689453 0.689453 0.689453
4362.332203 0.000000 2731.610148 0.000000 0.999999 0.000000 -0.001519 0.765100 0.765100 0.765100
9216.122122 0.000000 2731.432111 0.000000 0.030388 0.000000 0.999538 0.845417 0.845417 0.845417
2521.316087 0.000000 2730.735222 0.000000 0.835887 0.000000 0.548902 0.718736 0.718736 0.718736
4374.541298 0.000000 2726.409302 0.000000 -0.909610 0.000000 0.415464 0.702694 0.702694 0.702694
3706.194235 0.000000 2722.633055 0.000000 0.964001 0.000000 0.265899 0.724190 0.724190 0.724190
2271.272625 0.000000 2718.249513 0.000000 0.991227 0.000000 0.132172 0.651297 0.651297 0.651297
3722.407725 0.000000 2713.224001 0.000000 -0.956501 0.000000 0.291730 0.819661 0.819661 0.819661
4386.794176 0.000000 2713.841434 0.000000 -0.922927 0.000000 0.384976 0.804090 0.804090 0.804090
2274.143806 0.000000 2712.946075 0.000000 -0.773480 0.000000 0.633821 0.651367 0.651367 0.651367
3726.167003 0.000000 2711.638739 0.000000 -0.915948 0.000000 0.401297 0.771615 0.771615 0.771615
7193.858093 0.000000 2706.046931 0.000000 0.126545 0.000000 0.991961 0.750986 0.750986 0.750986
1777.244776 0.000000 2702.095918 0.000000 -0.963917 0.000000 0.266201 0.704091 0.704091 0.704091
4748.365289 0.000000 2701.527795 0.000000 0.297572 0.000000 0.954699 0.701971 0.701971 0.701971
821.911392 0.000000 2695.978763 0.000000 0.564562 0.000000 0.825391 0.844768 0.844768 0.844768
828.694908 0.000000 2695.125812 0.000000 -0.074306 0.000000 0.997235 0.821349 0.821349 0.821349
1779.300709 0.000000 2695.991162 0.000000 -0.873722 0.000000 0.486426 0.715886 0.715886 0.715886
2280.101712 0.000000 2695.973645 0.000000 0.583567 0.000000 0.812065 0.825195 0.825195 0.825195
2286.095624 0.000000 2693.180120 0.000000 0.202793 0.000000 0.979222 0.770622 0.770622 0.770622
5308.462186 0.000000 2693.949058 0.000000 -0.971399 0.000000 0.237454 0.698866 0.698866 0.698866
5310.327807 0.000000 2693.424302 0.000000 -0.945313 0.000000 0.326163 0.803064 0.803064 0.803064
1782.551225 0.000000 2691.596643 0.000000 -0.725717 0.000000 0.687994 0.851898 0.851898 0.851898
2212.089271 0.000000 2689.564414 0.000000 -0.998521 0.000000 0.054368 0.816191 0.816191 0.816191
2214.146422 0.000000 2688.163987 0.000000 -0.998039 0.000000 0.062600 0.699084 0.699084 0.699084
1838.825061 0.000000 2687.163567 0.000000 0.904331 0.000000 0.426833 0.752808 0.752808 0.752808
6950.862595 0.000000 2686.984512 0.000000 0.876793 0.000000 0.480867 0.833098 0.833098 0.833098
3767.297217 0.000000 2684.915505 0.000000 -0.956918 0.000000 0.290358 0.811910 0.811910 0.811910
2320.996457 0.000000 2683.165040 0.000000 -0.400202 0.000000 0.916427 0.722582 0.722582 0.722582
1345.946148 0.000000 2682.620105 0.000000 0.479460 0.000000 0.877564 0.756784 0.756784 0.756784
3542.009381 0.000000 2678.291321 0.000000 0.279547 0.000000 0.960132 0.684205 0.684205 0.684205
3555.346996 0.000000 2678.267027 0.000000 -0.304031 0.000000 0.952662 0.770873 0.770873 0.770873
838.441825 0.000000 2677.512501 0.000000 0.689367 0.000000 0.724412 0.656690 0.656690 0.656690
1839.504574 0.000000 2677.880360 0.000000 0.417849 0.000000 0.908517 0.760955 0.760955 0.760955
2214.889963 0.000000 2677.776783 0.000000 -0.723229 0.000000 0.690608 0.779650 0.779650 0.779650
3542.178209 0.000000 2677.160231 0.000000 0.206457 0.000000 0.978456 0.632163 0.632163 0.632163
3553.164342 0.000000 2677.821168 0.000000 -0.223247 0.000000 0.974762 0.671971 0.671971 0.671971
3664.625479 0.000000 2677.311131 0.000000 0.914270 0.000000 0.405105 0.774605 0.774605 0.774605
3771.119065 0.000000 2677.682569 0.000000 -0.852011 0.000000 0.523525 0.796474 0.796474 0.796474
6950.009106 0.000000 2677.417581 0.000000 0.439476 0.000000 0.898255 0.816027 0.816027 0.816027
1783.594304 0.000000 2676.801732 0.000000 -0.998484 0.000000 -0.055038 0.723913 0.723913 0.723913
2551.229604 0.000000 2676.384220 0.000000 0.595853 0.000000 0.803094 0.872483 0.872483 0.872483
1780.998023 0.000000 2675.245482 0.000000 0.955941 0.000000 0.293560 0.687155 0.687155 0.687155
2556.880264 0.000000 2673.788503 0.000000 0.153627 0.000000 0.988129 0.829107 0.829107 0.829107
1856.247172 0.000000 2666.336623 0.000000 -0.213765 0.000000 0.976885 0.828314 0.828314 0.828314
1990.289416 0.000000 2664.044733 0.000000 0.800051 0.000000 0.599932 0.872787 0.872787 0.872787
5270.841749 0.000000 2660.468428 0.000000 0.876969 0.000000 0.480547 0.693247 0.693247 0.693247
5296.456246 0.000000 2660.188877 0.000000 -0.307198 0.000000 0.951646 0.662354 0.662354 0.662354
844.700242 0.000000 2659.543219 0.000000 -0.628552 0.000000 0.777768 0.839033 0.839033 0.839033
5270.378757 0.000000 2659.365834 0.000000 0.841684 0.000000 0.539971 0.690397 0.690397 0.690397
5294.757095 0.000000 2659.047801 0.000000 -0.330582 0.000000 0.943777 0.677336 0.677336 0.677336
5279.314258 0.000000 2657.209927 0.000000 -0.097529 0.000000 0.995233 0.644392 0.644392 0.644392
2196.621581 0.000000 2656.592737 0.000000 -0.822912 0.000000 0.568169 0.720922 0.720922 0.720922
7143.118595 0.000000 2655.872543 0.000000 -0.623643 0.000000 0.781709 0.643501 0.643501 0.643501
2186.874070 0.000000 2654.489343 0.000000 0.886003 0.000000 0.463679 0.804995 0.804995 0.804995
4462.494634 0.000000 2650.998704 0.000000 0.988303 0.000000 0.152502 0.802562 0.802562 0.802562
4464.702536 0.000000 2650.169235 0.000000 1.000000 0.000000 0.000162 0.682106 0.682106 0.682106
2584.086712 0.000000 2643.316718 0.000000 0.965509 0.000000 0.260370 0.879103 0.879103 0.879103
839.213360 0.000000 2641.011916 0.000000 -0.662836 0.000000 0.748764 0.875609 0.875609 0.875609
2581.699894 0.000000 2641.699913 0.000000 0.915319 0.000000 0.402729 0.828402 0.828402 0.828402
5944.535415 0.000000 2627.134379 0.000000 -0.600562 0.000000 0.799578 0.698550 0.698550 0.698550
3644.640733 0.000000 2626.248850 0.000000 0.999859 0.000000 0.016807 0.766160 0.766160 0.766160
6981.155077 0.000000 2625.976285 0.000000 0.957139 0.000000 0.289627 0.772927 0.772927 0.772927
2580.700164 0.000000 2623.916304 0.000000 0.238028 0.000000 0.971258 0.636452 0.636452 0.636452
3639.483762 0.000000 2623.438844 0.000000 0.939930 0.000000 0.341367 0.728400 0.728400 0.728400
5943.699852 0.000000 2623.930666 0.000000 -0.532335 0.000000 0.846534 0.747002 0.747002 0.747002
6980.119026 0.000000 2623.562680 0.000000 0.910783 0.000000 0.412885 0.722186 0.722186 0.722186
585.717032 0.000000 2616.395227 0.000000 0.997163 0.000000 0.075269 0.805694 0.805694 0.805694
4511.421123 0.000000 2613.021215 0.000000 -0.840534 0.000000 0.541759 0.870307 0.870307 0.870307
4514.044895 0.000000 2605.979226 0.000000 -0.680540 0.000000 0.732711 0.666096 0.666096 0.666096
6165.385486 0.000000 2594.094938 0.000000 0.929806 0.000000 0.368049 0.788982 0.788982 0.788982
6287.214669 0.000000 2594.082685 0.000000 -0.801653 0.000000 0.597789 0.717742 0.717742 0.717742
828.131299 0.000000 2593.197680 0.000000 -0.831609 0.000000 0.555362 0.725659 0.725659 0.725659
827.507705 0.000000 2592.889506 0.000000 -0.713093 0.000000 0.701070 0.693566 0.693566 0.693566
6968.301934 0.000000 2591.830445 0.000000 0.882765 0.000000 0.469815 0.775789 0.775789 0.775789
825.696519 0.000000 2587.089408 0.000000 -0.311916 0.000000 0.950110 0.746899 0.746899 0.746899
6162.652257 0.000000 2587.208187 0.000000 0.805288 0.000000 0.592884 0.750747 0.750747 0.750747
6287.046606 0.000000 2587.087911 0.000000 -0.629795 0.000000 0.776761 0.731717 0.731717 0.731717
6967.895362 0.000000 2587.525015 0.000000 0.689888 0.000000 0.723916 0.765995 0.765995 0.765995
7772.154695 0.000000 2587.129218 0.000000 -0.989006 0.000000 0.147878 0.713086 0.713086 0.713086
5956.345598 0.000000 2586.622139 0.000000 0.999772 0.000000 0.021347 0.757496 0.757496 0.757496
5958.663393 0.000000 2586.159372 0.000000 -0.999999 0.000000 -0.001433 0.788714 0.788714 0.788714
7776.270066 0.000000 2586.735133 0.000000 -0.999332 0.000000 0.036551 0.878312 0.878312 0.878312
7830.312759 0.000000 2586.934015 0.000000 -0.997964 0.000000 -0.063784 0.765019 0.765019 0.765019
7809.401190 0.000000 2584.597439 0.000000 0.987327 0.000000 0.158696 0.785327 0.785327 0.785327
4846.662046 0.000000 2580.192693 0.000000 0.962110 0.000000 0.272663 0.785175 0.785175 0.785175
7096.395280 0.000000 2570.371101 0.000000 -0.975617 0.000000 0.219480 0.854828 0.854828 0.854828
7099.373185 0.000000 2569.671725 0.000000 -0.912424 0.000000 0.409247 0.634067 0.634067 0.634067
7774.027987 0.000000 2569.496381 0.000000 0.323676 0.000000 0.946168 0.667676 0.667676 0.667676
7801.776466 0.000000 2569.832881 0.000000 -0.365363 0.000000 0.930865 0.820023 0.820023 0.820023
7776.333404 0.000000 2568.283860 0.000000 0.385572 0.000000 0.922678 0.796987 0.796987 0.796987
1329.338504 0.000000 2563.331669 0.000000 -0.760795 0.000000 0.648992 0.884881 0.884881 0.884881
5827.687180 0.000000 2561.431722 0.000000 0.912605 0.000000 0.408843 0.689068 0.689068 0.689068
5814.699106 0.000000 2551.997146 0.000000 0.678670 0.000000 0.734443 0.710339 0.710339 0.710339
7709.803450 0.000000 2551.583786 0.000000 -0.550852 0.000000 0.834603 0.742023 0.742023 0.742023
2651.090212 0.000000 2546.410620 0.000000 0.979587 0.000000 0.201023 0.724604 0.724604 0.724604
516.298333 0.000000 2544.226256 0.000000 0.954425 0.000000 0.298451 0.635120 0.635120 0.635120
2645.315277 0.000000 2542.600190 0.000000 0.910208 0.000000 0.414151 0.645329 0.645329 0.645329
7103.957927 0.000000 2529.736974 0.000000 -0.597388 0.000000 0.801952 0.711849 0.711849 0.711849
7667.418159 0.000000 2527.038413 0.000000 0.847851 0.000000 0.530235 0.633861 0.633861 0.633861
7079.750335 0.000000 2505.827868 0.000000 -0.364500 0.000000 0.931203 0.688470 0.688470 0.688470
1251.548740 0.000000 2504.179234 0.000000 0.908602 0.000000 0.417663 0.852482 0.852482 0.852482
7066.341022 0.000000 2503.487213 0.000000 0.336578 0.000000 0.941655 0.887256 0.887256 0.887256
2646.795236 0.000000 2500.134217 0.000000 0.381359 0.000000 0.924427 0.714606 0.714606 0.714606
2650.839272 0.000000 2497.061804 0.000000 0.237973 0.000000 0.971272 0.637833 0.637833 0.637833
4408.157331 0.000000 2494.636220 0.000000 -0.980652 0.000000 0.195759 0.804050 0.804050 0.804050
4410.683723 0.000000 2492.282714 0.000000 -0.938518 0.000000 0.345231 0.805764 0.805764 0.805764
7029.967564 0.000000 2489.510119 0.000000 -0.968797 0.000000 0.247857 0.824000 0.824000 0.824000
2760.579720 0.000000 2483.513894 0.000000 -0.416370 0.000000 0.909195 0.882592 0.882592 0.882592
2754.917124 0.000000 2479.140007 0.000000 -0.111976 0.000000 0.993711 0.870044 0.870044 0.870044
2741.361925 0.000000 2478.040587 0.000000 0.108080 0.000000 0.994142 0.814130 0.814130 0.814130
7018.111285 0.000000 2478.879700 0.000000 0.202871 0.000000 0.979205 0.800134 0.800134 0.800134
7020.301608 0.000000 2478.729238 0.000000 0.237192 0.000000 0.971463 0.742876 0.742876 0.742876
2689.062797 0.000000 2470.230016 0.000000 0.499212 0.000000 0.866480 0.765291 0.765291 0.765291
2700.578537 0.000000 2465.872704 0.000000 0.032771 0.000000 0.999463 0.828489 0.828489 0.828489
3480.830329 0.000000 2459.470945 0.000000 0.820088 0.000000 0.572237 0.678419 0.678419 0.678419
481.277250 0.000000 2452.477944 0.000000 0.918637 0.000000 0.395103 0.644799 0.644799 0.644799
3494.903663 0.000000 2451.732763 0.000000 -0.279443 0.000000 0.960162 0.644418 0.644418 0.644418
3711.218846 0.000000 2451.592676 0.000000 0.712209 0.000000 0.701967 0.634075 0.634075 0.634075
3699.155739 0.000000 2450.379734 0.000000 0.675297 0.000000 0.737546 0.874379 0.874379 0.874379
682.561522 0.000000 2446.602672 0.000000 -0.764306 0.000000 0.644854 0.672884 0.672884 0.672884
680.252526 0.000000 2443.332680 0.000000 -0.284377 0.000000 0.958713 0.868261 0.868261 0.868261
3492.872874 0.000000 2443.733400 0.000000 -0.243767 0.000000 0.969834 0.857549 0.857549 0.857549
3700.693916 0.000000 2443.268626 0.000000 0.468704 0.000000 0.883355 0.850554 0.850554 0.850554
3714.122808 0.000000 2443.566545 0.000000 -0.245255 0.000000 0.969459 0.823354 0.823354 0.823354
5178.830404 0.000000 2430.456835 0.000000 -0.953030 0.000000 0.302877 0.712876 0.712876 0.712876
5182.109430 0.000000 2425.648621 0.000000 -0.810930 0.000000 0.585144 0.814848 0.814848 0.814848
665.787084 0.000000 2408.587608 0.000000 -0.962773 0.000000 0.270313 0.849550 0.849550 0.849550
666.615757 0.000000 2408.196353 0.000000 -0.956457 0.000000 0.291872 0.677029 0.677029 0.677029
667.103484 0.000000 2407.981549 0.000000 -0.967236 0.000000 0.253879 0.741471 0.741471 0.741471
2917.781447 0.000000 2407.284446 0.000000 0.521022 0.000000 0.853543 0.796172 0.796172 0.796172
3787.217464 0.000000 2401.060017 0.000000 0.307921 0.000000 0.951412 0.728423 0.728423 0.728423
3857.000982 0.000000 2390.685543 0.000000 0.060822 0.000000 0.998149 0.651978 0.651978 0.651978
7601.446611 0.000000 2389.501922 0.000000 0.801596 0.000000 0.597866 0.764035 0.764035 0.764035
689.659785 0.000000 2370.705563 0.000000 -0.989827 0.000000 0.142276 0.799646 0.799646 0.799646
4458.161363 0.000000 2367.136551 0.000000 -0.686127 0.000000 0.727482 0.794883 0.794883 0.794883
3346.636622 0.000000 2361.299403 0.000000 -0.915741 0.000000 0.401770 0.844300 0.844300 0.844300
704.910228 0.000000 2354.019190 0.000000 0.996868 0.000000 0.079082 0.868298 0.868298 0.868298
704.362137 0.000000 2353.348683 0.000000 0.995282 0.000000 0.097027 0.761192 0.761192 0.761192
2944.622641 0.000000 2344.434533 0.000000 0.706675 0.000000 0.707539 0.641960 0.641960 0.641960
7949.737529 0.000000 2341.097405 0.000000 -0.521364 0.000000 0.853335 0.652430 0.652430 0.652430
2947.360186 0.000000 2335.809356 0.000000 0.351710 0.000000 0.936109 0.706124 0.706124 0.706124
2952.718779 0.000000 2333.059170 0.000000 0.209940 0.000000 0.977714 0.795907 0.795907 0.795907
3944.855475 0.000000 2327.659329 0.000000 0.990333 0.000000 0.138708 0.851173 0.851173 0.851173
3941.906928 0.000000 2325.577139 0.000000 0.907233 0.000000 0.420628 0.744087 0.744087 0.744087
725.311209 0.000000 2313.290746 0.000000 0.868873 0.000000 0.495036 0.718152 0.718152 0.718152
3944.745926 0.000000 2309.824781 0.000000 -0.098985 0.000000 0.995089 0.712015 0.712015 0.712015
472.047849 0.000000 2308.818201 0.000000 0.818501 0.000000 0.574506 0.794586 0.794586 0.794586
473.562765 0.000000 2299.330193 0.000000 0.342469 0.000000 0.939529 0.674643 0.674643 0.674643
487.676884 0.000000 2297.680717 0.000000 -0.004278 0.000000 0.999991 0.746174 0.746174 0.746174
5476.956019 0.000000 2285.833587 0.000000 0.834147 0.000000 0.551542 0.738736 0.738736 0.738736
523.858873 0.000000 2283.171823 0.000000 0.500196 0.000000 0.865912 0.816939 0.816939 0.816939
5998.300732 0.000000 2283.126893 0.000000 -0.752823 0.000000 0.658224 0.749187 0.749187 0.749187
523.573558 0.000000 2281.242958 0.000000 0.545258 0.000000 0.838268 0.717947 0.717947 0.717947
5999.307534 0.000000 2281.008425 0.000000 -0.707516 0.000000 0.706697 0.817808 0.817808 0.817808
4134.870862 0.000000 2280.638705 0.000000 0.484651 0.000000 0.874708 0.686394 0.686394 0.686394
5475.609175 0.000000 2280.368135 0.000000 0.709286 0.000000 0.704921 0.738058 0.738058 0.738058
4140.123668 0.000000 2275.051571 0.000000 0.330435 0.000000 0.943829 0.765794 0.765794 0.765794
4263.609975 0.000000 2275.020791 0.000000 -0.526171 0.000000 0.850379 0.755417 0.755417 0.755417
4173.910425 0.000000 2273.875811 0.000000 -0.139234 0.000000 0.990260 0.702404 0.702404 0.702404
5993.497227 0.000000 2272.913145 0.000000 -0.110788 0.000000 0.993844 0.791313 0.791313 0.791313
3265.029819 0.000000 2265.258088 0.000000 -0.412108 0.000000 0.911135 0.757172 0.757172 0.757172
3997.262337 0.000000 2265.860738 0.000000 0.830468 0.000000 0.557066 0.716446 0.716446 0.716446
4246.391069 0.000000 2265.011722 0.000000 -0.120232 0.000000 0.992746 0.862711 0.862711 0.862711
3264.600132 0.000000 2263.881727 0.000000 -0.428550 0.000000 0.903518 0.639106 0.639106 0.639106
3997.744700 0.000000 2263.413477 0.000000 0.876127 0.000000 0.482081 0.794420 0.794420 0.794420
750.124570 0.000000 2261.144640 0.000000 0.998071 0.000000 -0.062083 0.684297 0.684297 0.684297
756.032431 0.000000 2256.312275 0.000000 -0.838980 0.000000 0.544162 0.872039 0.872039 0.872039
600.868129 0.000000 2251.109837 0.000000 0.238538 0.000000 0.971133 0.677979 0.677979 0.677979
4014.609412 0.000000 2247.962934 0.000000 0.152916 0.000000 0.988239 0.702563 0.702563 0.702563
773.983517 0.000000 2244.060095 0.000000 -0.003978 0.000000 0.999992 0.652815 0.652815 0.652815
3158.649201 0.000000 2239.406708 0.000000 0.613796 0.000000 0.789465 0.776163 0.776163 0.776163
3222.719980 0.000000 2232.654044 0.000000 -0.556770 0.000000 0.830667 0.713618 0.713618 0.713618
3168.298626 0.000000 2231.235730 0.000000 0.166391 0.000000 0.986060 0.648995 0.648995 0.648995
3221.913470 0.000000 2231.678588 0.000000 -0.567106 0.000000 0.823645 0.659374 0.659374 0.659374
1654.000762 0.000000 2229.187341 0.000000 -0.701507 0.000000 0.712662 0.713854 0.713854 0.713854
1652.106104 0.000000 2227.961709 0.000000 -0.658153 0.000000 0.752885 0.752288 0.752288 0.752288
3220.589427 0.000000 2227.794421 0.000000 -0.387893 0.000000 0.921704 0.771866 0.771866 0.771866
1560.196966 0.000000 2220.512626 0.000000 0.475504 0.000000 0.879713 0.632969 0.632969 0.632969
1566.762546 0.000000 2216.125919 0.000000 0.054784 0.000000 0.998498 0.798734 0.798734 0.798734
7450.725359 0.000000 2193.828482 0.000000 0.980142 0.000000 0.198294 0.779048 0.779048 0.779048
7445.132269 0.000000 2191.341006 0.000000 0.988057 0.000000 0.154088 0.695056 0.695056 0.695056
604.648267 0.000000 2170.909062 0.000000 0.939409 0.000000 0.342797 0.651024 0.651024 0.651024
3484.948301 0.000000 2159.686194 0.000000 0.868778 0.000000 0.495202 0.722214 0.722214 0.722214
3479.780141 0.000000 2155.265337 0.000000 0.714671 0.000000 0.699461 0.630368 0.630368 0.630368
7396.036553 0.000000 2147.756664 0.000000 0.999487 0.000000 0.032029 0.861221 0.861221 0.861221
7398.839439 0.000000 2147.022589 0.000000 -0.996722 0.000000 0.080907 0.636234 0.636234 0.636234
3444.594368 0.000000 2144.672251 0.000000 0.969664 0.000000 0.244440 0.693508 0.693508 0.693508
6961.621812 0.000000 2144.868753 0.000000 0.987585 0.000000 0.157086 0.875571 0.875571 0.875571
3451.070168 0.000000 2137.851077 0.000000 -0.659635 0.000000 0.751586 0.687410 0.687410 0.687410
6969.985401 0.000000 2137.493623 0.000000 -0.405523 0.000000 0.914085 0.800972 0.800972 0.800972
7069.696507 0.000000 2137.010087 0.000000 -0.866556 0.000000 0.499079 0.867284 0.867284 0.867284
7074.737668 0.000000 2133.960696 0.000000 -0.925153 0.000000 0.379594 0.784664 0.784664 0.784664
3258.979823 0.000000 2130.432590 0.000000 -0.864952 0.000000 0.501854 0.728352 0.728352 0.728352
3370.094510 0.000000 2119.565588 0.000000 0.540475 0.000000 0.841360 0.768444 0.768444 0.768444
864.028832 0.000000 2111.070670 0.000000 -0.292679 0.000000 0.956211 0.629114 0.629114 0.629114
5319.754190 0.000000 2101.461769 0.000000 -0.984173 0.000000 0.177212 0.694425 0.694425 0.694425
5328.647734 0.000000 2100.162175 0.000000 -0.994250 0.000000 0.107087 0.835488 0.835488 0.835488
7132.809844 0.000000 2100.118087 0.000000 -0.973397 0.000000 0.229123 0.825763 0.825763 0.825763
7146.400499 0.000000 2095.032415 0.000000 -0.999971 0.000000 0.007674 0.725678 0.725678 0.725678
5273.628896 0.000000 2091.965284 0.000000 0.956264 0.000000 0.292505 0.749306 0.749306 0.749306
7208.037209 0.000000 2090.507861 0.000000 -0.972650 0.000000 0.232276 0.879323 0.879323 0.879323
3216.022097 0.000000 2088.124652 0.000000 0.873662 0.000000 0.486534 0.637245 0.637245 0.637245
6769.754126 0.000000 2087.456397 0.000000 -0.993517 0.000000 0.113681 0.677015 0.677015 0.677015
7218.956717 0.000000 2086.373011 0.000000 -0.982041 0.000000 0.188670 0.806097 0.806097 0.806097
6743.581820 0.000000 2085.310133 0.000000 0.978646 0.000000 0.205552 0.695070 0.695070 0.695070
606.717653 0.000000 2084.936795 0.000000 0.789396 0.000000 0.613884 0.732247 0.732247 0.732247
606.895435 0.000000 2083.336153 0.000000 0.769681 0.000000 0.638429 0.715941 0.715941 0.715941
3832.187245 0.000000 2083.397387 0.000000 0.993744 0.000000 -0.111686 0.744515 0.744515 0.744515
3834.188573 0.000000 2083.596742 0.000000 -0.996568 0.000000 0.082780 0.717608 0.717608 0.717608
6778.684758 0.000000 2083.184554 0.000000 -0.980267 0.000000 0.197678 0.857849 0.857849 0.857849
3214.605458 0.000000 2082.304266 0.000000 0.741471 0.000000 0.670985 0.702700 0.702700 0.702700
6786.046945 0.000000 2081.619050 0.000000 -0.996834 0.000000 0.079516 0.727416 0.727416 0.727416
6738.577926 0.000000 2080.886244 0.000000 0.928778 0.000000 0.370635 0.882964 0.882964 0.882964
613.184068 0.000000 2076.125553 0.000000 -0.080950 0.000000 0.996718 0.880011 0.880011 0.880011
6804.632138 0.000000 2076.745380 0.000000 -0.982909 0.000000 0.184090 0.873388 0.873388 0.873388
6731.497159 0.000000 2073.733951 0.000000 0.924518 0.000000 0.381138 0.680737 0.680737 0.680737
7704.142244 0.000000 2070.093314 0.000000 -0.686600 0.000000 0.727035 0.863927 0.863927 0.863927
7703.437141 0.000000 2069.644843 0.000000 -0.649555 0.000000 0.760314 0.851518 0.851518 0.851518
3835.882727 0.000000 2065.202078 0.000000 -0.197894 0.000000 0.980223 0.681399 0.681399 0.681399
3832.420584 0.000000 2064.963782 0.000000 -0.046777 0.000000 0.998905 0.867390 0.867390 0.867390
7136.665313 0.000000 2061.828191 0.000000 -0.811311 0.000000 0.584615 0.736155 0.736155 0.736155
7943.371590 0.000000 2048.565020 0.000000 0.998012 0.000000 0.063022 0.671960 0.671960 0.671960
7938.539240 0.000000 2047.832324 0.000000 0.990902 0.000000 0.134588 0.703885 0.703885 0.703885
628.128819 0.000000 2046.104167 0.000000 0.996393 0.000000 -0.084854 0.717845 0.717845 0.717845
630.639988 0.000000 2046.475459 0.000000 0.999192 0.000000 0.040200 0.867561 0.867561 0.867561
799.408822 0.000000 2043.263624 0.000000 -0.811035 0.000000 0.584998 0.858638 0.858638 0.858638
791.794563 0.000000 2033.867219 0.000000 0.145275 0.000000 0.989391 0.692622 0.692622 0.692622
3111.409442 0.000000 2031.086857 0.000000 0.977211 0.000000 0.212272 0.701327 0.701327 0.701327
7092.817408 0.000000 2027.849772 0.000000 -0.922581 0.000000 0.385804 0.784750 0.784750 0.784750
6607.271487 0.000000 2026.344700 0.000000 0.825741 0.000000 0.564049 0.674927 0.674927 0.674927
8087.153258 0.000000 2026.631386 0.000000 0.998395 0.000000 0.056639 0.768881 0.768881 0.768881
8071.495441 0.000000 2023.642046 0.000000 0.990238 0.000000 0.139388 0.870638 0.870638 0.870638
5397.893153 0.000000 2021.020394 0.000000 -0.945092 0.000000 0.326804 0.745959 0.745959 0.745959
5400.563000 0.000000 2019.030192 0.000000 -0.972257 0.000000 0.233913 0.854105 0.854105 0.854105
5396.388228 0.000000 2011.702784 0.000000 0.341023 0.000000 0.940055 0.843006 0.843006 0.843006
8065.559755 0.000000 2011.975373 0.000000 0.425582 0.000000 0.904920 0.879415 0.879415 0.879415
3879.431579 0.000000 2010.912308 0.000000 0.987860 0.000000 0.155344 0.649044 0.649044 0.649044
7904.413445 0.000000 2010.269726 0.000000 0.997472 0.000000 -0.071066 0.766509 0.766509 0.766509
8085.349631 0.000000 2010.491313 0.000000 -0.079209 0.000000 0.996858 0.820071 0.820071 0.820071
8151.492934 0.000000 2006.175003 0.000000 -0.548432 0.000000 0.836195 0.847523 0.847523 0.847523
5426.825074 0.000000 1993.175026 0.000000 -0.923483 0.000000 0.383638 0.766261 0.766261 0.766261
6534.974476 0.000000 1993.859456 0.000000 0.849339 0.000000 0.527848 0.770756 0.770756 0.770756
6533.515384 0.000000 1992.586447 0.000000 0.882386 0.000000 0.470526 0.868869 0.868869 0.868869
7902.983908 0.000000 1992.253424 0.000000 0.111009 0.000000 0.993819 0.774184 0.774184 0.774184
3002.227718 0.000000 1989.104096 0.000000 0.950132 0.000000 0.311848 0.702375 0.702375 0.702375
6500.413168 0.000000 1975.983268 0.000000 0.911181 0.000000 0.412006 0.684596 0.684596 0.684596
5439.820401 0.000000 1974.274166 0.000000 -0.816420 0.000000 0.577458 0.875330 0.875330 0.875330
6497.739368 0.000000 1973.733340 0.000000 0.849703 0.000000 0.527262 0.811304 0.811304 0.811304
5044.354230 0.000000 1971.669734 0.000000 0.925607 0.000000 0.378486 0.822857 0.822857 0.822857
4131.095865 0.000000 1964.013914 0.000000 0.990703 0.000000 0.136045 0.816504 0.816504 0.816504
5039.437588 0.000000 1964.572202 0.000000 0.901648 0.000000 0.432470 0.684904 0.684904 0.684904
4424.949488 0.000000 1962.929766 0.000000 0.972912 0.000000 0.231178 0.877405 0.877405 0.877405
5357.137175 0.000000 1960.240128 0.000000 0.665691 0.000000 0.746227 0.858419 0.858419 0.858419
5432.453301 0.000000 1958.160090 0.000000 0.168590 0.000000 0.985686 0.736238 0.736238 0.736238
4414.598524 0.000000 1957.286178 0.000000 0.998223 0.000000 0.059586 0.797113 0.797113 0.797113
5036.507166 0.000000 1957.856187 0.000000 0.669637 0.000000 0.742689 0.757595 0.757595 0.757595
5357.050479 0.000000 1957.491425 0.000000 0.894505 0.000000 0.447058 0.866372 0.866372 0.866372
5437.154824 0.000000 1957.010259 0.000000 0.025732 0.000000 0.999669 0.872443 0.872443 0.872443
6479.600822 0.000000 1957.637339 0.000000 0.953221 0.000000 0.302274 0.840518 0.840518 0.840518
6480.090338 0.000000 1957.604937 0.000000 0.982294 0.000000 0.187345 0.879230 0.879230 0.879230
4408.834509 0.000000 1954.291287 0.000000 0.880580 0.000000 0.473897 0.647530 0.647530 0.647530
5040.875987 0.000000 1952.285285 0.000000 0.326872 0.000000 0.945069 0.788017 0.788017 0.788017
3258.517767 0.000000 1948.976578 0.000000 -0.570548 0.000000 0.821264 0.757980 0.757980 0.757980
3987.015486 0.000000 1948.057000 0.000000 0.968057 0.000000 0.250729 0.815356 0.815356 0.815356
3257.391943 0.000000 1947.511438 0.000000 -0.483278 0.000000 0.875467 0.700384 0.700384 0.700384
2591.394341 0.000000 1944.093229 0.000000 0.914498 0.000000 0.404591 0.831751 0.831751 0.831751
2594.773070 0.000000 1939.266291 0.000000 0.295083 0.000000 0.955472 0.724672 0.724672 0.724672
5433.647546 0.000000 1933.280788 0.000000 0.999234 0.000000 0.039130 0.665227 0.665227 0.665227
5436.325167 0.000000 1933.511478 0.000000 -0.999996 0.000000 0.002976 0.736271 0.736271 0.736271
4814.899454 0.000000 1928.175165 0.000000 -0.995225 0.000000 0.097604 0.728176 0.728176 0.728176
5457.590376 0.000000 1922.292421 0.000000 -0.994265 0.000000 0.106942 0.887468 0.887468 0.887468
5003.409138 0.000000 1921.692467 0.000000 0.968817 0.000000 0.247775 0.716417 0.716417 0.716417
5004.959599 0.000000 1921.424202 0.000000 0.922520 0.000000 0.385950 0.726000 0.726000 0.726000
5457.040970 0.000000 1921.788480 0.000000 -0.965773 0.000000 0.259389 0.710764 0.710764 0.710764
8209.166955 0.000000 1921.798368 0.000000 0.968243 0.000000 0.250010 0.667265 0.667265 0.667265
8206.781116 0.000000 1919.732309 0.000000 0.972661 0.000000 0.232231 0.717134 0.717134 0.717134
4500.632788 0.000000 1917.857099 0.000000 -0.953949 0.000000 0.299969 0.883024 0.883024 0.883024
809.026947 0.000000 1915.954289 0.000000 -0.926783 0.000000 0.375597 0.645352 0.645352 0.645352
810.972460 0.000000 1915.154897 0.000000 -0.930985 0.000000 0.365057 0.702177 0.702177 0.702177
2521.999094 0.000000 1903.551544 0.000000 0.973398 0.000000 0.229120 0.819302 0.819302 0.819302
6396.496489 0.000000 1903.526439 0.000000 0.915993 0.000000 0.401195 0.860761 0.860761 0.860761
2519.990394 0.000000 1902.766666 0.000000 0.978128 0.000000 0.208003 0.725985 0.725985 0.725985
4901.519890 0.000000 1902.081679 0.000000 -0.999583 0.000000 0.028888 0.768166 0.768166 0.768166
6386.075472 0.000000 1894.299043 0.000000 0.889489 0.000000 0.456956 0.629221 0.629221 0.629221
8227.005129 0.000000 1894.196102 0.000000 -0.907247 0.000000 0.420597 0.688683 0.688683 0.688683
4297.717941 0.000000 1888.152613 0.000000 0.932100 0.000000 0.362201 0.783287 0.783287 0.783287
2513.809548 0.000000 1885.122739 0.000000 -0.094897 0.000000 0.995487 0.819194 0.819194 0.819194
2525.221755 0.000000 1885.550454 0.000000 0.103449 0.000000 0.994635 0.633186 0.633186 0.633186
4294.000934 0.000000 1885.014125 0.000000 0.936415 0.000000 0.350894 0.809563 0.809563 0.809563
8228.009436 0.000000 1885.351398 0.000000 -0.576800 0.000000 0.816885 0.828579 0.828579 0.828579
8225.510511 0.000000 1880.334086 0.000000 -0.454809 0.000000 0.890589 0.877183 0.877183 0.877183
703.491989 0.000000 1879.785737 0.000000 0.979335 0.000000 0.202246 0.775062 0.775062 0.775062
4593.347156 0.000000 1877.243586 0.000000 -0.996840 0.000000 0.079438 0.651622 0.651622 0.651622
701.877050 0.000000 1876.092695 0.000000 0.982559 0.000000 0.185953 0.806435 0.806435 0.806435
7367.711595 0.000000 1874.196229 0.000000 -0.082633 0.000000 0.996580 0.647248 0.647248 0.647248
2815.706551 0.000000 1867.953759 0.000000 0.999351 0.000000 0.036013 0.692073 0.692073 0.692073
4286.086500 0.000000 1867.636363 0.000000 0.755552 0.000000 0.655089 0.685058 0.685058 0.685058
9200.002398 0.000000 1865.151644 0.000000 -0.930289 0.000000 0.366827 0.732617 0.732617 0.732617
4630.153083 0.000000 1864.493319 0.000000 -0.993564 0.000000 0.113273 0.755002 0.755002 0.755002
6330.883495 0.000000 1863.162464 0.000000 0.953928 0.000000 0.300035 0.747365 0.747365 0.747365
708.978449 0.000000 1861.840141 0.000000 0.555128 0.000000 0.831765 0.860414 0.860414 0.860414
2700.567385 0.000000 1856.945988 0.000000 -0.818561 0.000000 0.574419 0.752055 0.752055 0.752055
9076.360114 0.000000 1854.364309 0.000000 0.992660 0.000000 0.120937 0.864048 0.864048 0.864048
9071.545885 0.000000 1851.082785 0.000000 0.942483 0.000000 0.334255 0.645216 0.645216 0.645216
2702.142820 0.000000 1849.768568 0.000000 -0.860465 0.000000 0.509510 0.831563 0.831563 0.831563
4286.024608 0.000000 1849.215249 0.000000 0.712412 0.000000 0.701761 0.690889 0.690889 0.690889
9069.263287 0.000000 1849.608148 0.000000 0.930313 0.000000 0.366765 0.753538 0.753538 0.753538
4635.913218 0.000000 1846.041749 0.000000 -0.119431 0.000000 0.992842 0.854480 0.854480 0.854480
6849.672153 0.000000 1844.393153 0.000000 0.841234 0.000000 0.540672 0.664859 0.664859 0.664859
6664.453847 0.000000 1841.007603 0.000000 -0.820780 0.000000 0.571244 0.843554 0.843554 0.843554
7283.170497 0.000000 1839.729705 0.000000 -0.444623 0.000000 0.895718 0.860642 0.860642 0.860642
4285.683609 0.000000 1831.799192 0.000000 0.743554 0.000000 0.668676 0.866808 0.866808 0.866808
6666.093687 0.000000 1831.009565 0.000000 0.963605 0.000000 0.267329 0.818720 0.818720 0.818720
6855.259194 0.000000 1831.561270 0.000000 0.512956 0.000000 0.858415 0.763905 0.763905 0.763905
6858.054330 0.000000 1830.240724 0.000000 0.226803 0.000000 0.973941 0.688411 0.688411 0.688411
4283.214979 0.000000 1827.965941 0.000000 0.931952 0.000000 0.362581 0.645034 0.645034 0.645034
4666.748995 0.000000 1825.172803 0.000000 0.949607 0.000000 0.313442 0.629451 0.629451 0.629451
6806.201014 0.000000 1815.740885 0.000000 0.528854 0.000000 0.848713 0.786159 0.786159 0.786159
4293.624307 0.000000 1813.347492 0.000000 -0.737206 0.000000 0.675668 0.882418 0.882418 0.882418
6841.756464 0.000000 1813.754802 0.000000 -0.901603 0.000000 0.432565 0.792598 0.792598 0.792598
6809.040944 0.000000 1812.723912 0.000000 0.233931 0.000000 0.972253 0.829288 0.829288 0.829288
9198.711733 0.000000 1811.428685 0.000000 -0.700412 0.000000 0.713739 0.629720 0.629720 0.629720
6779.798498 0.000000 1808.068646 0.000000 -0.798399 0.000000 0.602129 0.654117 0.654117 0.654117
5101.440262 0.000000 1807.287047 0.000000 -0.560148 0.000000 0.828393 0.863809 0.863809 0.863809
6386.876958 0.000000 1805.320898 0.000000 0.475504 0.000000 0.879714 0.756242 0.756242 0.756242
6717.588824 0.000000 1805.188656 0.000000 0.960330 0.000000 0.278868 0.732468 0.732468 0.732468
6395.436512 0.000000 1804.143969 0.000000 -0.277306 0.000000 0.960782 0.870998 0.870998 0.870998
6696.532114 0.000000 1804.304444 0.000000 0.999889 0.000000 -0.014869 0.785802 0.785802 0.785802
6694.120946 0.000000 1803.362017 0.000000 -0.999603 0.000000 0.028183 0.790531 0.790531 0.790531
7798.278882 0.000000 1803.977177 0.000000 0.951753 0.000000 0.306864 0.847766 0.847766 0.847766
6822.369742 0.000000 1802.738253 0.000000 0.254009 0.000000 0.967202 0.701380 0.701380 0.701380
5093.752279 0.000000 1801.952269 0.000000 -0.265906 0.000000 0.963999 0.881699 0.881699 0.881699
5523.366060 0.000000 1800.806887 0.000000 0.993573 0.000000 -0.113189 0.758653 0.758653 0.758653
7793.886876 0.000000 1797.127310 0.000000 0.883801 0.000000 0.467862 0.796977 0.796977 0.796977
5519.283814 0.000000 1795.869483 0.000000 0.923544 0.000000 0.383493 0.746210 0.746210 0.746210
5528.395831 0.000000 1795.990359 0.000000 -0.877323 0.000000 0.479900 0.630004 0.630004 0.630004
6694.413870 0.000000 1795.942819 0.000000 -0.873697 0.000000 0.486470 0.785395 0.785395 0.785395
6720.620877 0.000000 1795.057740 0.000000 -0.286873 0.000000 0.957969 0.885442 0.885442 0.885442
6828.814555 0.000000 1795.707470 0.000000 0.291901 0.000000 0.956448 0.783607 0.783607 0.783607
6841.175836 0.000000 1795.769568 0.000000 -0.114100 0.000000 0.993469 0.690203 0.690203 0.690203
7791.321689 0.000000 1795.429892 0.000000 0.893134 0.000000 0.449790 0.788254 0.788254 0.788254
6713.199365 0.000000 1792.439220 0.000000 -0.297995 0.000000 0.954567 0.738765 0.738765 0.738765
6973.674180 0.000000 1790.371271 0.000000 0.920036 0.000000 0.391834 0.666522 0.666522 0.666522
6748.597406 0.000000 1785.360117 0.000000 -0.874088 0.000000 0.485768 0.772506 0.772506 0.772506
4312.125201 0.000000 1784.807105 0.000000 0.998831 0.000000 0.048346 0.657122 0.657122 0.657122
6750.817257 0.000000 1784.095024 0.000000 -0.785073 0.000000 0.619404 0.753336 0.753336 0.753336
7056.087247 0.000000 1780.136019 0.000000 -0.514593 0.000000 0.857435 0.704410 0.704410 0.704410
7055.452564 0.000000 1779.395312 0.000000 -0.535350 0.000000 0.844630 0.696925 0.696925 0.696925
4311.527671 0.000000 1777.575454 0.000000 0.998362 0.000000 0.057214 0.751276 0.751276 0.751276
7053.952509 0.000000 1777.800440 0.000000 -0.455117 0.000000 0.890432 0.635927 0.635927 0.635927
4988.702437 0.000000 1775.654346 0.000000 -0.700750 0.000000 0.713407 0.718570 0.718570 0.718570
7546.655969 0.000000 1775.632007 0.000000 -0.997594 0.000000 0.069333 0.762868 0.762868 0.762868
2929.295391 0.000000 1773.322203 0.000000 -0.714360 0.000000 0.699778 0.806518 0.806518 0.806518
6731.832644 0.000000 1770.971699 0.000000 0.974017 0.000000 0.226476 0.875863 0.875863 0.875863
5610.606729 0.000000 1768.984024 0.000000 0.998494 0.000000 0.054862 0.735235 0.735235 0.735235
5616.817431 0.000000 1767.901355 0.000000 -0.999972 0.000000 0.007420 0.787899 0.787899 0.787899
5618.550459 0.000000 1759.562101 0.000000 -0.054917 0.000000 0.998491 0.788145 0.788145 0.788145
4997.830047 0.000000 1756.869207 0.000000 0.993812 0.000000 0.111075 0.684559 0.684559 0.684559
6743.458014 0.000000 1756.722232 0.000000 0.999943 0.000000 0.010679 0.868762 0.868762 0.868762
5007.603907 0.000000 1755.381061 0.000000 0.996567 0.000000 0.082786 0.770360 0.770360 0.770360
4313.457843 0.000000 1753.652796 0.000000 0.664778 0.000000 0.747041 0.744055 0.744055 0.744055
6750.011537 0.000000 1752.195478 0.000000 -0.913236 0.000000 0.407430 0.693541 0.693541 0.693541
7596.621500 0.000000 1745.080879 0.000000 -0.978787 0.000000 0.204881 0.813001 0.813001 0.813001
5012.955263 0.000000 1741.349363 0.000000 -0.690931 0.000000 0.722921 0.852862 0.852862 0.852862
7600.857713 0.000000 1741.219239 0.000000 -0.942640 0.000000 0.333812 0.824851 0.824851 0.824851
6752.187024 0.000000 1739.004652 0.000000 -0.846177 0.000000 0.532902 0.826538 0.826538 0.826538
2810.608168 0.000000 1733.502135 0.000000 -0.850019 0.000000 0.526752 0.674527 0.674527 0.674527
6263.813458 0.000000 1731.849285 0.000000 0.999328 0.000000 -0.036667 0.804427 0.804427 0.804427
6264.083036 0.000000 1731.886975 0.000000 0.997230 0.000000 0.074376 0.724333 0.724333 0.724333
7614.431934 0.000000 1731.929369 0.000000 -0.981404 0.000000 0.191956 0.811795 0.811795 0.811795
2805.353170 0.000000 1727.230270 0.000000 -0.237758 0.000000 0.971325 0.648478 0.648478 0.648478
7543.115172 0.000000 1727.210991 0.000000 -0.302193 0.000000 0.953247 0.729323 0.729323 0.729323
8181.382985 0.000000 1726.383027 0.000000 -0.407411 0.000000 0.913245 0.726681 0.726681 0.726681
6749.587888 0.000000 1724.126738 0.000000 -0.443580 0.000000 0.896235 0.870921 0.870921 0.870921
2564.543154 0.000000 1723.138288 0.000000 -0.921574 0.000000 0.388203 0.879663 0.879663 0.879663
5007.389846 0.000000 1723.039644 0.000000 -0.445018 0.000000 0.895522 0.740152 0.740152 0.740152
5660.777446 0.000000 1723.277212 0.000000 0.671716 0.000000 0.740809 0.872803 0.872803 0.872803
6263.361730 0.000000 1723.573410 0.000000 0.705579 0.000000 0.708631 0.769412 0.769412 0.769412
6749.530441 0.000000 1723.143442 0.000000 -0.402047 0.000000 0.915619 0.830208 0.830208 0.830208
7594.818233 0.000000 1723.454272 0.000000 0.392306 0.000000 0.919835 0.862446 0.862446 0.862446
7621.247314 0.000000 1723.925956 0.000000 -0.825341 0.000000 0.564635 0.744234 0.744234 0.744234
8178.076273 0.000000 1723.089964 0.000000 -0.322826 0.000000 0.946458 0.663065 0.663065 0.663065
4994.671937 0.000000 1720.007186 0.000000 0.413556 0.000000 0.910479 0.660769 0.660769 0.660769
2597.941435 0.000000 1719.654558 0.000000 -0.013075 0.000000 0.999915 0.787860 0.787860 0.787860
7597.026933 0.000000 1719.085968 0.000000 0.454323 0.000000 0.890837 0.783340 0.783340 0.783340
1392.081926 0.000000 1709.895914 0.000000 0.992360 0.000000 0.123376 0.808995 0.808995 0.808995
1452.147111 0.000000 1709.647897 0.000000 0.995968 0.000000 0.089706 0.676248 0.676248 0.676248
1458.718982 0.000000 1709.953554 0.000000 0.999993 0.000000 0.003663 0.853635 0.853635 0.853635
1476.327687 0.000000 1706.740974 0.000000 -0.990347 0.000000 0.138608 0.712907 0.712907 0.712907
5154.014908 0.000000 1706.037675 0.000000 0.993562 0.000000 -0.113290 0.817463 0.817463 0.817463
1400.575117 0.000000 1705.535133 0.000000 -0.793824 0.000000 0.608148 0.755343 0.755343 0.755343
1478.950262 0.000000 1705.143094 0.000000 -0.994136 0.000000 0.108136 0.762945 0.762945 0.762945
2563.278833 0.000000 1705.286050 0.000000 0.408352 0.000000 0.912825 0.763125 0.763125 0.763125
5153.220364 0.000000 1705.404747 0.000000 0.733391 0.000000 0.679807 0.886038 0.886038 0.886038
7603.340973 0.000000 1705.149260 0.000000 0.245065 0.000000 0.969507 0.867017 0.867017 0.867017
1350.874988 0.000000 1703.684335 0.000000 0.998296 0.000000 0.058346 0.722911 0.722911 0.722911
6337.358434 0.000000 1701.142103 0.000000 0.973185 0.000000 0.230024 0.756822 0.756822 0.756822
5789.264512 0.000000 1698.861798 0.000000 -0.925916 0.000000 0.377730 0.817324 0.817324 0.817324
1699.861720 0.000000 1697.061621 0.000000 -0.987082 0.000000 0.160219 0.681899 0.681899 0.681899
6333.779427 0.000000 1697.017629 0.000000 0.779679 0.000000 0.626179 0.883790 0.883790 0.883790
1632.801954 0.000000 1696.604419 0.000000 0.936558 0.000000 0.350512 0.689454 0.689454 0.689454
8982.189851 0.000000 1696.730046 0.000000 -0.984523 0.000000 0.175257 0.823203 0.823203 0.823203
1507.877685 0.000000 1694.471929 0.000000 0.948491 0.000000 0.316803 0.792177 0.792177 0.792177
1512.840308 0.000000 1694.863043 0.000000 0.999761 0.000000 0.021876 0.668276 0.668276 0.668276
2574.203791 0.000000 1694.741748 0.000000 0.302749 0.000000 0.953070 0.869575 0.869575 0.869575
4945.829245 0.000000 1694.248621 0.000000 -0.744965 0.000000 0.667104 0.805013 0.805013 0.805013
9166.981385 0.000000 1693.768512 0.000000 -0.147362 0.000000 0.989083 0.690727 0.690727 0.690727
1710.663899 0.000000 1692.933259 0.000000 -0.930758 0.000000 0.365635 0.723053 0.723053 0.723053
9161.370031 0.000000 1691.568117 0.000000 -0.363186 0.000000 0.931717 0.821673 0.821673 0.821673
9105.655516 0.000000 1689.333708 0.000000 0.523815 0.000000 0.851832 0.724277 0.724277 0.724277
9108.275014 0.000000 1689.401092 0.000000 0.296062 0.000000 0.955169 0.841201 0.841201 0.841201
1583.347389 0.000000 1687.226215 0.000000 -0.575945 0.000000 0.817488 0.819738 0.819738 0.819738
1714.895591 0.000000 1687.618759 0.000000 -0.821130 0.000000 0.570742 0.753158 0.753158 0.753158
2580.216604 0.000000 1687.877526 0.000000 0.322620 0.000000 0.946529 0.635395 0.635395 0.635395
4937.532385 0.000000 1687.152379 0.000000 -0.342550 0.000000 0.939500 0.676953 0.676953 0.676953
6320.889684 0.000000 1687.501230 0.000000 0.998629 0.000000 -0.052338 0.793427 0.793427 0.793427
9112.812453 0.000000 1687.479511 0.000000 0.100624 0.000000 0.994924 0.795181 0.795181 0.795181
9156.901974 0.000000 1687.070541 0.000000 -0.404338 0.000000 0.914610 0.839320 0.839320 0.839320
1584.304440 0.000000 1686.260289 0.000000 -0.603218 0.000000 0.797577 0.644442 0.644442 0.644442
9098.996987 0.000000 1686.164129 0.000000 -0.761076 0.000000 0.648663 0.698693 0.698693 0.698693
1709.992151 0.000000 1685.473451 0.000000 -0.106975 0.000000 0.994262 0.833376 0.833376 0.833376
4931.888060 0.000000 1685.982624 0.000000 0.142708 0.000000 0.989765 0.814769 0.814769 0.814769
1329.925691 0.000000 1684.041885 0.000000 -0.998731 0.000000 0.050360 0.815940 0.815940 0.815940
1332.589448 0.000000 1684.403089 0.000000 -0.978588 0.000000 0.205828 0.815412 0.815412 0.815412
9126.824930 0.000000 1684.925951 0.000000 0.136059 0.000000 0.990701 0.636700 0.636700 0.636700
1407.873734 0.000000 1682.345191 0.000000 -0.997331 0.000000 0.073019 0.742896 0.742896 0.742896
8982.892299 0.000000 1682.812280 0.000000 0.157309 0.000000 0.987549 0.750312 0.750312 0.750312
6353.444511 0.000000 1679.778647 0.000000 0.662168 0.000000 0.749355 0.827551 0.827551 0.827551
6354.131751 0.000000 1679.666154 0.000000 0.751329 0.000000 0.659928 0.779020 0.779020 0.779020
6267.320978 0.000000 1674.339869 0.000000 0.575036 0.000000 0.818128 0.867276 0.867276 0.867276
6581.233939 0.000000 1674.830694 0.000000 0.991568 0.000000 0.129590 0.682307 0.682307 0.682307
9068.055550 0.000000 1672.495682 0.000000 0.785311 0.000000 0.619101 0.802992 0.802992 0.802992
6269.976093 0.000000 1669.474417 0.000000 0.549764 0.000000 0.835320 0.745351 0.745351 0.745351
9068.911871 0.000000 1669.084251 0.000000 0.647194 0.000000 0.762326 0.827515 0.827515 0.827515
5790.691073 0.000000 1668.826098 0.000000 -0.804798 0.000000 0.593549 0.713065 0.713065 0.713065
1713.322883 0.000000 1648.501904 0.000000 -0.946891 0.000000 0.321555 0.705143 0.705143 0.705143
7629.581207 0.000000 1643.077113 0.000000 0.978737 0.000000 0.205120 0.809587 0.809587 0.809587
7632.833052 0.000000 1643.322060 0.000000 0.993068 0.000000 0.117541 0.680884 0.680884 0.680884
1707.253849 0.000000 1640.838781 0.000000 0.026244 0.000000 0.999656 0.639503 0.639503 0.639503
7622.649860 0.000000 1633.299217 0.000000 0.827470 0.000000 0.561510 0.852396 0.852396 0.852396
7663.186991 0.000000 1630.813260 0.000000 0.970647 0.000000 0.240507 0.754928 0.754928 0.754928
7668.235987 0.000000 1630.103801 0.000000 0.999826 0.000000 0.018666 0.824407 0.824407 0.824407
7195.176882 0.000000 1629.507156 0.000000 0.958052 0.000000 0.286593 0.689411 0.689411 0.689411
8558.701595 0.000000 1629.874687 0.000000 0.751154 0.000000 0.660127 0.673676 0.673676 0.673676
7200.283111 0.000000 1628.750197 0.000000 -0.986426 0.000000 0.164205 0.681405 0.681405 0.681405
6537.801511 0.000000 1620.295987 0.000000 -0.593592 0.000000 0.804767 0.834456 0.834456 0.834456
8574.757080 0.000000 1619.374503 0.000000 -0.497563 0.000000 0.867428 0.634194 0.634194 0.634194
954.074827 0.000000 1615.343548 0.000000 0.539173 0.000000 0.842195 0.776580 0.776580 0.776580
1234.081318 0.000000 1615.647955 0.000000 0.866291 0.000000 0.499540 0.630688 0.630688 0.630688
1247.135504 0.000000 1615.825161 0.000000 -0.369774 0.000000 0.929122 0.784915 0.784915 0.784915
6534.781405 0.000000 1615.699930 0.000000 -0.271846 0.000000 0.962341 0.758195 0.758195 0.758195
7621.769920 0.000000 1615.309694 0.000000 0.469409 0.000000 0.882981 0.868417 0.868417 0.868417
8567.979054 0.000000 1615.087902 0.000000 0.103595 0.000000 0.994620 0.817063 0.817063 0.817063
8568.775357 0.000000 1615.897430 0.000000 0.010664 0.000000 0.999943 0.770568 0.770568 0.770568
6532.878715 0.000000 1614.494599 0.000000 -0.143198 0.000000 0.989694 0.835195 0.835195 0.835195
7639.220967 0.000000 1610.373013 0.000000 -0.322282 0.000000 0.946644 0.736557 0.736557 0.736557
7659.734176 0.000000 1610.490001 0.000000 0.333658 0.000000 0.942694 0.667853 0.667853 0.667853
1724.327486 0.000000 1606.566497 0.000000 -0.896812 0.000000 0.442411 0.778130 0.778130 0.778130
5350.395985 0.000000 1605.008724 0.000000 -0.570253 0.000000 0.821469 0.632188 0.632188 0.632188
6276.314342 0.000000 1605.141975 0.000000 0.873382 0.000000 0.487035 0.823928 0.823928 0.823928
5337.485920 0.000000 1601.520123 0.000000 0.218924 0.000000 0.975742 0.656711 0.656711 0.656711
6472.442834 0.000000 1601.939417 0.000000 -0.302857 0.000000 0.953036 0.871985 0.871985 0.871985
4856.051010 0.000000 1599.854230 0.000000 -0.758642 0.000000 0.651507 0.851245 0.851245 0.851245
5214.900325 0.000000 1599.984893 0.000000 0.304741 0.000000 0.952435 0.730634 0.730634 0.730634
6282.997287 0.000000 1599.227999 0.000000 0.070898 0.000000 0.997484 0.726747 0.726747 0.726747
1223.245872 0.000000 1597.481712 0.000000 0.949144 0.000000 0.314842 0.751071 0.751071 0.751071
1224.969046 0.000000 1597.519630 0.000000 0.973646 0.000000 0.228065 0.823882 0.823882 0.823882
4856.979680 0.000000 1597.613786 0.000000 -0.676822 0.000000 0.736147 0.709539 0.709539 0.709539
6469.298376 0.000000 1597.618123 0.000000 -0.458204 0.000000 0.888847 0.644942 0.644942 0.644942
6461.963635 0.000000 1595.054118 0.000000 0.291399 0.000000 0.956602 0.719027 0.719027 0.719027
8894.210438 0.000000 1594.420705 0.000000 0.964155 0.000000 0.265340 0.699299 0.699299 0.699299
8891.328794 0.000000 1592.046110 0.000000 0.946545 0.000000 0.322571 0.761772 0.761772 0.761772
6004.360310 0.000000 1590.837885 0.000000 -0.940009 0.000000 0.341148 0.821515 0.821515 0.821515
6151.624775 0.000000 1586.850753 0.000000 0.999994 0.000000 0.003556 0.747542 0.747542 0.747542
6209.106047 0.000000 1586.981072 0.000000 -0.998960 0.000000 0.045602 0.840546 0.840546 0.840546
6210.461541 0.000000 1586.196618 0.000000 -0.984991 0.000000 0.172608 0.648059 0.648059 0.648059
6776.079703 0.000000 1585.589402 0.000000 0.972977 0.000000 0.230902 0.639010 0.639010 0.639010
6765.586633 0.000000 1580.674718 0.000000 0.649449 0.000000 0.760406 0.673560 0.673560 0.673560
5282.866998 0.000000 1579.107311 0.000000 -0.352140 0.000000 0.935947 0.746258 0.746258 0.746258
6217.640753 0.000000 1579.914103 0.000000 -0.895041 0.000000 0.445984 0.774238 0.774238 0.774238
6765.639082 0.000000 1579.909213 0.000000 0.778767 0.000000 0.627313 0.670744 0.670744 0.670744
6272.189831 0.000000 1578.431803 0.000000 0.987975 0.000000 0.154613 0.655552 0.655552 0.655552
6283.698382 0.000000 1578.361095 0.000000 -0.994678 0.000000 0.103029 0.723568 0.723568 0.723568
4227.708828 0.000000 1575.791995 0.000000 -0.845035 0.000000 0.534711 0.827536 0.827536 0.827536
6057.635780 0.000000 1575.820130 0.000000 0.857238 0.000000 0.514920 0.770998 0.770998 0.770998
6066.803525 0.000000 1574.962002 0.000000 -0.989879 0.000000 0.141911 0.699611 0.699611 0.699611
6258.386357 0.000000 1569.873537 0.000000 0.989884 0.000000 0.141877 0.745032 0.745032 0.745032
6436.825394 0.000000 1569.818150 0.000000 -0.957719 0.000000 0.287706 0.744223 0.744223 0.744223
4328.298703 0.000000 1563.328988 0.000000 0.409838 0.000000 0.912158 0.676353 0.676353 0.676353
4331.079078 0.000000 1561.599986 0.000000 0.341427 0.000000 0.939908 0.886565 0.886565 0.886565
6248.147935 0.000000 1561.396419 0.000000 0.908248 0.000000 0.418432 0.647170 0.647170 0.647170
6450.633133 0.000000 1561.943961 0.000000 -0.727309 0.000000 0.686310 0.882915 0.882915 0.882915
4338.737395 0.000000 1560.585813 0.000000 -0.220579 0.000000 0.975369 0.701095 0.701095 0.701095
1006.264299 0.000000 1556.922419 0.000000 0.850437 0.000000 0.526077 0.710830 0.710830 0.710830
6743.873347 0.000000 1555.609668 0.000000 0.930668 0.000000 0.365865 0.831738 0.831738 0.831738
7730.202607 0.000000 1552.331366 0.000000 0.969495 0.000000 0.245111 0.699705 0.699705 0.699705
7762.866575 0.000000 1549.634747 0.000000 -0.954779 0.000000 0.297317 0.878820 0.878820 0.878820
4202.099366 0.000000 1544.183297 0.000000 -0.973462 0.000000 0.228847 0.638868 0.638868 0.638868
1023.666330 0.000000 1543.552466 0.000000 0.999898 0.000000 -0.014275 0.776544 0.776544 0.776544
1026.751459 0.000000 1543.782467 0.000000 0.999754 0.000000 0.022169 0.748389 0.748389 0.748389
4203.135295 0.000000 1543.318119 0.000000 -0.915694 0.000000 0.401877 0.655271 0.655271 0.655271
6448.671389 0.000000 1543.476717 0.000000 -0.913124 0.000000 0.407682 0.717956 0.717956 0.717956
7723.949681 0.000000 1543.764521 0.000000 0.916449 0.000000 0.400151 0.768957 0.768957 0.768957
7767.844981 0.000000 1535.210218 0.000000 -0.784756 0.000000 0.619805 0.679004 0.679004 0.679004
5411.622672 0.000000 1528.680779 0.000000 0.657779 0.000000 0.753211 0.653879 0.653879 0.653879
7769.852322 0.000000 1525.845639 0.000000 -0.606953 0.000000 0.794738 0.647172 0.647172 0.647172
2053.373995 0.000000 1519.037607 0.000000 0.999073 0.000000 0.043044 0.844587 0.844587 0.844587
6719.172307 0.000000 1519.186766 0.000000 0.998746 0.000000 -0.050070 0.725026 0.725026 0.725026
7015.912820 0.000000 1517.864917 0.000000 0.937153 0.000000 0.348919 0.788785 0.788785 0.788785
6709.289974 0.000000 1516.376155 0.000000 0.977223 0.000000 0.212216 0.862769 0.862769 0.862769
8730.281601 0.000000 1516.170688 0.000000 -0.811950 0.000000 0.583727 0.717222 0.717222 0.717222
7757.595942 0.000000 1515.494353 0.000000 -0.013582 0.000000 0.999908 0.638716 0.638716 0.638716
1788.255314 0.000000 1512.042048 0.000000 0.510288 0.000000 0.860004 0.663083 0.663083 0.663083
1792.270993 0.000000 1507.857881 0.000000 0.094462 0.000000 0.995528 0.780170 0.780170 0.780170
6867.428715 0.000000 1507.263486 0.000000 -0.990191 0.000000 0.139718 0.658295 0.658295 0.658295
1800.188623 0.000000 1506.770322 0.000000 -0.144916 0.000000 0.989444 0.812968 0.812968 0.812968
4130.291443 0.000000 1505.935830 0.000000 0.650073 0.000000 0.759872 0.652015 0.652015 0.652015
4147.258419 0.000000 1501.458883 0.000000 -0.502900 0.000000 0.864345 0.660261 0.660261 0.660261
6677.901520 0.000000 1499.688122 0.000000 0.837834 0.000000 0.545925 0.798569 0.798569 0.798569
7563.390799 0.000000 1495.959453 0.000000 0.936449 0.000000 0.350804 0.740657 0.740657 0.740657
7578.479903 0.000000 1492.655199 0.000000 -0.920441 0.000000 0.390882 0.705713 0.705713 0.705713
6462.078762 0.000000 1489.981905 0.000000 -0.960955 0.000000 0.276706 0.735557 0.735557 0.735557
6457.742035 0.000000 1488.459981 0.000000 -0.999833 0.000000 0.018298 0.724711 0.724711 0.724711
6664.754276 0.000000 1487.172867 0.000000 0.986422 0.000000 0.164232 0.727199 0.727199 0.727199
7031.695490 0.000000 1480.609708 0.000000 0.475159 0.000000 0.879900 0.858403 0.858403 0.858403
7041.221694 0.000000 1480.746592 0.000000 -0.248114 0.000000 0.968731 0.755787 0.755787 0.755787
7156.597406 0.000000 1478.388447 0.000000 0.822888 0.000000 0.568204 0.685636 0.685636 0.685636
7234.575279 0.000000 1477.760912 0.000000 -0.319245 0.000000 0.947672 0.730035 0.730035 0.730035
6423.538898 0.000000 1475.986054 0.000000 0.724629 0.000000 0.689139 0.791157 0.791157 0.791157
7079.400210 0.000000 1474.120161 0.000000 0.717186 0.000000 0.696882 0.721586 0.721586 0.721586
6429.661450 0.000000 1473.181794 0.000000 -0.275028 0.000000 0.961436 0.720137 0.720137 0.720137
7092.838483 0.000000 1472.751440 0.000000 -0.180222 0.000000 0.983626 0.722687 0.722687 0.722687
6422.077011 0.000000 1471.098213 0.000000 0.366844 0.000000 0.930283 0.753445 0.753445 0.753445
6428.750387 0.000000 1471.832209 0.000000 -0.171951 0.000000 0.985106 0.775301 0.775301 0.775301
6448.948097 0.000000 1471.953191 0.000000 -0.701310 0.000000 0.712857 0.825445 0.825445 0.825445
7080.822177 0.000000 1471.863081 0.000000 0.419646 0.000000 0.907688 0.697192 0.697192 0.697192
7092.541202 0.000000 1471.716599 0.000000 -0.178756 0.000000 0.983893 0.864824 0.864824 0.864824
7154.804159 0.000000 1471.267742 0.000000 0.734699 0.000000 0.678393 0.677489 0.677489 0.677489
5441.132159 0.000000 1464.414861 0.000000 0.752038 0.000000 0.659120 0.668188 0.668188 0.668188
6638.082278 0.000000 1459.250004 0.000000 0.945181 0.000000 0.326548 0.751133 0.751133 0.751133
7589.264753 0.000000 1455.924659 0.000000 -0.695713 0.000000 0.718320 0.866188 0.866188 0.866188
7589.910713 0.000000 1453.467019 0.000000 -0.561190 0.000000 0.827687 0.736936 0.736936 0.736936
7557.079487 0.000000 1451.784334 0.000000 0.317639 0.000000 0.948212 0.858624 0.858624 0.858624
6631.412630 0.000000 1450.679515 0.000000 0.982897 0.000000 0.184154 0.748864 0.748864 0.748864
8217.251356 0.000000 1449.797929 0.000000 -0.999996 0.000000 -0.002697 0.752535 0.752535 0.752535
5574.427520 0.000000 1447.811629 0.000000 0.626768 0.000000 0.779206 0.706946 0.706946 0.706946
7563.551139 0.000000 1447.772825 0.000000 0.274347 0.000000 0.961631 0.633683 0.633683 0.633683
8226.551068 0.000000 1447.720554 0.000000 -0.983357 0.000000 0.181686 0.678232 0.678232 0.678232
5580.876402 0.000000 1445.972775 0.000000 0.118431 0.000000 0.992962 0.663884 0.663884 0.663884
5455.938711 0.000000 1443.776447 0.000000 0.277962 0.000000 0.960592 0.822168 0.822168 0.822168
1944.275986 0.000000 1435.897717 0.000000 0.490272 0.000000 0.871569 0.779158 0.779158 0.779158
7765.296394 0.000000 1435.747593 0.000000 0.952573 0.000000 0.304310 0.863425 0.863425 0.863425
8225.004652 0.000000 1433.046432 0.000000 -0.181567 0.000000 0.983379 0.775737 0.775737 0.775737
6857.062761 0.000000 1431.795403 0.000000 -0.974652 0.000000 0.223726 0.857275 0.857275 0.857275
8254.048018 0.000000 1431.356441 0.000000 0.854875 0.000000 0.518834 0.822809 0.822809 0.822809
2367.411175 0.000000 1430.482050 0.000000 -0.967103 0.000000 0.254387 0.646491 0.646491 0.646491
6858.735493 0.000000 1430.299374 0.000000 -0.891506 0.000000 0.453009 0.713326 0.713326 0.713326
8161.457353 0.000000 1427.276706 0.000000 0.991492 0.000000 0.130170 0.711700 0.711700 0.711700
9030.662418 0.000000 1425.102635 0.000000 0.999204 0.000000 -0.039894 0.773377 0.773377 0.773377
1203.741642 0.000000 1421.943713 0.000000 -0.671211 0.000000 0.741267 0.660044 0.660044 0.660044
8995.008199 0.000000 1419.654655 0.000000 0.989795 0.000000 0.142497 0.640634 0.640634 0.640634
1202.649351 0.000000 1417.248412 0.000000 -0.380805 0.000000 0.924655 0.822362 0.822362 0.822362
7796.794675 0.000000 1417.482912 0.000000 -0.992542 0.000000 0.121900 0.811208 0.811208 0.811208
8989.306822 0.000000 1417.761300 0.000000 0.941903 0.000000 0.335886 0.834662 0.834662 0.834662
6235.757042 0.000000 1408.755566 0.000000 -0.808875 0.000000 0.587981 0.721537 0.721537 0.721537
5181.315357 0.000000 1406.003771 0.000000 -0.913766 0.000000 0.406242 0.812997 0.812997 0.812997
1070.721446 0.000000 1405.965190 0.000000 -0.767592 0.000000 0.640938 0.811564 0.811564 0.811564
8873.634013 0.000000 1405.261125 0.000000 0.999463 0.000000 0.032754 0.847472 0.847472 0.847472
8874.928005 0.000000 1405.071624 0.000000 0.998729 0.000000 0.050399 0.746898 0.746898 0.746898
1185.020411 0.000000 1404.500384 0.000000 -0.197136 0.000000 0.980376 0.845099 0.845099 0.845099
1147.383450 0.000000 1403.342643 0.000000 -0.069141 0.000000 0.997607 0.746469 0.746469 0.746469
5184.145103 0.000000 1403.675502 0.000000 -0.777450 0.000000 0.628945 0.708050 0.708050 0.708050
959.353799 0.000000 1402.022453 0.000000 -0.696038 0.000000 0.718005 0.880144 0.880144 0.880144
959.851350 0.000000 1399.560221 0.000000 -0.585384 0.000000 0.810756 0.845947 0.845947 0.845947
1170.605512 0.000000 1399.823879 0.000000 0.313144 0.000000 0.949706 0.791251 0.791251 0.791251
5182.768324 0.000000 1399.076776 0.000000 -0.656103 0.000000 0.754671 0.802118 0.802118 0.802118
8829.694205 0.000000 1399.234055 0.000000 -0.748452 0.000000 0.663189 0.679080 0.679080 0.679080
8901.598548 0.000000 1398.965642 0.000000 -0.910559 0.000000 0.413379 0.716505 0.716505 0.716505
944.066835 0.000000 1394.662657 0.000000 0.332915 0.000000 0.942957 0.668821 0.668821 0.668821
6983.902411 0.000000 1393.892284 0.000000 -0.995533 0.000000 0.094412 0.724041 0.724041 0.724041
6984.610479 0.000000 1393.522516 0.000000 -0.996064 0.000000 0.088636 0.769193 0.769193 0.769193
8160.542284 0.000000 1393.791622 0.000000 0.757798 0.000000 0.652489 0.692111 0.692111 0.692111
6641.291674 0.000000 1392.104700 0.000000 0.840003 0.000000 0.542581 0.868087 0.868087 0.868087
1002.496417 0.000000 1390.587171 0.000000 0.826890 0.000000 0.562364 0.699748 0.699748 0.699748
6642.732554 0.000000 1388.936667 0.000000 0.680311 0.000000 0.732924 0.634267 0.634267 0.634267
8177.981302 0.000000 1388.238560 0.000000 -0.380474 0.000000 0.924792 0.794653 0.794653 0.794653
2561.847972 0.000000 1384.988983 0.000000 0.708509 0.000000 0.705702 0.822723 0.822723 0.822723
1021.941650 0.000000 1382.369646 0.000000 -0.156107 0.000000 0.987740 0.771085 0.771085 0.771085
1031.284460 0.000000 1382.817212 0.000000 -0.899096 0.000000 0.437751 0.673865 0.673865 0.673865
7808.778272 0.000000 1382.865098 0.000000 -0.866583 0.000000 0.499033 0.801602 0.801602 0.801602
1004.909557 0.000000 1381.333425 0.000000 0.532572 0.000000 0.846384 0.883908 0.883908 0.883908
1008.244443 0.000000 1381.680450 0.000000 0.508244 0.000000 0.861213 0.826855 0.826855 0.826855
1032.060961 0.000000 1381.237415 0.000000 -0.833137 0.000000 0.553067 0.709828 0.709828 0.709828
2560.686279 0.000000 1381.026845 0.000000 0.802897 0.000000 0.596118 0.700456 0.700456 0.700456
7808.264707 0.000000 1381.872560 0.000000 -0.822219 0.000000 0.569171 0.716844 0.716844 0.716844
2555.144884 0.000000 1378.212837 0.000000 0.999896 0.000000 -0.014438 0.796641 0.796641 0.796641
7759.180429 0.000000 1376.354492 0.000000 0.633048 0.000000 0.774113 0.825624 0.825624 0.825624
8351.469594 0.000000 1376.192304 0.000000 -0.808810 0.000000 0.588070 0.818349 0.818349 0.818349
6250.654640 0.000000 1369.186418 0.000000 0.994255 0.000000 0.107036 0.642484 0.642484 0.642484
7091.545046 0.000000 1367.658061 0.000000 0.889913 0.000000 0.456131 0.847638 0.847638 0.847638
2503.163590 0.000000 1366.962817 0.000000 0.730850 0.000000 0.682538 0.660063 0.660063 0.660063
7090.857811 0.000000 1363.144734 0.000000 0.790792 0.000000 0.612085 0.777819 0.777819 0.777819
9104.918548 0.000000 1363.998064 0.000000 0.987991 0.000000 0.154514 0.722609 0.722609 0.722609
7121.822727 0.000000 1358.566667 0.000000 0.999077 0.000000 0.042949 0.681923 0.681923 0.681923
8118.073635 0.000000 1351.250273 0.000000 0.983204 0.000000 0.182510 0.678580 0.678580 0.678580
8116.332333 0.000000 1350.329360 0.000000 0.907910 0.000000 0.419166 0.772994 0.772994 0.772994
4831.505730 0.000000 1349.734904 0.000000 -0.918634 0.000000 0.395110 0.709563 0.709563 0.709563
6643.162802 0.000000 1347.136543 0.000000 0.884123 0.000000 0.467255 0.831209 0.831209 0.831209
8116.759764 0.000000 1345.846409 0.000000 0.819582 0.000000 0.572962 0.755760 0.755760 0.755760
5734.269131 0.000000 1343.579578 0.000000 0.743695 0.000000 0.668519 0.675096 0.675096 0.675096
5742.050914 0.000000 1337.687315 0.000000 -0.007636 0.000000 0.999971 0.761679 0.761679 0.761679
6254.294794 0.000000 1336.217220 0.000000 -0.699484 0.000000 0.714649 0.799157 0.799157 0.799157
6254.976865 0.000000 1327.250849 0.000000 -0.996485 0.000000 0.083774 0.658857 0.658857 0.658857
6630.631373 0.000000 1327.199571 0.000000 0.817300 0.000000 0.576213 0.884464 0.884464 0.884464
5818.413610 0.000000 1325.350101 0.000000 0.978066 0.000000 0.208295 0.718989 0.718989 0.718989
8246.653657 0.000000 1323.213049 0.000000 0.903744 0.000000 0.428073 0.629948 0.629948 0.629948
6172.248732 0.000000 1320.104431 0.000000 0.524113 0.000000 0.851649 0.641611 0.641611 0.641611
8506.130349 0.000000 1320.246509 0.000000 0.996061 0.000000 0.088666 0.634482 0.634482 0.634482
6175.453267 0.000000 1318.877025 0.000000 0.425695 0.000000 0.904867 0.785312 0.785312 0.785312
6243.958232 0.000000 1318.584712 0.000000 0.247724 0.000000 0.968831 0.879663 0.879663 0.879663
8514.883221 0.000000 1318.837317 0.000000 -0.959834 0.000000 0.280569 0.701326 0.701326 0.701326
6247.445078 0.000000 1309.910685 0.000000 0.441410 0.000000 0.897305 0.726035 0.726035 0.726035
6637.010897 0.000000 1309.508053 0.000000 0.622429 0.000000 0.782677 0.875914 0.875914 0.875914
6649.027758 0.000000 1305.793025 0.000000 -0.358899 0.000000 0.933376 0.749797 0.749797 0.749797
7394.187901 0.000000 1305.353850 0.000000 0.504624 0.000000 0.863339 0.720051 0.720051 0.720051
8631.925250 0.000000 1297.433761 0.000000 0.881631 0.000000 0.471940 0.704037 0.704037 0.704037
7409.655390 0.000000 1296.412229 0.000000 0.129633 0.000000 0.991562 0.874443 0.874443 0.874443
8593.584521 0.000000 1296.187129 0.000000 -0.983971 0.000000 0.178326 0.668888 0.668888 0.668888
8597.883412 0.000000 1291.209682 0.000000 -0.912286 0.000000 0.409554 0.729060 0.729060 0.729060
6732.667844 0.000000 1289.123070 0.000000 0.999736 0.000000 -0.022975 0.864435 0.864435 0.864435
7132.799353 0.000000 1279.903747 0.000000 -0.856722 0.000000 0.515779 0.657768 0.657768 0.657768
7124.509588 0.000000 1275.493790 0.000000 0.606349 0.000000 0.795199 0.772653 0.772653 0.772653
7125.258735 0.000000 1273.599009 0.000000 0.439304 0.000000 0.898339 0.662004 0.662004 0.662004
7135.680446 0.000000 1273.494271 0.000000 -0.884433 0.000000 0.466667 0.825892 0.825892 0.825892
5966.321153 0.000000 1270.169518 0.000000 -0.779107 0.000000 0.626891 0.858248 0.858248 0.858248
4490.793063 0.000000 1268.832517 0.000000 0.864347 0.000000 0.502897 0.883301 0.883301 0.883301
7146.162595 0.000000 1261.338107 0.000000 -0.887962 0.000000 0.459917 0.668004 0.668004 0.668004
3437.760357 0.000000 1259.605877 0.000000 0.924955 0.000000 0.380077 0.656900 0.656900 0.656900
3438.893404 0.000000 1259.909066 0.000000 0.966433 0.000000 0.256920 0.633113 0.633113 0.633113
7495.597899 0.000000 1257.999153 0.000000 0.814196 0.000000 0.580590 0.841236 0.841236 0.841236
3447.182843 0.000000 1255.178509 0.000000 -0.900045 0.000000 0.435797 0.885380 0.885380 0.885380
7495.258921 0.000000 1255.595029 0.000000 0.984568 0.000000 0.175002 0.685574 0.685574 0.685574
6815.201117 0.000000 1249.866666 0.000000 -0.968978 0.000000 0.247147 0.653258 0.653258 0.653258
8136.137429 0.000000 1249.268208 0.000000 0.913173 0.000000 0.407573 0.629977 0.629977 0.629977
8134.727157 0.000000 1248.719496 0.000000 0.920105 0.000000 0.391672 0.640429 0.640429 0.640429
5448.586587 0.000000 1244.560512 0.000000 0.990495 0.000000 0.137549 0.856706 0.856706 0.856706
3328.089861 0.000000 1239.014058 0.000000 0.980771 0.000000 0.195162 0.749280 0.749280 0.749280
3330.466554 0.000000 1239.401623 0.000000 0.998824 0.000000 0.048483 0.713811 0.713811 0.713811
3325.520523 0.000000 1237.441772 0.000000 0.957241 0.000000 0.289291 0.767835 0.767835 0.767835
6811.776398 0.000000 1237.569332 0.000000 -0.313677 0.000000 0.949530 0.760316 0.760316 0.760316
2467.639352 0.000000 1229.708300 0.000000 0.766333 0.000000 0.642444 0.698915 0.698915 0.698915
8175.691410 0.000000 1229.064283 0.000000 0.294146 0.000000 0.955760 0.761862 0.761862 0.761862
5844.789018 0.000000 1227.701197 0.000000 0.518451 0.000000 0.855107 0.798167 0.798167 0.798167
8321.606756 0.000000 1227.553367 0.000000 0.996500 0.000000 0.083590 0.660109 0.660109 0.660109
3490.057377 0.000000 1224.511243 0.000000 0.938284 0.000000 0.345866 0.843799 0.843799 0.843799
6341.138969 0.000000 1220.142683 0.000000 -0.974909 0.000000 0.222604 0.681828 0.681828 0.681828
2470.066579 0.000000 1219.275666 0.000000 0.452697 0.000000 0.891664 0.715968 0.715968 0.715968
3489.734637 0.000000 1219.209269 0.000000 0.956079 0.000000 0.293110 0.648445 0.648445 0.648445
3499.748088 0.000000 1219.194651 0.000000 -0.759685 0.000000 0.650292 0.793685 0.793685 0.793685
5847.287099 0.000000 1219.400399 0.000000 0.534016 0.000000 0.845474 0.720467 0.720467 0.720467
5912.364870 0.000000 1219.358305 0.000000 -0.731340 0.000000 0.682014 0.855341 0.855341 0.855341
8330.955452 0.000000 1219.170679 0.000000 -0.419655 0.000000 0.907684 0.806013 0.806013 0.806013
5211.404656 0.000000 1217.910580 0.000000 0.949070 0.000000 0.315064 0.830035 0.830035 0.830035
5850.995315 0.000000 1217.710015 0.000000 0.337930 0.000000 0.941171 0.857097 0.857097 0.857097
5220.529600 0.000000 1214.316511 0.000000 -0.883555 0.000000 0.468328 0.792697 0.792697 0.792697
7554.519181 0.000000 1213.417044 0.000000 0.989957 0.000000 0.141367 0.776774 0.776774 0.776774
7560.822109 0.000000 1213.540844 0.000000 -0.971863 0.000000 0.235545 0.692638 0.692638 0.692638
5903.111136 0.000000 1211.069490 0.000000 0.561440 0.000000 0.827518 0.876607 0.876607 0.876607
7095.006139 0.000000 1211.674193 0.000000 -0.957169 0.000000 0.289529 0.638505 0.638505 0.638505
8361.153900 0.000000 1211.555303 0.000000 0.990355 0.000000 0.138556 0.704873 0.704873 0.704873
8370.339566 0.000000 1208.353345 0.000000 -0.937691 0.000000 0.347471 0.790996 0.790996 0.790996
6289.176708 0.000000 1206.898305 0.000000 0.866098 0.000000 0.499874 0.667824 0.667824 0.667824
9178.547239 0.000000 1206.542352 0.000000 -0.740706 0.000000 0.671829 0.677476 0.677476 0.677476
6807.569183 0.000000 1205.904998 0.000000 -0.981398 0.000000 0.191984 0.772824 0.772824 0.772824
6393.048734 0.000000 1204.488414 0.000000 0.991917 0.000000 0.126892 0.875691 0.875691 0.875691
8554.861701 0.000000 1203.838036 0.000000 -0.449826 0.000000 0.893116 0.672063 0.672063 0.672063
6387.105330 0.000000 1202.637724 0.000000 0.976047 0.000000 0.217559 0.808019 0.808019 0.808019
6385.714970 0.000000 1201.780904 0.000000 0.975477 0.000000 0.220101 0.810927 0.810927 0.810927
7093.979259 0.000000 1201.781914 0.000000 -0.154373 0.000000 0.988013 0.640823 0.640823 0.640823
8549.652705 0.000000 1201.188690 0.000000 -0.281993 0.000000 0.959417 0.732566 0.732566 0.732566
8550.812223 0.000000 1201.163210 0.000000 -0.231706 0.000000 0.972786 0.850955 0.850955 0.850955
9178.666707 0.000000 1201.149486 0.000000 -0.738426 0.000000 0.674334 0.686658 0.686658 0.686658
5182.396835 0.000000 1200.881732 0.000000 0.950339 0.000000 0.311218 0.747065 0.747065 0.747065
5184.026659 0.000000 1200.716053 0.000000 0.979626 0.000000 0.200828 0.730232 0.730232 0.730232
7091.727333 0.000000 1200.746074 0.000000 -0.359904 0.000000 0.932989 0.765834 0.765834 0.765834
6814.697173 0.000000 1198.198312 0.000000 -0.929152 0.000000 0.369698 0.841550 0.841550 0.841550
6370.274768 0.000000 1195.480654 0.000000 0.989590 0.000000 0.143918 0.843380 0.843380 0.843380
6997.675880 0.000000 1195.098420 0.000000 0.455578 0.000000 0.890196 0.638358 0.638358 0.638358
7002.818992 0.000000 1193.925188 0.000000 0.131453 0.000000 0.991322 0.657818 0.657818 0.657818
7692.239662 0.000000 1189.067865 0.000000 0.839594 0.000000 0.543214 0.689354 0.689354 0.689354
6274.060559 0.000000 1187.825258 0.000000 0.995467 0.000000 0.095104 0.748645 0.748645 0.748645
7708.885691 0.000000 1186.595024 0.000000 -0.345763 0.000000 0.938322 0.680058 0.680058 0.680058
6398.483719 0.000000 1183.106814 0.000000 0.342435 0.000000 0.939542 0.661672 0.661672 0.661672
6823.552017 0.000000 1183.360164 0.000000 -0.742163 0.000000 0.670220 0.729888 0.729888 0.729888
7691.109724 0.000000 1183.159744 0.000000 0.787351 0.000000 0.616505 0.861392 0.861392 0.861392
7704.103903 0.000000 1183.780817 0.000000 -0.490499 0.000000 0.871442 0.746567 0.746567 0.746567
8638.792902 0.000000 1183.739029 0.000000 0.718751 0.000000 0.695267 0.808301 0.808301 0.808301
6821.527651 0.000000 1180.700473 0.000000 -0.304912 0.000000 0.952381 0.817069 0.817069 0.817069
5286.559571 0.000000 1179.246087 0.000000 -0.985402 0.000000 0.170243 0.800903 0.800903 0.800903
8195.598311 0.000000 1175.044955 0.000000 0.994989 0.000000 0.099982 0.717332 0.717332 0.717332
5689.442886 0.000000 1167.699592 0.000000 -0.709312 0.000000 0.704895 0.754736 0.754736 0.754736
5689.824712 0.000000 1165.413547 0.000000 -0.650638 0.000000 0.759388 0.809252 0.809252 0.809252
6733.291011 0.000000 1164.674711 0.000000 0.982574 0.000000 0.185872 0.834822 0.834822 0.834822
8195.753416 0.000000 1164.321703 0.000000 -0.303767 0.000000 0.952746 0.816993 0.816993 0.816993
5687.040695 0.000000 1162.900965 0.000000 -0.471509 0.000000 0.881861 0.630640 0.630640 0.630640
8655.355157 0.000000 1154.970064 0.000000 0.251176 0.000000 0.967942 0.846044 0.846044 0.846044
3284.524818 0.000000 1147.246181 0.000000 0.655899 0.000000 0.754849 0.772433 0.772433 0.772433
6827.337796 0.000000 1147.619794 0.000000 0.750190 0.000000 0.661222 0.680343 0.680343 0.680343
6437.627377 0.000000 1144.642789 0.000000 0.960712 0.000000 0.277546 0.635067 0.635067 0.635067
6444.417854 0.000000 1143.736436 0.000000 -0.875715 0.000000 0.482829 0.799268 0.799268 0.799268
7375.021079 0.000000 1141.035624 0.000000 0.957504 0.000000 0.288420 0.723993 0.723993 0.723993
6753.335262 0.000000 1137.953475 0.000000 0.891620 0.000000 0.452785 0.753802 0.753802 0.753802
5446.020227 0.000000 1134.283029 0.000000 0.684266 0.000000 0.729233 0.652776 0.652776 0.652776
5152.455115 0.000000 1129.343644 0.000000 0.877052 0.000000 0.480395 0.650160 0.650160 0.650160
6443.599518 0.000000 1129.556403 0.000000 -0.908777 0.000000 0.417281 0.721875 0.721875 0.721875
5076.325100 0.000000 1128.730754 0.000000 -0.976417 0.000000 0.215894 0.755561 0.755561 0.755561
6444.253896 0.000000 1128.755250 0.000000 -0.934701 0.000000 0.355434 0.867462 0.867462 0.867462
8676.925243 0.000000 1128.552433 0.000000 0.921133 0.000000 0.389247 0.852704 0.852704 0.852704
8675.301152 0.000000 1125.236792 0.000000 0.772083 0.000000 0.635522 0.838181 0.838181 0.838181
9205.668821 0.000000 1124.343134 0.000000 -0.998559 0.000000 0.053664 0.821587 0.821587 0.821587
3289.166628 0.000000 1122.666649 0.000000 0.445133 0.000000 0.895464 0.783829 0.783829 0.783829
6788.999172 0.000000 1119.653154 0.000000 0.028705 0.000000 0.999588 0.690684 0.690684 0.690684
5067.655722 0.000000 1111.169101 0.000000 0.297816 0.000000 0.954623 0.846964 0.846964 0.846964
6953.650459 0.000000 1111.190055 0.000000 0.989733 0.000000 0.142926 0.692367 0.692367 0.692367
6946.622119 0.000000 1106.333388 0.000000 0.963399 0.000000 0.268071 0.811314 0.811314 0.811314
3558.659765 0.000000 1099.695118 0.000000 0.999429 0.000000 -0.033777 0.753975 0.753975 0.753975
5081.502744 0.000000 1097.825003 0.000000 0.744113 0.000000 0.668054 0.733592 0.733592 0.733592
6486.563974 0.000000 1094.046554 0.000000 0.996401 0.000000 0.084760 0.645354 0.645354 0.645354
5080.127701 0.000000 1093.095003 0.000000 0.675715 0.000000 0.737163 0.650509 0.650509 0.650509
6483.430743 0.000000 1093.851850 0.000000 0.950609 0.000000 0.310391 0.881517 0.881517 0.881517
6959.091974 0.000000 1093.393274 0.000000 -0.350587 0.000000 0.936530 0.817666 0.817666 0.817666
6479.029682 0.000000 1089.194307 0.000000 0.875584 0.000000 0.483065 0.788868 0.788868 0.788868
7016.518974 0.000000 1087.142301 0.000000 0.996215 0.000000 0.086923 0.865223 0.865223 0.865223
7020.977297 0.000000 1086.224316 0.000000 -0.985648 0.000000 0.168811 0.661296 0.661296 0.661296
7383.281689 0.000000 1084.851358 0.000000 0.641214 0.000000 0.767362 0.864044 0.864044 0.864044
7910.662821 0.000000 1083.669551 0.000000 -0.999891 0.000000 0.014735 0.873151 0.873151 0.873151
6219.689789 0.000000 1079.979845 0.000000 0.961328 0.000000 0.275407 0.816765 0.816765 0.816765
6215.729698 0.000000 1075.058013 0.000000 0.923055 0.000000 0.384667 0.671364 0.671364 0.671364
7391.610330 0.000000 1075.539880 0.000000 0.181640 0.000000 0.983365 0.692716 0.692716 0.692716
6522.070197 0.000000 1074.738417 0.000000 -0.991110 0.000000 0.133043 0.700491 0.700491 0.700491
8188.274167 0.000000 1073.040870 0.000000 0.961823 0.000000 0.273674 0.667459 0.667459 0.667459
7333.465128 0.000000 1072.102499 0.000000 0.997932 0.000000 0.064280 0.863035 0.863035 0.863035
8118.059938 0.000000 1072.946332 0.000000 -0.961235 0.000000 0.275729 0.733101 0.733101 0.733101
7296.317393 0.000000 1067.029313 0.000000 0.996266 0.000000 0.086332 0.813630 0.813630 0.813630
4861.972953 0.000000 1066.977944 0.000000 0.887207 0.000000 0.461372 0.644324 0.644324 0.644324
4859.411758 0.000000 1062.073722 0.000000 0.710904 0.000000 0.703289 0.806838 0.806838 0.806838
7285.873655 0.000000 1061.745492 0.000000 0.972647 0.000000 0.232290 0.642529 0.642529 0.642529
8198.749132 0.000000 1058.469580 0.000000 -0.391151 0.000000 0.920327 0.739273 0.739273 0.739273
7283.384315 0.000000 1057.259352 0.000000 0.891490 0.000000 0.453041 0.745831 0.745831 0.745831
8186.414552 0.000000 1057.902136 0.000000 0.400725 0.000000 0.916198 0.861633 0.861633 0.861633
8196.041457 0.000000 1057.593101 0.000000 -0.261117 0.000000 0.965307 0.723179 0.723179 0.723179
7343.193671 0.000000 1053.359660 0.000000 0.935703 0.000000 0.352790 0.748339 0.748339 0.748339
7344.057218 0.000000 1053.793911 0.000000 0.995740 0.000000 0.092206 0.786906 0.786906 0.786906
7696.326827 0.000000 1053.605480 0.000000 -0.982192 0.000000 0.187881 0.869419 0.869419 0.869419
3325.023491 0.000000 1048.265774 0.000000 0.520995 0.000000 0.853560 0.863428 0.863428 0.863428
9235.879608 0.000000 1048.553219 0.000000 -0.888841 0.000000 0.458216 0.636569 0.636569 0.636569
7704.720122 0.000000 1044.994276 0.000000 -0.726555 0.000000 0.687109 0.694839 0.694839 0.694839
7271.299995 0.000000 1042.346042 0.000000 0.909386 0.000000 0.415954 0.729647 0.729647 0.729647
7270.497778 0.000000 1039.834786 0.000000 0.631192 0.000000 0.775627 0.712360 0.712360 0.712360
7345.484583 0.000000 1039.725617 0.000000 -0.472089 0.000000 0.881551 0.831277 0.831277 0.831277
7703.384932 0.000000 1039.463481 0.000000 -0.489714 0.000000 0.871883 0.811798 0.811798 0.811798
8632.183370 0.000000 1038.276074 0.000000 -0.958354 0.000000 0.285583 0.776048 0.776048 0.776048
7272.729750 0.000000 1036.580055 0.000000 0.625982 0.000000 0.779837 0.789242 0.789242 0.789242
6424.886603 0.000000 1035.021371 0.000000 -0.579687 0.000000 0.814839 0.863877 0.863877 0.863877
5490.462082 0.000000 1031.668519 0.000000 0.359139 0.000000 0.933284 0.794398 0.794398 0.794398
7334.505154 0.000000 1028.568821 0.000000 0.564743 0.000000 0.825267 0.824858 0.824858 0.824858
5426.730337 0.000000 1023.291427 0.000000 -0.935506 0.000000 0.353311 0.843116 0.843116 0.843116
7341.292667 0.000000 1021.208673 0.000000 0.334046 0.000000 0.942557 0.849870 0.849870 0.849870
8675.648491 0.000000 1021.341583 0.000000 0.961110 0.000000 0.276165 0.843828 0.843828 0.843828
8676.038358 0.000000 1021.172132 0.000000 0.979885 0.000000 0.199561 0.765856 0.765856 0.765856
5428.452353 0.000000 1020.984352 0.000000 -0.833686 0.000000 0.552238 0.679702 0.679702 0.679702
7901.603238 0.000000 1014.334160 0.000000 -0.905153 0.000000 0.425087 0.709502 0.709502 0.709502
7902.652979 0.000000 1014.146050 0.000000 -0.941916 0.000000 0.335848 0.813387 0.813387 0.813387
8420.344959 0.000000 1014.542364 0.000000 0.930595 0.000000 0.366050 0.644020 0.644020 0.644020
3371.152123 0.000000 1009.880238 0.000000 0.673191 0.000000 0.739468 0.657665 0.657665 0.657665
3373.336744 0.000000 1003.063579 0.000000 0.381386 0.000000 0.924416 0.828378 0.828378 0.828378
7340.122921 0.000000 1003.821293 0.000000 0.792532 0.000000 0.609830 0.630878 0.630878 0.630878
7346.727683 0.000000 1003.954444 0.000000 -0.651196 0.000000 0.758910 0.832737 0.832737 0.832737
7897.893797 0.000000 1003.979829 0.000000 -0.464790 0.000000 0.885421 0.696315 0.696315 0.696315
8347.582881 0.000000 1000.815155 0.000000 0.478571 0.000000 0.878049 0.681790 0.681790 0.681790
3384.065187 0.000000 999.959408 0.000000 0.069074 0.000000 0.997612 0.850756 0.850756 0.850756
8194.552248 0.000000 997.171298 0.000000 -0.989780 0.000000 0.142600 0.734287 0.734287 0.734287
8424.277834 0.000000 994.017718 0.000000 0.224920 0.000000 0.974377 0.727279 0.727279 0.727279
7351.115375 0.000000 985.460218 0.000000 -0.470611 0.000000 0.882341 0.845212 0.845212 0.845212
7270.142689 0.000000 982.173216 0.000000 0.920112 0.000000 0.391655 0.704091 0.704091 0.704091
7869.184339 0.000000 980.255921 0.000000 -0.482024 0.000000 0.876158 0.836759 0.836759 0.836759
7281.037232 0.000000 976.738145 0.000000 -0.079768 0.000000 0.996813 0.884195 0.884195 0.884195
8209.409091 0.000000 976.998846 0.000000 -0.991836 0.000000 0.127519 0.730206 0.730206 0.730206
8020.174739 0.000000 973.678627 0.000000 0.999986 0.000000 0.005210 0.748907 0.748907 0.748907
7853.836286 0.000000 967.189722 0.000000 -0.652717 0.000000 0.757602 0.687717 0.687717 0.687717
8018.631820 0.000000 967.389321 0.000000 -0.672967 0.000000 0.739672 0.769757 0.769757 0.769757
8211.932875 0.000000 967.339372 0.000000 -0.651038 0.000000 0.759045 0.731239 0.731239 0.731239
7847.726725 0.000000 961.878228 0.000000 0.297617 0.000000 0.954686 0.835741 0.835741 0.835741
8207.892008 0.000000 960.664859 0.000000 -0.370932 0.000000 0.928660 0.746030 0.746030 0.746030
9234.349985 0.000000 960.978624 0.000000 -0.521984 0.000000 0.852955 0.698885 0.698885 0.698885
9230.835051 0.000000 956.672590 0.000000 -0.297972 0.000000 0.954574 0.703169 0.703169 0.703169
7468.795223 0.000000 955.822929 0.000000 0.996113 0.000000 0.088079 0.653092 0.653092 0.653092
7470.326696 0.000000 955.910714 0.000000 0.999444 0.000000 0.033341 0.712636 0.712636 0.712636
7311.725455 0.000000 952.008356 0.000000 0.464830 0.000000 0.885400 0.701735 0.701735 0.701735
7313.097958 0.000000 949.418150 0.000000 0.356913 0.000000 0.934138 0.735959 0.735959 0.735959
7477.949400 0.000000 949.715561 0.000000 -0.921124 0.000000 0.389270 0.864479 0.864479 0.864479
5227.472565 0.000000 945.463451 0.000000 0.946657 0.000000 0.322244 0.824203 0.824203 0.824203
7826.679521 0.000000 945.611309 0.000000 -0.511381 0.000000 0.859354 0.708413 0.708413 0.708413
7488.927017 0.000000 943.777294 0.000000 -0.981310 0.000000 0.192432 0.635855 0.635855 0.635855
7475.124687 0.000000 931.686291 0.000000 0.421177 0.000000 0.906978 0.778969 0.778969 0.778969
8333.265085 0.000000 931.372596 0.000000 0.999677 0.000000 0.025413 0.810707 0.810707 0.810707
8334.502063 0.000000 931.351318 0.000000 0.999615 0.000000 0.027745 0.669755 0.669755 0.669755
8352.100266 0.000000 931.994246 0.000000 -0.372334 0.000000 0.928099 0.664065 0.664065 0.664065
6545.510301 0.000000 911.279241 0.000000 0.615602 0.000000 0.788057 0.847185 0.847185 0.847185
3539.143825 0.000000 910.539447 0.000000 0.716071 0.000000 0.698027 0.814809 0.814809 0.814809
6552.259685 0.000000 900.844141 0.000000 0.327166 0.000000 0.944967 0.855994 0.855994 0.855994
3546.933514 0.000000 899.314000 0.000000 -0.436493 0.000000 0.899708 0.717879 0.717879 0.717879
3453.439044 0.000000 898.974507 0.000000 0.567110 0.000000 0.823642 0.833467 0.833467 0.833467
3467.364980 0.000000 896.269856 0.000000 -0.559943 0.000000 0.828531 0.671203 0.671203 0.671203
3454.824072 0.000000 895.373500 0.000000 0.563583 0.000000 0.826059 0.865823 0.865823 0.865823
3467.996372 0.000000 895.703637 0.000000 -0.466123 0.000000 0.884720 0.657958 0.657958 0.657958
7426.623941 0.000000 895.346874 0.000000 0.881268 0.000000 0.472617 0.841663 0.841663 0.841663
7437.910637 0.000000 895.595889 0.000000 -0.914639 0.000000 0.404272 0.814529 0.814529 0.814529
5156.275261 0.000000 894.632955 0.000000 0.915432 0.000000 0.402472 0.655662 0.655662 0.655662
6570.156356 0.000000 893.500657 0.000000 0.879199 0.000000 0.476454 0.755767 0.755767 0.755767
6569.979437 0.000000 892.391287 0.000000 0.720398 0.000000 0.693561 0.881331 0.881331 0.881331
6940.495970 0.000000 890.784011 0.000000 -0.164655 0.000000 0.986351 0.781537 0.781537 0.781537
7543.079777 0.000000 878.348264 0.000000 0.774600 0.000000 0.632452 0.756494 0.756494 0.756494
7450.599785 0.000000 877.590892 0.000000 -0.733693 0.000000 0.679481 0.721777 0.721777 0.721777
7543.316905 0.000000 877.971102 0.000000 0.675088 0.000000 0.737737 0.705075 0.705075 0.705075
8111.391059 0.000000 877.535293 0.000000 0.894241 0.000000 0.447585 0.733742 0.733742 0.733742
8118.700574 0.000000 874.900973 0.000000 -0.956809 0.000000 0.290719 0.824519 0.824519 0.824519
7452.536019 0.000000 872.150652 0.000000 -0.715460 0.000000 0.698654 0.703205 0.703205 0.703205
6640.299636 0.000000 871.649269 0.000000 0.338780 0.000000 0.940866 0.698830 0.698830 0.698830
6642.878841 0.000000 871.731111 0.000000 0.234858 0.000000 0.972030 0.663582 0.663582 0.663582
8120.165845 0.000000 859.079124 0.000000 0.026933 0.000000 0.999637 0.638807 0.638807 0.638807
5437.283894 0.000000 849.200759 0.000000 -0.762377 0.000000 0.647133 0.835393 0.835393 0.835393
6882.934663 0.000000 849.335442 0.000000 -0.012536 0.000000 0.999921 0.848124 0.848124 0.848124
7367.457496 0.000000 845.631791 0.000000 0.898430 0.000000 0.439116 0.785676 0.785676 0.785676
7816.249513 0.000000 842.493448 0.000000 0.917814 0.000000 0.397010 0.688257 0.688257 0.688257
7364.861762 0.000000 841.111970 0.000000 0.921584 0.000000 0.388179 0.701543 0.701543 0.701543
7816.791003 0.000000 841.650239 0.000000 0.900833 0.000000 0.434165 0.865534 0.865534 0.865534
4589.566073 0.000000 834.039390 0.000000 0.959618 0.000000 0.281307 0.705692 0.705692 0.705692
4590.910268 0.000000 832.782434 0.000000 0.966059 0.000000 0.258323 0.760356 0.760356 0.760356
6747.747184 0.000000 824.465933 0.000000 0.950217 0.000000 0.311589 0.758359 0.758359 0.758359
6745.650185 0.000000 823.021742 0.000000 0.960754 0.000000 0.277401 0.678554 0.678554 0.678554
7365.636241 0.000000 823.905288 0.000000 -0.376466 0.000000 0.926431 0.666861 0.666861 0.666861
7384.120503 0.000000 817.489856 0.000000 0.638049 0.000000 0.769996 0.793230 0.793230 0.793230
9102.578868 0.000000 817.988832 0.000000 -0.373562 0.000000 0.927605 0.666651 0.666651 0.666651
8628.543423 0.000000 815.313628 0.000000 0.998767 0.000000 0.049644 0.662497 0.662497 0.662497
7101.438492 0.000000 790.424710 0.000000 0.739674 0.000000 0.672965 0.709430 0.709430 0.709430
5491.968846 0.000000 787.894883 0.000000 -0.996584 0.000000 0.082589 0.676772 0.676772 0.676772
7100.453895 0.000000 787.416492 0.000000 0.681596 0.000000 0.731729 0.826104 0.826104 0.826104
5488.777116 0.000000 785.362226 0.000000 0.994232 0.000000 0.107251 0.742376 0.742376 0.742376
7110.696529 0.000000 782.231547 0.000000 0.245211 0.000000 0.969470 0.851750 0.851750 0.851750
4685.504258 0.000000 778.994382 0.000000 0.316561 0.000000 0.948572 0.823606 0.823606 0.823606
8112.308614 0.000000 777.282768 0.000000 -0.999921 0.000000 0.012582 0.860726 0.860726 0.860726
7258.583181 0.000000 773.056173 0.000000 -0.891872 0.000000 0.452288 0.736511 0.736511 0.736511
8118.267251 0.000000 771.928408 0.000000 -0.872673 0.000000 0.488305 0.726672 0.726672 0.726672
8099.820689 0.000000 770.386529 0.000000 0.993222 0.000000 0.116237 0.671111 0.671111 0.671111
7260.767508 0.000000 769.951815 0.000000 -0.786501 0.000000 0.617589 0.848659 0.848659 0.848659
8093.561984 0.000000 769.055962 0.000000 0.949289 0.000000 0.314404 0.719889 0.719889 0.719889
8118.260316 0.000000 769.293215 0.000000 -0.914859 0.000000 0.403773 0.741703 0.741703 0.741703
4908.613842 0.000000 768.200083 0.000000 0.977717 0.000000 0.209927 0.735565 0.735565 0.735565
7237.226302 0.000000 768.284753 0.000000 0.910202 0.000000 0.414165 0.662198 0.662198 0.662198
4914.418604 0.000000 767.470582 0.000000 -0.961017 0.000000 0.276490 0.695309 0.695309 0.695309
7014.313756 0.000000 767.730432 0.000000 -0.997807 0.000000 0.066187 0.824666 0.824666 0.824666
7020.598751 0.000000 765.955522 0.000000 -0.969535 0.000000 0.244954 0.816365 0.816365 0.816365
7235.517693 0.000000 765.319270 0.000000 0.945129 0.000000 0.326699 0.858145 0.858145 0.858145
8625.871059 0.000000 762.258515 0.000000 0.906096 0.000000 0.423071 0.740543 0.740543 0.740543
5238.803225 0.000000 756.004157 0.000000 -0.959885 0.000000 0.280394 0.877761 0.877761 0.877761
7228.800103 0.000000 751.254682 0.000000 0.585146 0.000000 0.810928 0.802910 0.802910 0.802910
7252.179849 0.000000 751.673946 0.000000 -0.483677 0.000000 0.875247 0.683723 0.683723 0.683723
8123.499529 0.000000 751.488311 0.000000 -0.734896 0.000000 0.678179 0.717757 0.717757 0.717757
8430.080039 0.000000 751.290408 0.000000 0.354965 0.000000 0.934880 0.812740 0.812740 0.812740
8442.999601 0.000000 751.210144 0.000000 0.999928 0.000000 -0.011982 0.791005 0.791005 0.791005
7464.704843 0.000000 750.819688 0.000000 -0.913893 0.000000 0.405955 0.776474 0.776474 0.776474
8087.217979 0.000000 749.508577 0.000000 0.883332 0.000000 0.468748 0.736608 0.736608 0.736608
5262.348154 0.000000 742.546487 0.000000 -0.371853 0.000000 0.928292 0.839764 0.839764 0.839764
8116.895519 0.000000 736.326596 0.000000 0.433069 0.000000 0.901361 0.830817 0.830817 0.830817
8084.064904 0.000000 733.256800 0.000000 0.691070 0.000000 0.722788 0.704708 0.704708 0.704708
8112.346751 0.000000 731.182381 0.000000 0.899554 0.000000 0.436810 0.797379 0.797379 0.797379
5156.077614 0.000000 728.112454 0.000000 0.963873 0.000000 0.266361 0.654472 0.654472 0.654472
8469.642947 0.000000 723.853917 0.000000 0.999168 0.000000 0.040796 0.843386 0.843386 0.843386
7404.704925 0.000000 720.744986 0.000000 0.694530 0.000000 0.719463 0.704827 0.704827 0.704827
8478.414882 0.000000 719.882328 0.000000 -0.935462 0.000000 0.353427 0.849942 0.849942 0.849942
5550.289139 0.000000 715.380829 0.000000 0.892739 0.000000 0.450575 0.668269 0.668269 0.668269
7404.279399 0.000000 715.840094 0.000000 0.529508 0.000000 0.848305 0.721662 0.721662 0.721662
8087.017899 0.000000 715.821910 0.000000 0.859203 0.000000 0.511635 0.766333 0.766333 0.766333
8478.485705 0.000000 715.513920 0.000000 -0.670313 0.000000 0.742078 0.655531 0.655531 0.655531
8477.832723 0.000000 712.088207 0.000000 -0.518482 0.000000 0.855089 0.705038 0.705038 0.705038
5562.211389 0.000000 710.794495 0.000000 -0.816853 0.000000 0.576846 0.650553 0.650553 0.650553
8110.741879 0.000000 702.483519 0.000000 -0.970122 0.000000 0.242618 0.744607 0.744607 0.744607
5570.248963 0.000000 697.884530 0.000000 -0.781432 0.000000 0.623991 0.697604 0.697604 0.697604
8083.489075 0.000000 697.470663 0.000000 0.870024 0.000000 0.493009 0.864907 0.864907 0.864907
8113.202776 0.000000 697.799918 0.000000 -0.813976 0.000000 0.580899 0.852848 0.852848 0.852848
8118.107396 0.000000 690.864314 0.000000 -0.911286 0.000000 0.411773 0.675469 0.675469 0.675469
8125.484249 0.000000 679.657040 0.000000 -0.684255 0.000000 0.729243 0.856384 0.856384 0.856384
8407.975754 0.000000 679.659107 0.000000 0.851967 0.000000 0.523595 0.865573 0.865573 0.865573
6300.769082 0.000000 676.020783 0.000000 0.999787 0.000000 0.020620 0.740971 0.740971 0.740971
6318.535995 0.000000 671.973995 0.000000 -0.913387 0.000000 0.407092 0.751488 0.751488 0.751488
8068.203938 0.000000 670.572074 0.000000 0.866242 0.000000 0.499624 0.825751 0.825751 0.825751
842.952943 0.000000 665.253427 0.000000 0.998403 0.000000 0.056500 0.632163 0.632163 0.632163
825.777425 0.000000 662.404800 0.000000 0.959711 0.000000 0.280988 0.758528 0.758528 0.758528
825.688942 0.000000 661.296148 0.000000 0.962347 0.000000 0.271824 0.748040 0.748040 0.748040
828.902235 0.000000 661.454463 0.000000 0.984326 0.000000 0.176361 0.756815 0.756815 0.756815
7652.086000 0.000000 661.079998 0.000000 0.953562 0.000000 0.301195 0.830657 0.830657 0.830657
8124.627403 0.000000 661.829834 0.000000 -0.308269 0.000000 0.951299 0.801240 0.801240 0.801240
7649.611160 0.000000 658.340883 0.000000 0.916671 0.000000 0.399642 0.722064 0.722064 0.722064
850.692685 0.000000 656.301595 0.000000 -0.997982 0.000000 0.063491 0.824215 0.824215 0.824215
8117.894350 0.000000 651.871689 0.000000 -0.039088 0.000000 0.999236 0.770976 0.770976 0.770976
677.302617 0.000000 650.456193 0.000000 0.996261 0.000000 0.086398 0.740991 0.740991 0.740991
684.372255 0.000000 648.266742 0.000000 -0.954439 0.000000 0.298407 0.767725 0.767725 0.767725
8661.727755 0.000000 644.682861 0.000000 0.648338 0.000000 0.761353 0.706604 0.706604 0.706604
7644.955753 0.000000 643.582428 0.000000 0.505233 0.000000 0.862983 0.845901 0.845901 0.845901
8662.305770 0.000000 643.092803 0.000000 0.638519 0.000000 0.769606 0.783162 0.783162 0.783162
6325.185998 0.000000 640.888359 0.000000 -0.916618 0.000000 0.399764 0.765918 0.765918 0.765918
8111.546353 0.000000 640.674877 0.000000 -0.935592 0.000000 0.353084 0.768251 0.768251 0.768251
620.131436 0.000000 634.888451 0.000000 0.975819 0.000000 0.218581 0.837157 0.837157 0.837157
884.563954 0.000000 628.166022 0.000000 -0.973113 0.000000 0.230329 0.850201 0.850201 0.850201
879.251875 0.000000 627.109438 0.000000 -0.999916 0.000000 0.012973 0.738468 0.738468 0.738468
885.128431 0.000000 625.379513 0.000000 -0.954331 0.000000 0.298753 0.667123 0.667123 0.667123
8052.289607 0.000000 625.524314 0.000000 0.879972 0.000000 0.475025 0.698326 0.698326 0.698326
8559.112476 0.000000 625.956629 0.000000 0.883315 0.000000 0.468780 0.676785 0.676785 0.676785
8568.444402 0.000000 624.181842 0.000000 -0.928351 0.000000 0.371705 0.715153 0.715153 0.715153
8528.806867 0.000000 623.290864 0.000000 0.998922 0.000000 -0.046418 0.836866 0.836866 0.836866
8549.445962 0.000000 623.708770 0.000000 0.979026 0.000000 0.203734 0.712101 0.712101 0.712101
8106.917580 0.000000 620.323562 0.000000 0.999913 0.000000 -0.013162 0.696084 0.696084 0.696084
8510.369359 0.000000 619.200847 0.000000 0.997376 0.000000 0.072391 0.781658 0.781658 0.781658
546.795294 0.000000 618.934276 0.000000 0.996226 0.000000 0.086792 0.710029 0.710029 0.710029
596.979279 0.000000 617.022826 0.000000 0.996994 0.000000 0.077476 0.846536 0.846536 0.846536
6290.828305 0.000000 610.573533 0.000000 0.861678 0.000000 0.507455 0.661456 0.661456 0.661456
6315.176157 0.000000 610.482885 0.000000 -0.788919 0.000000 0.614497 0.776893 0.776893 0.776893
8423.733332 0.000000 610.613193 0.000000 0.983126 0.000000 0.182932 0.840598 0.840598 0.840598
6288.739027 0.000000 607.934534 0.000000 0.831231 0.000000 0.555927 0.717365 0.717365 0.717365
6300.907867 0.000000 607.267580 0.000000 -0.732644 0.000000 0.680612 0.699129 0.699129 0.699129
7454.800808 0.000000 607.234683 0.000000 0.974081 0.000000 0.226201 0.642902 0.642902 0.642902
8052.279869 0.000000 607.271018 0.000000 0.589007 0.000000 0.808128 0.696983 0.696983 0.696983
7451.213555 0.000000 604.564320 0.000000 0.932012 0.000000 0.362427 0.754944 0.754944 0.754944
7664.739670 0.000000 603.950671 0.000000 0.841535 0.000000 0.540203 0.822761 0.822761 0.822761
7335.030164 0.000000 602.645909 0.000000 0.963066 0.000000 0.269267 0.778203 0.778203 0.778203
7344.951441 0.000000 602.855019 0.000000 -0.999411 0.000000 -0.034315 0.812008 0.812008 0.812008
7862.329636 0.000000 602.641728 0.000000 0.858259 0.000000 0.513218 0.697989 0.697989 0.697989
8096.243571 0.000000 601.105826 0.000000 -0.462337 0.000000 0.886704 0.697279 0.697279 0.697279
7713.597144 0.000000 598.484843 0.000000 -0.589166 0.000000 0.808012 0.805621 0.805621 0.805621
7668.361792 0.000000 597.296749 0.000000 0.428159 0.000000 0.903703 0.705352 0.705352 0.705352
7799.237168 0.000000 597.240536 0.000000 0.607123 0.000000 0.794608 0.855553 0.855553 0.855553
7702.801601 0.000000 592.438121 0.000000 0.124084 0.000000 0.992272 0.663312 0.663312 0.663312
8064.196762 0.000000 591.983387 0.000000 0.994416 0.000000 0.105527 0.801714 0.801714 0.801714
7799.282489 0.000000 589.984745 0.000000 0.850655 0.000000 0.525724 0.841625 0.841625 0.841625
7864.694674 0.000000 589.637700 0.000000 0.327324 0.000000 0.944912 0.866699 0.866699 0.866699
8062.467816 0.000000 589.131341 0.000000 0.998871 0.000000 0.047506 0.634953 0.634953 0.634953
8066.855475 0.000000 589.146894 0.000000 0.949855 0.000000 0.312690 0.880316 0.880316 0.880316
8083.852061 0.000000 589.866403 0.000000 -0.434200 0.000000 0.900817 0.799100 0.799100 0.799100
6276.184246 0.000000 588.697019 0.000000 0.819977 0.000000 0.572397 0.788133 0.788133 0.788133
7866.770891 0.000000 588.212093 0.000000 0.375268 0.000000 0.926917 0.701675 0.701675 0.701675
884.667252 0.000000 587.603177 0.000000 -0.935483 0.000000 0.353372 0.733538 0.733538 0.733538
7793.032023 0.000000 585.958193 0.000000 0.974349 0.000000 0.225043 0.687806 0.687806 0.687806
7578.202220 0.000000 583.722635 0.000000 0.959411 0.000000 0.282010 0.650133 0.650133 0.650133
7905.763117 0.000000 579.249230 0.000000 -0.185124 0.000000 0.982715 0.753756 0.753756 0.753756
8724.502522 0.000000 577.462784 0.000000 0.999585 0.000000 -0.028803 0.746134 0.746134 0.746134
6361.242197 0.000000 575.306399 0.000000 0.993429 0.000000 -0.114448 0.772740 0.772740 0.772740
6365.382302 0.000000 571.212292 0.000000 -0.985663 0.000000 0.168725 0.730316 0.730316 0.730316
8723.548174 0.000000 571.393243 0.000000 0.869023 0.000000 0.494772 0.801452 0.801452 0.801452
9026.726269 0.000000 571.093293 0.000000 0.923907 0.000000 0.382618 0.766363 0.766363 0.766363
6278.424715 0.000000 567.945233 0.000000 0.855410 0.000000 0.517952 0.782530 0.782530 0.782530
8412.889385 0.000000 565.813466 0.000000 0.910612 0.000000 0.413263 0.728300 0.728300 0.728300
8099.172466 0.000000 553.422631 0.000000 0.976556 0.000000 0.215263 0.800000 0.800000 0.800000
8100.527967 0.000000 553.428839 0.000000 0.957565 0.000000 0.288217 0.850416 0.850416 0.850416
8416.374995 0.000000 553.503882 0.000000 0.643143 0.000000 0.765746 0.722307 0.722307 0.722307
9071.943970 0.000000 553.382741 0.000000 0.999967 0.000000 0.008165 0.740243 0.740243 0.740243
9072.294020 0.000000 553.475628 0.000000 -0.997859 0.000000 0.065404 0.752597 0.752597 0.752597
9099.284516 0.000000 553.207242 0.000000 0.910675 0.000000 0.413123 0.791233 0.791233 0.791233
9109.941223 0.000000 553.527951 0.000000 -0.974175 0.000000 0.225793 0.674541 0.674541 0.674541
7363.894495 0.000000 548.493899 0.000000 -0.462016 0.000000 0.886872 0.804183 0.804183 0.804183
7361.465583 0.000000 546.032721 0.000000 -0.282076 0.000000 0.959392 0.816467 0.816467 0.816467
8115.449064 0.000000 535.894417 0.000000 -0.855841 0.000000 0.517238 0.772814 0.772814 0.772814
8703.045064 0.000000 535.697308 0.000000 0.763352 0.000000 0.645983 0.836161 0.836161 0.836161
8122.480238 0.000000 534.379289 0.000000 0.996669 0.000000 0.081557 0.646641 0.646641 0.646641
6276.696782 0.000000 529.094253 0.000000 0.974911 0.000000 0.222595 0.687197 0.687197 0.687197
7743.409056 0.000000 528.422251 0.000000 0.999601 0.000000 -0.028244 0.709018 0.709018 0.709018
8427.680614 0.000000 527.401741 0.000000 0.510922 0.000000 0.859627 0.845889 0.845889 0.845889
2909.459687 0.000000 525.062086 0.000000 0.926301 0.000000 0.376783 0.660337 0.660337 0.660337
7564.385534 0.000000 523.323337 0.000000 -0.923085 0.000000 0.384596 0.702939 0.702939 0.702939
862.651067 0.000000 520.983737 0.000000 -0.666156 0.000000 0.745813 0.816315 0.816315 0.816315
8096.558129 0.000000 520.780418 0.000000 -0.146750 0.000000 0.989174 0.724310 0.724310 0.724310
860.141776 0.000000 517.464830 0.000000 -0.482219 0.000000 0.876051 0.823642 0.823642 0.823642
6275.481340 0.000000 517.280653 0.000000 0.326024 0.000000 0.945362 0.798129 0.798129 0.798129
7565.464620 0.000000 517.822471 0.000000 0.386046 0.000000 0.922480 0.815727 0.815727 0.815727
8046.947749 0.000000 517.341928 0.000000 -0.798326 0.000000 0.602226 0.801490 0.801490 0.801490
8093.415305 0.000000 517.099310 0.000000 -0.346832 0.000000 0.937927 0.767051 0.767051 0.767051
8105.169095 0.000000 517.142638 0.000000 0.087960 0.000000 0.996124 0.650538 0.650538 0.650538
9124.746912 0.000000 515.471925 0.000000 -0.997524 0.000000 0.070332 0.653438 0.653438 0.653438
9126.832033 0.000000 515.271291 0.000000 -0.982712 0.000000 0.185142 0.647420 0.647420 0.647420
7559.428003 0.000000 514.161952 0.000000 -0.656823 0.000000 0.754044 0.637465 0.637465 0.637465
8078.129460 0.000000 506.927962 0.000000 -0.676873 0.000000 0.736100 0.767082 0.767082 0.767082
5592.361793 0.000000 503.182173 0.000000 -0.743988 0.000000 0.668193 0.879369 0.879369 0.879369
5591.148217 0.000000 499.094998 0.000000 -0.505268 0.000000 0.862962 0.807665 0.807665 0.807665
8043.471970 0.000000 499.110997 0.000000 0.831054 0.000000 0.556192 0.884474 0.884474 0.884474
8068.644461 0.000000 499.458500 0.000000 -0.545492 0.000000 0.838116 0.827749 0.827749 0.827749
6300.518322 0.000000 492.817313 0.000000 0.806952 0.000000 0.590616 0.871779 0.871779 0.871779
6299.749356 0.000000 491.415466 0.000000 0.809357 0.000000 0.587317 0.735005 0.735005 0.735005
8046.894189 0.000000 487.120415 0.000000 0.327838 0.000000 0.944734 0.673303 0.673303 0.673303
9166.818846 0.000000 487.983479 0.000000 0.965503 0.000000 0.260393 0.876445 0.876445 0.876445
9155.634763 0.000000 483.203482 0.000000 0.988371 0.000000 0.152059 0.727182 0.727182 0.727182
8055.104469 0.000000 481.837749 0.000000 0.211626 0.000000 0.977351 0.690847 0.690847 0.690847
8076.585532 0.000000 481.054559 0.000000 -0.575082 0.000000 0.818095 0.631390 0.631390 0.631390
8841.601000 0.000000 475.105156 0.000000 -0.832991 0.000000 0.553286 0.746843 0.746843 0.746843
497.107189 0.000000 468.076196 0.000000 0.566432 0.000000 0.824108 0.639352 0.639352 0.639352
5216.357766 0.000000 466.711499 0.000000 -0.809503 0.000000 0.587116 0.830990 0.830990 0.830990
510.868321 0.000000 465.950947 0.000000 -0.503990 0.000000 0.863709 0.630599 0.630599 0.630599
8856.117976 0.000000 464.694428 0.000000 0.999070 0.000000 0.043129 0.646661 0.646661 0.646661
503.637168 0.000000 463.897884 0.000000 0.222789 0.000000 0.974867 0.691272 0.691272 0.691272
504.461530 0.000000 463.181363 0.000000 0.170529 0.000000 0.985353 0.680814 0.680814 0.680814
5217.999667 0.000000 463.544002 0.000000 -0.794985 0.000000 0.606629 0.810642 0.810642 0.810642
8853.176546 0.000000 463.227987 0.000000 0.891301 0.000000 0.453412 0.664712 0.664712 0.664712
2879.055777 0.000000 458.450904 0.000000 0.887391 0.000000 0.461018 0.782117 0.782117 0.782117
8438.005024 0.000000 457.225672 0.000000 0.997834 0.000000 -0.065776 0.674912 0.674912 0.674912
2880.441097 0.000000 452.055267 0.000000 0.445084 0.000000 0.895489 0.697290 0.697290 0.697290
6417.412745 0.000000 451.223526 0.000000 0.556368 0.000000 0.830936 0.772765 0.772765 0.772765
7577.940708 0.000000 451.177830 0.000000 0.999782 0.000000 -0.020879 0.664637 0.664637 0.664637
7578.550120 0.000000 451.760207 0.000000 0.997676 0.000000 -0.068137 0.826040 0.826040 0.826040
6426.219712 0.000000 450.368267 0.000000 -0.212281 0.000000 0.977209 0.852707 0.852707 0.852707
8443.312271 0.000000 448.281822 0.000000 0.970548 0.000000 0.240909 0.818492 0.818492 0.818492
7592.875726 0.000000 445.497437 0.000000 -0.960919 0.000000 0.276828 0.630141 0.630141 0.630141
7791.985732 0.000000 445.999176 0.000000 -0.559280 0.000000 0.828979 0.690045 0.690045 0.690045
8439.534484 0.000000 445.398441 0.000000 0.800209 0.000000 0.599721 0.781917 0.781917 0.781917
7596.299770 0.000000 443.635782 0.000000 -0.920280 0.000000 0.391261 0.652348 0.652348 0.652348
8748.492972 0.000000 442.107846 0.000000 0.865075 0.000000 0.501643 0.811150 0.811150 0.811150
7554.382440 0.000000 441.873303 0.000000 0.931038 0.000000 0.364923 0.643310 0.643310 0.643310
8747.689825 0.000000 440.686744 0.000000 0.817059 0.000000 0.576554 0.665593 0.665593 0.665593
9190.181679 0.000000 434.920665 0.000000 0.996752 0.000000 0.080533 0.717560 0.717560 0.717560
6421.953467 0.000000 430.684672 0.000000 1.000000 0.000000 0.000010 0.854050 0.854050 0.854050
8841.876759 0.000000 430.222093 0.000000 0.910478 0.000000 0.413557 0.773578 0.773578 0.773578
6419.152536 0.000000 427.691141 0.000000 0.998371 0.000000 0.057063 0.815588 0.815588 0.815588
7776.782024 0.000000 427.876299 0.000000 0.700187 0.000000 0.713959 0.651232 0.651232 0.651232
8840.490787 0.000000 427.429145 0.000000 0.753074 0.000000 0.657936 0.718061 0.718061 0.718061
9192.712666 0.000000 427.838694 0.000000 -0.407634 0.000000 0.913145 0.783392 0.783392 0.783392
3041.708540 0.000000 424.012101 0.000000 0.810857 0.000000 0.585244 0.775676 0.775676 0.775676
7545.913947 0.000000 421.385760 0.000000 0.981441 0.000000 0.191763 0.728372 0.728372 0.728372
3047.919368 0.000000 420.873198 0.000000 -0.890951 0.000000 0.454100 0.873560 0.873560 0.873560
2980.569258 0.000000 418.361687 0.000000 0.020989 0.000000 0.999780 0.870410 0.870410 0.870410
8856.577828 0.000000 418.180677 0.000000 -0.253323 0.000000 0.967382 0.645672 0.645672 0.645672
5579.475668 0.000000 414.897957 0.000000 0.999970 0.000000 -0.007782 0.636771 0.636771 0.636771
5580.370896 0.000000 414.436180 0.000000 -0.994369 0.000000 0.105972 0.805971 0.805971 0.805971
6480.054362 0.000000 413.147718 0.000000 -0.985288 0.000000 0.170902 0.645269 0.645269 0.645269
7774.095320 0.000000 413.156625 0.000000 0.829483 0.000000 0.558533 0.707676 0.707676 0.707676
2979.993088 0.000000 409.831037 0.000000 0.999972 0.000000 0.007469 0.712029 0.712029 0.712029
5587.834425 0.000000 409.383314 0.000000 -0.915769 0.000000 0.401705 0.772888 0.772888 0.772888
6484.024818 0.000000 409.206455 0.000000 -0.887262 0.000000 0.461266 0.834020 0.834020 0.834020
7543.824528 0.000000 409.183942 0.000000 0.545099 0.000000 0.838371 0.879652 0.879652 0.879652
7770.318049 0.000000 409.186903 0.000000 0.963070 0.000000 0.269252 0.722837 0.722837 0.722837
7793.064206 0.000000 409.905687 0.000000 -0.632936 0.000000 0.774204 0.839618 0.839618 0.839618
7794.062192 0.000000 409.771951 0.000000 -0.688193 0.000000 0.725527 0.725896 0.725896 0.725896
5262.027956 0.000000 406.869367 0.000000 0.710496 0.000000 0.703702 0.742715 0.742715 0.742715
2974.560035 0.000000 391.783522 0.000000 -0.470673 0.000000 0.882308 0.839835 0.839835 0.839835
6371.489117 0.000000 383.196859 0.000000 0.998653 0.000000 0.051884 0.764175 0.764175 0.764175
7762.595121 0.000000 380.930571 0.000000 0.633145 0.000000 0.774033 0.706006 0.706006 0.706006
7777.322323 0.000000 380.189104 0.000000 -0.588863 0.000000 0.808233 0.707250 0.707250 0.707250
8874.140661 0.000000 378.878035 0.000000 -0.999958 0.000000 -0.009131 0.712601 0.712601 0.712601
7762.463555 0.000000 373.901434 0.000000 0.607768 0.000000 0.794115 0.711536 0.711536 0.711536
7777.675595 0.000000 373.972141 0.000000 -0.727454 0.000000 0.686157 0.718119 0.718119 0.718119
3074.204710 0.000000 372.849437 0.000000 0.273066 0.000000 0.961995 0.631295 0.631295 0.631295
2998.514268 0.000000 370.496171 0.000000 -0.941085 0.000000 0.338171 0.872054 0.872054 0.872054
8874.353907 0.000000 370.826278 0.000000 0.106583 0.000000 0.994304 0.641826 0.641826 0.641826
9182.910893 0.000000 369.063328 0.000000 -0.740138 0.000000 0.672456 0.712750 0.712750 0.712750
7542.388070 0.000000 368.027528 0.000000 0.987739 0.000000 0.156116 0.634365 0.634365 0.634365
9179.151444 0.000000 365.747437 0.000000 -0.490962 0.000000 0.871181 0.850590 0.850590 0.850590
9159.731622 0.000000 363.813772 0.000000 0.546859 0.000000 0.837224 0.846007 0.846007 0.846007
2945.022229 0.000000 358.812181 0.000000 0.509050 0.000000 0.860737 0.658496 0.658496 0.658496
2946.771772 0.000000 355.578570 0.000000 0.414172 0.000000 0.910199 0.878703 0.878703 0.878703
2956.306900 0.000000 355.996610 0.000000 -0.182110 0.000000 0.983278 0.676371 0.676371 0.676371
7541.176285 0.000000 355.686624 0.000000 0.436199 0.000000 0.899850 0.706833 0.706833 0.706833
7542.699112 0.000000 355.571274 0.000000 0.477140 0.000000 0.878827 0.736581 0.736581 0.736581
3020.884996 0.000000 354.756004 0.000000 0.997449 0.000000 -0.071387 0.693276 0.693276 0.693276
7290.571568 0.000000 348.251103 0.000000 0.998671 0.000000 0.051538 0.883383 0.883383 0.883383
3031.685913 0.000000 347.901131 0.000000 0.999808 0.000000 -0.019572 0.884364 0.884364 0.884364
8890.929871 0.000000 333.395184 0.000000 0.925296 0.000000 0.379246 0.651946 0.651946 0.651946
7290.131018 0.000000 332.397413 0.000000 -0.076542 0.000000 0.997066 0.661284 0.661284 0.661284
7564.082902 0.000000 330.458309 0.000000 0.763616 0.000000 0.645671 0.655615 0.655615 0.655615
6287.267894 0.000000 329.556057 0.000000 0.999357 0.000000 0.035846 0.887260 0.887260 0.887260
8892.191302 0.000000 328.335189 0.000000 0.413077 0.000000 0.910696 0.829275 0.829275 0.829275
5603.073833 0.000000 323.348964 0.000000 -0.994017 0.000000 0.109224 0.778042 0.778042 0.778042
8432.615155 0.000000 313.246832 0.000000 0.509081 0.000000 0.860718 0.801977 0.801977 0.801977
9044.946074 0.000000 299.556722 0.000000 -0.915736 0.000000 0.401780 0.846292 0.846292 0.846292
5605.082156 0.000000 292.436410 0.000000 -0.863224 0.000000 0.504821 0.860743 0.860743 0.860743
8884.080649 0.000000 287.889773 0.000000 0.999401 0.000000 -0.034597 0.759499 0.759499 0.759499
8878.181457 0.000000 283.996691 0.000000 0.856384 0.000000 0.516339 0.657825 0.657825 0.657825
6278.615411 0.000000 273.154790 0.000000 0.685911 0.000000 0.727685 0.666146 0.666146 0.666146
6282.190869 0.000000 268.676401 0.000000 0.320981 0.000000 0.947086 0.826319 0.826319 0.826319
9136.472617 0.000000 267.061089 0.000000 -0.920689 0.000000 0.390297 0.661590 0.661590 0.661590
8376.048950 0.000000 265.538981 0.000000 0.912002 0.000000 0.410187 0.684927 0.684927 0.684927
8872.474504 0.000000 265.615563 0.000000 0.780461 0.000000 0.625204 0.790457 0.790457 0.790457
8874.845109 0.000000 265.633938 0.000000 0.862294 0.000000 0.506407 0.805452 0.805452 0.805452
9138.981494 0.000000 265.190136 0.000000 -0.940261 0.000000 0.340456 0.818345 0.818345 0.818345
8369.437916 0.000000 260.342155 0.000000 0.724607 0.000000 0.689163 0.701751 0.701751 0.701751
8729.328030 0.000000 260.653880 0.000000 0.986901 0.000000 0.161325 0.828492 0.828492 0.828492
8730.522637 0.000000 260.232319 0.000000 0.970811 0.000000 0.239848 0.848721 0.848721 0.848721
6574.709533 0.000000 258.352811 0.000000 -0.958217 0.000000 0.286042 0.694936 0.694936 0.694936
7398.659103 0.000000 258.665432 0.000000 -0.915861 0.000000 0.401495 0.848042 0.848042 0.848042
6758.237386 0.000000 246.992884 0.000000 0.226160 0.000000 0.974090 0.754400 0.754400 0.754400
9135.317538 0.000000 246.612169 0.000000 -0.475343 0.000000 0.879800 0.695003 0.695003 0.695003
6502.331800 0.000000 244.957023 0.000000 0.279018 0.000000 0.960286 0.736691 0.736691 0.736691
7289.918110 0.000000 238.375218 0.000000 0.947548 0.000000 0.319614 0.807062 0.807062 0.807062
8885.620968 0.000000 237.508327 0.000000 0.778409 0.000000 0.627758 0.864474 0.864474 0.864474
8419.474380 0.000000 234.988906 0.000000 -0.729017 0.000000 0.684495 0.723456 0.723456 0.723456
7285.071188 0.000000 229.656851 0.000000 0.567880 0.000000 0.823111 0.646657 0.646657 0.646657
8890.101199 0.000000 229.448078 0.000000 0.486296 0.000000 0.873794 0.808962 0.808962 0.808962
8892.027647 0.000000 226.766493 0.000000 0.121113 0.000000 0.992639 0.695045 0.695045 0.695045
9116.360554 0.000000 224.682554 0.000000 -0.991179 0.000000 0.132527 0.864836 0.864836 0.864836
6472.637621 0.000000 223.625670 0.000000 -0.894666 0.000000 0.446736 0.822910 0.822910 0.822910
6561.208316 0.000000 222.547524 0.000000 -0.753542 0.000000 0.657400 0.807328 0.807328 0.807328
7114.409978 0.000000 222.812646 0.000000 0.957317 0.000000 0.289039 0.885098 0.885098 0.885098
6541.557552 0.000000 218.980385 0.000000 0.577683 0.000000 0.816261 0.712971 0.712971 0.712971
6460.885840 0.000000 216.893234 0.000000 0.268470 0.000000 0.963288 0.756415 0.756415 0.756415
8412.278169 0.000000 216.566138 0.000000 -0.448609 0.000000 0.893728 0.783136 0.783136 0.783136
6466.660650 0.000000 211.567346 0.000000 0.340517 0.000000 0.940238 0.873588 0.873588 0.873588
6547.205278 0.000000 211.058319 0.000000 0.371592 0.000000 0.928396 0.857024 0.857024 0.857024
6557.815348 0.000000 211.504075 0.000000 -0.303380 0.000000 0.952870 0.798900 0.798900 0.798900
6741.506095 0.000000 211.479225 0.000000 0.975962 0.000000 0.217941 0.680400 0.680400 0.680400
7114.357431 0.000000 211.182738 0.000000 0.639483 0.000000 0.768805 0.765207 0.765207 0.765207
8406.784157 0.000000 211.094370 0.000000 -0.336347 0.000000 0.941738 0.792768 0.792768 0.792768
8393.872018 0.000000 210.680322 0.000000 0.397122 0.000000 0.917766 0.846086 0.846086 0.846086
9107.342692 0.000000 210.895220 0.000000 -0.077939 0.000000 0.996958 0.884158 0.884158 0.884158
6320.433653 0.000000 207.931604 0.000000 0.301103 0.000000 0.953591 0.736686 0.736686 0.736686
8946.006431 0.000000 205.490356 0.000000 0.328564 0.000000 0.944482 0.664571 0.664571 0.664571
8969.527444 0.000000 203.787874 0.000000 0.511933 0.000000 0.859025 0.797326 0.797326 0.797326
9089.506833 0.000000 202.250796 0.000000 -0.846948 0.000000 0.531676 0.841802 0.841802 0.841802
7391.286869 0.000000 200.182035 0.000000 0.723198 0.000000 0.690641 0.641580 0.641580 0.641580
7411.732140 0.000000 200.460141 0.000000 -0.785139 0.000000 0.619319 0.879045 0.879045 0.879045
8318.721459 0.000000 195.320822 0.000000 0.972877 0.000000 0.231323 0.791600 0.791600 0.791600
8348.459676 0.000000 195.054819 0.000000 -0.554199 0.000000 0.832384 0.815141 0.815141 0.815141
7391.543415 0.000000 193.693608 0.000000 0.651859 0.000000 0.758340 0.661571 0.661571 0.661571
7409.326782 0.000000 193.845240 0.000000 -0.363341 0.000000 0.931656 0.871930 0.871930 0.871930
8316.832400 0.000000 193.725357 0.000000 0.963024 0.000000 0.269416 0.652673 0.652673 0.652673
8346.476248 0.000000 193.670419 0.000000 -0.347337 0.000000 0.937741 0.773516 0.773516 0.773516
8315.128619 0.000000 192.840261 0.000000 0.900266 0.000000 0.435341 0.641627 0.641627 0.641627
9005.068228 0.000000 191.605552 0.000000 0.436439 0.000000 0.899734 0.781476 0.781476 0.781476
6379.377988 0.000000 190.757997 0.000000 0.500442 0.000000 0.865770 0.680693 0.680693 0.680693
6781.481600 0.000000 189.043516 0.000000 -0.949549 0.000000 0.313620 0.803614 0.803614 0.803614
9020.178393 0.000000 189.016140 0.000000 0.483362 0.000000 0.875421 0.854415 0.854415 0.854415
6425.591419 0.000000 188.017165 0.000000 -0.913059 0.000000 0.407828 0.813770 0.813770 0.813770
6426.269533 0.000000 187.675135 0.000000 -0.943788 0.000000 0.330551 0.717404 0.717404 0.717404
6786.169632 0.000000 185.729753 0.000000 -0.819017 0.000000 0.573769 0.695785 0.695785 0.695785
8144.884659 0.000000 178.777936 0.000000 0.949621 0.000000 0.313402 0.645829 0.645829 0.645829
6408.496492 0.000000 175.849550 0.000000 0.399333 0.000000 0.916806 0.724684 0.724684 0.724684
8142.666913 0.000000 175.578229 0.000000 0.866680 0.000000 0.498864 0.637579 0.637579 0.637579
6427.001641 0.000000 173.486868 0.000000 -0.183528 0.000000 0.983014 0.844173 0.844173 0.844173
8567.236051 0.000000 167.567717 0.000000 0.886039 0.000000 0.463611 0.777874 0.777874 0.777874
8683.009481 0.000000 159.013199 0.000000 0.988679 0.000000 0.150046 0.840168 0.840168 0.840168
8680.845204 0.000000 157.966063 0.000000 0.932875 0.000000 0.360200 0.646013 0.646013 0.646013
8694.871823 0.000000 157.350823 0.000000 -0.962227 0.000000 0.272250 0.768312 0.768312 0.768312
6786.804877 0.000000 153.941074 0.000000 -0.570548 0.000000 0.821264 0.792976 0.792976 0.792976
6785.476592 0.000000 151.837723 0.000000 -0.527539 0.000000 0.849531 0.734081 0.734081 0.734081
8520.530083 0.000000 149.806093 0.000000 0.949413 0.000000 0.314032 0.728083 0.728083 0.728083
8675.540399 0.000000 149.054134 0.000000 0.805437 0.000000 0.592681 0.872137 0.872137 0.872137
6698.359748 0.000000 139.854522 0.000000 -0.909539 0.000000 0.415619 0.819300 0.819300 0.819300
8509.685662 0.000000 130.194795 0.000000 0.865141 0.000000 0.501529 0.778715 0.778715 0.778715
6578.886624 0.000000 121.850615 0.000000 0.944059 0.000000 0.329777 0.717619 0.717619 0.717619
6594.188600 0.000000 121.321985 0.000000 -0.852376 0.000000 0.522930 0.879503 0.879503 0.879503
7046.665096 0.000000 121.437962 0.000000 0.462632 0.000000 0.886550 0.880862 0.880862 0.880862
8509.909385 0.000000 121.611814 0.000000 0.467591 0.000000 0.883945 0.699815 0.699815 0.699815
7261.701834 0.000000 110.574058 0.000000 -0.882823 0.000000 0.469706 0.762635 0.762635 0.762635
7262.235936 0.000000 103.124475 0.000000 -0.534955 0.000000 0.844880 0.657973 0.657973 0.657973
8701.090719 0.000000 82.787076 0.000000 0.954984 0.000000 0.296658 0.825157 0.825157 0.825157
8173.178489 0.000000 80.124927 0.000000 0.876211 0.000000 0.481929 0.807337 0.807337 0.807337
8171.696463 0.000000 78.334218 0.000000 0.848360 0.000000 0.529420 0.770919 0.770919 0.770919
6650.000582 0.000000 74.866956 0.000000 0.999108 0.000000 -0.042227 0.806989 0.806989 0.806989
8712.882527 0.000000 74.268894 0.000000 -0.915812 0.000000 0.401607 0.678557 0.678557 0.678557
6656.941713 0.000000 67.151633 0.000000 -0.911851 0.000000 0.410521 0.777174 0.777174 0.777174
8178.455641 0.000000 67.908222 0.000000 0.269360 0.000000 0.963040 0.871061 0.871061 0.871061
8190.555193 0.000000 67.513958 0.000000 -0.180854 0.000000 0.983510 0.752279 0.752279 0.752279
8806.292066 0.000000 67.914813 0.000000 0.903154 0.000000 0.429318 0.825006 0.825006 0.825006
8820.468457 0.000000 65.935361 0.000000 -0.996405 0.000000 0.084719 0.809372 0.809372 0.809372
8712.100528 0.000000 63.199009 0.000000 0.276186 0.000000 0.961104 0.782551 0.782551 0.782551
8745.034873 0.000000 61.949739 0.000000 -0.363426 0.000000 0.931623 0.867616 0.867616 0.867616
8839.587456 0.000000 55.634130 0.000000 -0.896399 0.000000 0.443248 0.833669 0.833669 0.833669
6585.692161 0.000000 38.941570 0.000000 0.434472 0.000000 0.900685 0.882724 0.882724 0.882724
6588.471509 0.000000 35.341461 0.000000 0.267974 0.000000 0.963426 0.864011 0.864011 0.864011
6642.428543 0.000000 33.567143 0.000000 -0.606125 0.000000 0.795370 0.734035 0.734035 0.734035
6641.269348 0.000000 32.959909 0.000000 -0.585606 0.000000 0.810596 0.691071 0.691071 0.691071
6785.275070 0.000000 32.199140 0.000000 -0.832148 0.000000 0.554554 0.700698 0.700698 0.700698
6631.263333 0.000000 31.241218 0.000000 0.452329 0.000000 0.891851 0.732364 0.732364 0.732364
6785.771666 0.000000 31.990012 0.000000 -0.819392 0.000000 0.573233 0.878677 0.878677 0.878677
8814.468718 0.000000 30.103408 0.000000 0.529042 0.000000 0.848595 0.820250 0.820250 0.820250
8834.605692 0.000000 30.921631 0.000000 -0.374705 0.000000 0.927144 0.643230 0.643230 0.643230
5224.654409 0.000000 17.742646 0.000000 0.473035 0.000000 0.881043 0.811125 0.811125 0.811125
5227.305518 0.000000 13.583796 0.000000 0.278679 0.000000 0.960384 0.875997 0.875997 0.875997
"}
object={
	name="env_coast_foam_m"
	render_pass=MapUnderWater
	clamp_to_water_level=yes
	generated_content=no
	layer="coast_foam_layer"
	entity="env_coast_foam_m"
	count=1017
	transform="6498.577378 0.000000 6633.076471 0.000000 -0.984035 0.000000 0.177975 0.989006 0.989006 0.989006
6544.805782 0.000000 6599.857256 0.000000 0.972293 0.000000 0.233766 1.001564 1.001564 1.001564
6552.899258 0.000000 6595.391420 0.000000 -0.962022 0.000000 0.272971 0.979887 0.979887 0.979887
6546.140492 0.000000 6583.836280 0.000000 0.628779 0.000000 0.777584 0.741283 0.741283 0.741283
6564.675946 0.000000 6583.860886 0.000000 -0.716953 0.000000 0.697122 0.873786 0.873786 0.873786
6554.106660 0.000000 6554.950540 0.000000 0.991900 0.000000 0.127018 0.958747 0.958747 0.958747
6551.445219 0.000000 6551.789581 0.000000 0.907173 0.000000 0.420758 0.731418 0.731418 0.731418
6548.334398 0.000000 6547.849858 0.000000 0.863279 0.000000 0.504728 0.925602 0.925602 0.925602
6559.119604 0.000000 6547.116250 0.000000 -0.525300 0.000000 0.850917 0.791197 0.791197 0.791197
6438.620393 0.000000 6542.798549 0.000000 0.968572 0.000000 0.248735 0.726940 0.726940 0.726940
6444.935678 0.000000 6541.185599 0.000000 -0.961141 0.000000 0.276057 0.991941 0.991941 0.991941
6442.132730 0.000000 6529.056361 0.000000 0.427868 0.000000 0.903841 0.720247 0.720247 0.720247
6457.970273 0.000000 6529.857739 0.000000 -0.955074 0.000000 0.296366 0.815308 0.815308 0.815308
810.159683 0.000000 6365.236630 0.000000 -0.999266 0.000000 0.038318 0.862760 0.862760 0.862760
777.803511 0.000000 6359.080771 0.000000 0.947623 0.000000 0.319391 0.978133 0.978133 0.978133
773.215816 0.000000 6354.774794 0.000000 0.916199 0.000000 0.400723 0.869224 0.869224 0.869224
769.555777 0.000000 6349.517730 0.000000 0.838220 0.000000 0.545332 0.919686 0.919686 0.919686
779.810279 0.000000 6345.255844 0.000000 0.000583 0.000000 1.000000 0.905080 0.905080 0.905080
818.663140 0.000000 6295.120454 0.000000 0.255673 0.000000 0.966763 0.959163 0.959163 0.959163
832.553112 0.000000 6295.355400 0.000000 -0.460591 0.000000 0.887612 0.788570 0.788570 0.788570
5112.341078 0.000000 6151.085527 0.000000 0.750323 0.000000 0.661072 0.922904 0.922904 0.922904
11799.350454 0.000000 6145.169471 0.000000 0.998726 0.000000 0.050453 0.746329 0.746329 0.746329
5035.464606 0.000000 6079.009267 0.000000 0.889029 0.000000 0.457852 0.849625 0.849625 0.849625
883.583918 0.000000 6061.413861 0.000000 -0.705025 0.000000 0.709183 0.715961 0.715961 0.715961
5038.636375 0.000000 6061.430131 0.000000 0.207653 0.000000 0.978202 0.899175 0.899175 0.899175
5041.060690 0.000000 6061.498879 0.000000 0.176759 0.000000 0.984254 0.794216 0.794216 0.794216
5097.260831 0.000000 6043.254317 0.000000 0.544994 0.000000 0.838440 0.987195 0.987195 0.987195
875.518413 0.000000 6016.774029 0.000000 0.969861 0.000000 0.243659 0.761866 0.761866 0.761866
774.214249 0.000000 6008.882166 0.000000 -0.970680 0.000000 0.240377 0.816924 0.816924 0.816924
775.090799 0.000000 6007.566467 0.000000 -0.935753 0.000000 0.352655 0.929511 0.929511 0.929511
880.674825 0.000000 5967.261544 0.000000 0.907597 0.000000 0.419843 0.816903 0.816903 0.816903
888.603640 0.000000 5953.369189 0.000000 -0.088618 0.000000 0.996066 0.759462 0.759462 0.759462
5195.036946 0.000000 5953.401110 0.000000 0.090382 0.000000 0.995907 0.793861 0.793861 0.793861
2165.151618 0.000000 5550.289397 0.000000 0.998022 0.000000 0.062858 0.715399 0.715399 0.715399
2342.052176 0.000000 5521.535008 0.000000 0.998913 0.000000 -0.046612 0.839586 0.839586 0.839586
4243.899653 0.000000 5503.925149 0.000000 0.739099 0.000000 0.673597 0.894193 0.894193 0.894193
4266.964436 0.000000 5503.338070 0.000000 -0.300999 0.000000 0.953625 1.007022 1.007022 1.007022
6305.683081 0.000000 5503.463413 0.000000 0.938858 0.000000 0.344306 0.997708 0.997708 0.997708
4265.100103 0.000000 5502.645107 0.000000 -0.287221 0.000000 0.957864 0.952393 0.952393 0.952393
6512.469652 0.000000 5497.799681 0.000000 0.993675 0.000000 -0.112295 0.939983 0.939983 0.939983
4186.445408 0.000000 5495.158805 0.000000 0.762916 0.000000 0.646498 0.892492 0.892492 0.892492
4405.236176 0.000000 5495.975637 0.000000 0.998325 0.000000 -0.057863 0.911327 0.911327 0.911327
4170.045672 0.000000 5490.179039 0.000000 0.627230 0.000000 0.778834 0.904721 0.904721 0.904721
6277.985902 0.000000 5481.635288 0.000000 -0.959179 0.000000 0.282800 0.910225 0.910225 0.910225
6282.035033 0.000000 5481.144680 0.000000 -0.747679 0.000000 0.664060 0.879117 0.879117 0.879117
6261.680990 0.000000 5478.798484 0.000000 0.997609 0.000000 0.069111 0.883989 0.883989 0.883989
3763.127460 0.000000 5472.701123 0.000000 0.971639 0.000000 0.236469 0.959737 0.959737 0.959737
3760.246466 0.000000 5470.583977 0.000000 0.972195 0.000000 0.234173 0.788737 0.788737 0.788737
4433.991564 0.000000 5468.690182 0.000000 0.987131 0.000000 0.159916 1.000313 1.000313 1.000313
3756.031363 0.000000 5467.797393 0.000000 0.988938 0.000000 0.148327 0.833746 0.833746 0.833746
3774.401491 0.000000 5467.519298 0.000000 -0.590369 0.000000 0.807133 0.750524 0.750524 0.750524
4433.319644 0.000000 5467.925205 0.000000 0.962719 0.000000 0.270502 0.973262 0.973262 0.973262
3736.684616 0.000000 5465.463895 0.000000 0.999167 0.000000 0.040802 0.762390 0.762390 0.762390
3725.348668 0.000000 5460.739236 0.000000 0.899498 0.000000 0.436926 0.823381 0.823381 0.823381
3715.069690 0.000000 5449.421616 0.000000 0.731930 0.000000 0.681380 0.987489 0.987489 0.987489
3731.258423 0.000000 5449.368374 0.000000 -0.102506 0.000000 0.994732 0.881165 0.881165 0.881165
6523.974779 0.000000 5449.820702 0.000000 0.507406 0.000000 0.861707 0.832290 0.832290 0.832290
6156.683068 0.000000 5445.699473 0.000000 -0.998371 0.000000 0.057056 0.882293 0.882293 0.882293
6154.539143 0.000000 5444.567455 0.000000 0.999995 0.000000 -0.003122 0.965547 0.965547 0.965547
2098.940693 0.000000 5431.986848 0.000000 0.793554 0.000000 0.608499 0.742692 0.742692 0.742692
2106.448483 0.000000 5431.938447 0.000000 -0.563879 0.000000 0.825858 0.726264 0.726264 0.726264
4455.718680 0.000000 5414.420837 0.000000 0.987388 0.000000 0.158317 0.758085 0.758085 0.758085
4464.416476 0.000000 5414.906323 0.000000 -0.994467 0.000000 0.105046 0.768449 0.768449 0.768449
4465.023280 0.000000 5413.503944 0.000000 -0.999998 0.000000 -0.001793 0.757022 0.757022 0.757022
6136.826922 0.000000 5408.248979 0.000000 0.955583 0.000000 0.294722 0.987952 0.987952 0.987952
2448.604230 0.000000 5405.653707 0.000000 -0.999423 0.000000 0.033972 0.868730 0.868730 0.868730
2483.791141 0.000000 5401.228686 0.000000 0.680138 0.000000 0.733084 0.955487 0.955487 0.955487
5016.997821 0.000000 5395.026930 0.000000 0.999733 0.000000 0.023112 0.977787 0.977787 0.977787
6132.167510 0.000000 5395.827707 0.000000 0.433022 0.000000 0.901383 0.804522 0.804522 0.804522
3545.947440 0.000000 5381.987653 0.000000 0.998986 0.000000 -0.045024 0.749655 0.749655 0.749655
3541.360369 0.000000 5377.705391 0.000000 0.982097 0.000000 0.188377 0.992274 0.992274 0.992274
3547.519237 0.000000 5377.985835 0.000000 -0.834424 0.000000 0.551123 0.785681 0.785681 0.785681
1985.151741 0.000000 5375.801306 0.000000 0.999948 0.000000 -0.010227 0.915372 0.915372 0.915372
6127.005694 0.000000 5359.770255 0.000000 -0.538299 0.000000 0.842754 0.843324 0.843324 0.843324
2843.474803 0.000000 5350.107278 0.000000 0.924922 0.000000 0.380158 0.787525 0.787525 0.787525
6596.006954 0.000000 5350.856274 0.000000 0.919535 0.000000 0.393008 0.898375 0.898375 0.898375
3347.903114 0.000000 5349.853874 0.000000 0.963769 0.000000 0.266739 0.850860 0.850860 0.850860
2682.235018 0.000000 5345.799902 0.000000 -0.967269 0.000000 0.253754 0.757411 0.757411 0.757411
6606.068749 0.000000 5344.009405 0.000000 -0.683539 0.000000 0.729914 0.931198 0.931198 0.931198
2685.906974 0.000000 5341.176804 0.000000 -0.699917 0.000000 0.714224 0.874044 0.874044 0.874044
3340.516952 0.000000 5341.032758 0.000000 0.580744 0.000000 0.814086 1.002628 1.002628 1.002628
3350.274974 0.000000 5341.721335 0.000000 -0.315565 0.000000 0.948904 0.722178 0.722178 0.722178
6093.482531 0.000000 5341.477756 0.000000 0.928870 0.000000 0.370406 0.964794 0.964794 0.964794
6112.995986 0.000000 5341.336908 0.000000 -0.306868 0.000000 0.951752 0.857976 0.857976 0.857976
6607.818932 0.000000 5341.001972 0.000000 -0.628308 0.000000 0.777965 0.747122 0.747122 0.747122
6054.630061 0.000000 5323.268262 0.000000 -0.165592 0.000000 0.986194 0.970478 0.970478 0.970478
13941.475824 0.000000 5323.544998 0.000000 -0.413642 0.000000 0.910440 0.721762 0.721762 0.721762
4715.174745 0.000000 5318.682491 0.000000 0.999314 0.000000 0.037022 0.911198 0.911198 0.911198
2789.233056 0.000000 5313.844386 0.000000 0.995284 0.000000 0.097001 0.980570 0.980570 0.980570
5996.852987 0.000000 5313.952481 0.000000 0.990052 0.000000 0.140702 0.985086 0.985086 0.985086
6022.349169 0.000000 5313.274556 0.000000 -0.693627 0.000000 0.720334 0.778847 0.778847 0.778847
2970.879849 0.000000 5312.649638 0.000000 -0.995245 0.000000 0.097402 0.825916 0.825916 0.825916
5993.032076 0.000000 5311.157507 0.000000 0.906938 0.000000 0.421265 0.928304 0.928304 0.928304
3108.586235 0.000000 5309.218326 0.000000 0.999601 0.000000 0.028258 0.821997 0.821997 0.821997
2770.254510 0.000000 5307.194612 0.000000 0.993562 0.000000 0.113287 0.999522 0.999522 0.999522
2789.648274 0.000000 5305.768686 0.000000 -0.336086 0.000000 0.941831 0.794818 0.794818 0.794818
2790.811647 0.000000 5305.209467 0.000000 -0.497927 0.000000 0.867219 0.805552 0.805552 0.805552
2969.974351 0.000000 5305.643497 0.000000 0.289376 0.000000 0.957215 0.897435 0.897435 0.897435
2970.508885 0.000000 5305.241468 0.000000 0.387869 0.000000 0.921715 0.981188 0.981188 0.981188
5989.781086 0.000000 5305.826424 0.000000 0.726185 0.000000 0.687500 0.828183 0.828183 0.828183
3114.157924 0.000000 5302.208402 0.000000 -0.061058 0.000000 0.998134 0.796628 0.796628 0.796628
3060.595518 0.000000 5290.969513 0.000000 -0.995926 0.000000 0.090170 0.897113 0.897113 0.897113
5922.692287 0.000000 5288.358545 0.000000 -0.092485 0.000000 0.995714 0.761568 0.761568 0.761568
5924.521939 0.000000 5287.794949 0.000000 0.708736 0.000000 0.705474 0.987002 0.987002 0.987002
5901.277509 0.000000 5282.810705 0.000000 -0.718536 0.000000 0.695490 0.814015 0.814015 0.814015
3059.720585 0.000000 5281.560222 0.000000 -0.315341 0.000000 0.948979 0.729370 0.729370 0.729370
3856.026843 0.000000 5275.166660 0.000000 0.986797 0.000000 0.161959 0.781009 0.781009 0.781009
3848.284116 0.000000 5271.270504 0.000000 0.997346 0.000000 0.072812 0.877169 0.877169 0.877169
5885.098731 0.000000 5270.898273 0.000000 0.925806 0.000000 0.377999 0.719090 0.719090 0.719090
1962.571703 0.000000 5269.406892 0.000000 0.948183 0.000000 0.317725 0.830353 0.830353 0.830353
3839.964779 0.000000 5269.782298 0.000000 0.993095 0.000000 0.117313 0.799674 0.799674 0.799674
3860.080297 0.000000 5269.652927 0.000000 -0.402810 0.000000 0.915284 0.976536 0.976536 0.976536
5884.734979 0.000000 5269.654008 0.000000 0.886637 0.000000 0.462466 0.731275 0.731275 0.731275
5891.769549 0.000000 5269.794705 0.000000 -0.619712 0.000000 0.784829 0.893079 0.893079 0.893079
1960.221255 0.000000 5268.059268 0.000000 0.957178 0.000000 0.289499 0.981357 0.981357 0.981357
1953.360185 0.000000 5251.615788 0.000000 0.828716 0.000000 0.559669 0.977107 0.977107 0.977107
1964.225098 0.000000 5251.043908 0.000000 -0.525128 0.000000 0.851023 0.907027 0.907027 0.907027
5878.757121 0.000000 5251.604946 0.000000 -0.331303 0.000000 0.943524 0.925955 0.925955 0.925955
6632.999429 0.000000 5251.698433 0.000000 0.212881 0.000000 0.977078 0.854845 0.854845 0.854845
6663.971308 0.000000 5251.008331 0.000000 0.266116 0.000000 0.963941 0.894622 0.894622 0.894622
10596.940806 0.000000 5236.925920 0.000000 0.994945 0.000000 -0.100420 0.767575 0.767575 0.767575
1900.813466 0.000000 5233.345724 0.000000 -0.556588 0.000000 0.830789 0.957096 0.957096 0.957096
1950.457591 0.000000 5233.053606 0.000000 0.720398 0.000000 0.693560 0.866367 0.866367 0.866367
6686.232887 0.000000 5231.084175 0.000000 0.611353 0.000000 0.791358 0.897885 0.897885 0.897885
5812.213830 0.000000 5230.904760 0.000000 -0.192896 0.000000 0.981219 0.890733 0.890733 0.890733
5364.254875 0.000000 5224.121064 0.000000 -0.998939 0.000000 -0.046057 0.983338 0.983338 0.983338
4661.422780 0.000000 5221.195631 0.000000 0.988282 0.000000 0.152637 0.757828 0.757828 0.757828
4662.272859 0.000000 5221.689594 0.000000 0.995871 0.000000 0.090782 0.893629 0.893629 0.893629
3707.481049 0.000000 5217.142304 0.000000 0.823871 0.000000 0.566777 0.847972 0.847972 0.847972
1948.845788 0.000000 5215.899414 0.000000 -0.534644 0.000000 0.845078 0.974569 0.974569 0.974569
3728.502686 0.000000 5215.691010 0.000000 -0.228257 0.000000 0.973601 0.833070 0.833070 0.833070
4657.898670 0.000000 5215.968935 0.000000 0.891265 0.000000 0.453482 0.743005 0.743005 0.743005
4668.959315 0.000000 5215.369852 0.000000 -0.899704 0.000000 0.436501 0.771580 0.771580 0.771580
4864.257044 0.000000 5215.397999 0.000000 -0.674985 0.000000 0.737831 0.847311 0.847311 0.847311
5361.453866 0.000000 5215.885683 0.000000 -0.196383 0.000000 0.980527 0.782323 0.782323 0.782323
6685.296888 0.000000 5215.572488 0.000000 0.573626 0.000000 0.819117 0.889055 0.889055 0.889055
5508.239035 0.000000 5206.983083 0.000000 0.996126 0.000000 -0.087933 0.778266 0.778266 0.778266
4680.105834 0.000000 5200.106645 0.000000 -0.977790 0.000000 0.209589 0.963825 0.963825 0.963825
4661.322253 0.000000 5197.367301 0.000000 0.008707 0.000000 0.999962 0.844869 0.844869 0.844869
4662.446578 0.000000 5197.255258 0.000000 0.018312 0.000000 0.999832 0.728988 0.728988 0.728988
4684.566636 0.000000 5197.838956 0.000000 -0.940203 0.000000 0.340614 0.874610 0.874610 0.874610
5511.426365 0.000000 5197.999209 0.000000 -0.709762 0.000000 0.704442 0.749317 0.749317 0.749317
3392.138261 0.000000 5196.710858 0.000000 0.980870 0.000000 0.194665 0.840541 0.840541 0.840541
3402.293558 0.000000 5194.844140 0.000000 -0.995444 0.000000 0.095347 0.785873 0.785873 0.785873
5435.137086 0.000000 5194.514781 0.000000 0.875871 0.000000 0.482545 0.812322 0.812322 0.812322
5436.874642 0.000000 5194.201729 0.000000 0.864900 0.000000 0.501944 0.740842 0.740842 0.740842
3638.797713 0.000000 5188.535722 0.000000 0.999762 0.000000 -0.021834 0.737219 0.737219 0.737219
3634.607656 0.000000 5186.848364 0.000000 0.759263 0.000000 0.650784 0.750143 0.750143 0.750143
6691.016658 0.000000 5179.384358 0.000000 0.444094 0.000000 0.895980 0.929035 0.929035 0.929035
6697.188215 0.000000 5179.176017 0.000000 -0.845446 0.000000 0.534060 0.770885 0.770885 0.770885
5205.155659 0.000000 5175.396066 0.000000 0.749983 0.000000 0.661457 0.851843 0.851843 0.851843
3338.411404 0.000000 5170.758340 0.000000 0.997162 0.000000 -0.075292 1.004520 1.004520 1.004520
1875.083437 0.000000 5161.126158 0.000000 0.934556 0.000000 0.355816 0.952278 0.952278 0.952278
5456.283787 0.000000 5161.587414 0.000000 0.338203 0.000000 0.941073 0.751406 0.751406 0.751406
6706.380779 0.000000 5161.233789 0.000000 0.089742 0.000000 0.995965 0.781222 0.781222 0.781222
1854.394009 0.000000 5154.281539 0.000000 0.977489 0.000000 0.210986 0.829385 0.829385 0.829385
5533.607449 0.000000 5147.801823 0.000000 0.988197 0.000000 0.153189 0.941909 0.941909 0.941909
3324.349241 0.000000 5143.692162 0.000000 0.897499 0.000000 0.441017 0.846856 0.846856 0.846856
5531.693795 0.000000 5143.172060 0.000000 0.953349 0.000000 0.301871 0.920247 0.920247 0.920247
5245.633063 0.000000 5132.552736 0.000000 -0.987203 0.000000 0.159469 0.730569 0.730569 0.730569
5236.676579 0.000000 5130.877142 0.000000 0.997947 0.000000 0.064051 0.951124 0.951124 0.951124
5203.287754 0.000000 5125.250147 0.000000 0.984770 0.000000 0.173861 0.833481 0.833481 0.833481
5223.288237 0.000000 5125.682113 0.000000 0.976696 0.000000 0.214629 0.743808 0.743808 0.743808
5243.769385 0.000000 5125.087038 0.000000 -0.328497 0.000000 0.944505 0.826625 0.826625 0.826625
6812.552066 0.000000 5125.948013 0.000000 0.763419 0.000000 0.645904 0.806299 0.806299 0.806299
3321.960183 0.000000 5123.084306 0.000000 0.954958 0.000000 0.296741 0.974614 0.974614 0.974614
4766.833239 0.000000 5117.842498 0.000000 0.941113 0.000000 0.338092 0.992064 0.992064 0.992064
4770.234907 0.000000 5117.056465 0.000000 0.999189 0.000000 0.040266 0.860454 0.860454 0.860454
5508.681509 0.000000 5108.639726 0.000000 -0.990354 0.000000 0.138560 0.885600 0.885600 0.885600
1725.068460 0.000000 5107.313533 0.000000 -0.970330 0.000000 0.241784 0.901647 0.901647 0.901647
3324.537705 0.000000 5107.394353 0.000000 0.436758 0.000000 0.899579 0.934082 0.934082 0.934082
5509.121380 0.000000 5107.265445 0.000000 -0.974574 0.000000 0.224067 0.758091 0.758091 0.758091
1728.800258 0.000000 5106.451829 0.000000 -0.999383 0.000000 0.035125 0.797247 0.797247 0.797247
6346.332339 0.000000 5104.084123 0.000000 0.996736 0.000000 0.080735 0.839291 0.839291 0.839291
5526.213020 0.000000 5100.073911 0.000000 -0.911593 0.000000 0.411094 0.761868 0.761868 0.761868
4842.736191 0.000000 5095.344663 0.000000 -0.927106 0.000000 0.374799 0.733407 0.733407 0.733407
4829.428192 0.000000 5089.085067 0.000000 0.409817 0.000000 0.912168 0.776994 0.776994 0.776994
4844.677130 0.000000 5089.915828 0.000000 -0.543665 0.000000 0.839302 0.796278 0.796278 0.796278
5523.473757 0.000000 5089.537109 0.000000 0.239312 0.000000 0.970943 0.895303 0.895303 0.895303
5539.065129 0.000000 5089.277232 0.000000 -0.929431 0.000000 0.368995 0.838205 0.838205 0.838205
5676.657275 0.000000 5089.100554 0.000000 0.714628 0.000000 0.699505 0.864327 0.864327 0.864327
5544.486629 0.000000 5086.546530 0.000000 -0.974102 0.000000 0.226109 0.918344 0.918344 0.918344
5562.805845 0.000000 5075.475741 0.000000 -0.942315 0.000000 0.334728 0.750398 0.750398 0.750398
4810.164757 0.000000 5071.793381 0.000000 0.598458 0.000000 0.801154 0.821884 0.821884 0.821884
5550.866333 0.000000 5071.730907 0.000000 0.285379 0.000000 0.958415 0.782887 0.782887 0.782887
5565.578193 0.000000 5071.644800 0.000000 -0.932041 0.000000 0.362352 0.774485 0.774485 0.774485
5598.999473 0.000000 5053.467693 0.000000 0.611757 0.000000 0.791046 0.795558 0.795558 0.795558
5669.489488 0.000000 5048.409944 0.000000 0.990526 0.000000 0.137324 0.971760 0.971760 0.971760
3366.168228 0.000000 4999.418488 0.000000 0.557454 0.000000 0.830208 0.851672 0.851672 0.851672
1311.629947 0.000000 4971.954318 0.000000 -0.996334 0.000000 0.085545 0.724476 0.724476 0.724476
5063.636462 0.000000 4943.527749 0.000000 0.946175 0.000000 0.323657 0.847479 0.847479 0.847479
3723.149411 0.000000 4911.112113 0.000000 0.859809 0.000000 0.510615 0.801160 0.801160 0.801160
3722.199673 0.000000 4909.899086 0.000000 0.697383 0.000000 0.716699 0.785418 0.785418 0.785418
2017.047011 0.000000 4894.332213 0.000000 0.998869 0.000000 0.047537 0.785273 0.785273 0.785273
2016.329019 0.000000 4891.763560 0.000000 0.945648 0.000000 0.325191 0.888643 0.888643 0.888643
3511.961883 0.000000 4882.302829 0.000000 -0.998405 0.000000 0.056453 0.955944 0.955944 0.955944
3493.765523 0.000000 4873.265021 0.000000 0.903048 0.000000 0.429539 1.005903 1.005903 1.005903
3476.406142 0.000000 4871.167280 0.000000 -0.975906 0.000000 0.218193 0.994438 0.994438 0.994438
6029.247328 0.000000 4871.700547 0.000000 0.979051 0.000000 0.203614 0.850431 0.850431 0.850431
6030.988899 0.000000 4871.881410 0.000000 0.988009 0.000000 0.154395 0.802057 0.802057 0.802057
6029.466976 0.000000 4855.159893 0.000000 0.420857 0.000000 0.907127 0.818471 0.818471 0.818471
6030.606600 0.000000 4855.241594 0.000000 0.387556 0.000000 0.921846 0.896637 0.896637 0.896637
5667.347785 0.000000 4830.964771 0.000000 -0.996867 0.000000 0.079097 0.791168 0.791168 0.791168
5670.332156 0.000000 4830.125201 0.000000 -0.995077 0.000000 0.099101 0.792128 0.792128 0.792128
2052.355637 0.000000 4827.519970 0.000000 0.930914 0.000000 0.365239 0.795613 0.795613 0.795613
5664.756991 0.000000 4819.785457 0.000000 0.498562 0.000000 0.866854 0.846213 0.846213 0.846213
5672.458654 0.000000 4819.808965 0.000000 -0.846686 0.000000 0.532092 0.907287 0.907287 0.907287
1586.930902 0.000000 4818.853545 0.000000 0.999626 0.000000 -0.027350 0.854330 0.854330 0.854330
5706.471966 0.000000 4811.456875 0.000000 -0.924728 0.000000 0.380629 0.979211 0.979211 0.979211
3472.376884 0.000000 4806.845177 0.000000 0.961402 0.000000 0.275148 0.827284 0.827284 0.827284
3474.891565 0.000000 4806.741865 0.000000 0.988315 0.000000 0.152428 0.866333 0.866333 0.866333
3470.925703 0.000000 4801.698018 0.000000 0.842920 0.000000 0.538039 1.004932 1.004932 1.004932
3481.227272 0.000000 4801.904163 0.000000 -0.895354 0.000000 0.445356 0.960391 0.960391 0.960391
5144.917547 0.000000 4801.876163 0.000000 -0.970658 0.000000 0.240465 0.978060 0.978060 0.978060
6124.922260 0.000000 4801.297801 0.000000 -0.068784 0.000000 0.997632 0.729334 0.729334 0.729334
5148.307150 0.000000 4800.696206 0.000000 -0.804247 0.000000 0.594295 0.726632 0.726632 0.726632
3440.369289 0.000000 4799.736124 0.000000 0.977321 0.000000 0.211763 0.929056 0.929056 0.929056
3437.626798 0.000000 4797.513419 0.000000 0.916882 0.000000 0.399159 0.819469 0.819469 0.819469
10423.975546 0.000000 4794.268800 0.000000 0.999614 0.000000 -0.027790 0.943629 0.943629 0.943629
3492.951147 0.000000 4790.425322 0.000000 -0.930215 0.000000 0.367016 0.961068 0.961068 0.961068
7092.728730 0.000000 4784.259766 0.000000 -0.889582 0.000000 0.456776 0.966934 0.966934 0.966934
3441.247982 0.000000 4783.568013 0.000000 0.179719 0.000000 0.983718 0.734877 0.734877 0.734877
3487.751334 0.000000 4783.081337 0.000000 0.262933 0.000000 0.964814 0.942063 0.942063 0.942063
7086.146546 0.000000 4783.176049 0.000000 0.639739 0.000000 0.768592 0.755670 0.755670 0.755670
7092.992276 0.000000 4783.075903 0.000000 -0.881690 0.000000 0.471829 0.886025 0.886025 0.886025
10411.607117 0.000000 4780.119702 0.000000 0.999829 0.000000 0.018501 0.815910 0.815910 0.815910
3456.195391 0.000000 4775.967220 0.000000 0.999251 0.000000 -0.038701 0.947241 0.947241 0.947241
5601.820395 0.000000 4767.276942 0.000000 -0.999585 0.000000 0.028806 0.846508 0.846508 0.846508
5600.521388 0.000000 4765.654085 0.000000 0.986922 0.000000 0.161201 0.904635 0.904635 0.904635
7095.696091 0.000000 4765.993989 0.000000 -0.449450 0.000000 0.893305 0.771658 0.771658 0.771658
5596.625730 0.000000 4764.829470 0.000000 0.873571 0.000000 0.486697 0.917563 0.917563 0.917563
5628.654634 0.000000 4763.176919 0.000000 0.997469 0.000000 0.071106 0.849142 0.849142 0.849142
5634.526220 0.000000 4753.559917 0.000000 -0.913811 0.000000 0.406139 0.939167 0.939167 0.939167
5635.224136 0.000000 4747.586752 0.000000 -0.795550 0.000000 0.605888 0.834911 0.834911 0.834911
1577.594825 0.000000 4711.908080 0.000000 0.999360 0.000000 0.035761 0.886573 0.886573 0.886573
1584.076193 0.000000 4711.002161 0.000000 -0.963834 0.000000 0.266503 0.767692 0.767692 0.767692
7173.214423 0.000000 4706.097553 0.000000 -0.999172 0.000000 0.040679 0.816290 0.816290 0.816290
7162.298954 0.000000 4703.428284 0.000000 0.767978 0.000000 0.640476 0.939584 0.939584 0.939584
7182.599373 0.000000 4702.083386 0.000000 -0.872295 0.000000 0.488979 0.883085 0.883085 0.883085
2502.581210 0.000000 4686.303779 0.000000 0.912751 0.000000 0.408517 0.967945 0.967945 0.967945
2501.770987 0.000000 4681.574518 0.000000 0.835326 0.000000 0.549755 1.007525 1.007525 1.007525
11618.329367 0.000000 4668.863513 0.000000 0.999995 0.000000 0.003168 0.795973 0.795973 0.795973
7223.034160 0.000000 4644.752892 0.000000 0.937286 0.000000 0.348561 0.955555 0.955555 0.955555
7225.974607 0.000000 4639.949821 0.000000 0.659098 0.000000 0.752057 0.867424 0.867424 0.867424
7236.524544 0.000000 4637.191986 0.000000 -0.995856 0.000000 0.090943 0.746223 0.746223 0.746223
5906.727254 0.000000 4632.374905 0.000000 0.999877 0.000000 -0.015693 0.951181 0.951181 0.951181
5898.931472 0.000000 4629.176688 0.000000 0.955372 0.000000 0.295406 0.872701 0.872701 0.872701
5923.775772 0.000000 4624.364156 0.000000 -0.978978 0.000000 0.203968 0.804982 0.804982 0.804982
7251.778437 0.000000 4621.572577 0.000000 0.200878 0.000000 0.979616 0.785779 0.785779 0.785779
7267.412815 0.000000 4621.062042 0.000000 -0.992414 0.000000 0.122943 0.976772 0.976772 0.976772
7272.031105 0.000000 4621.493105 0.000000 -0.985967 0.000000 0.166938 0.890908 0.890908 0.890908
7316.367459 0.000000 4615.170536 0.000000 0.748991 0.000000 0.662580 0.860373 0.860373 0.860373
5119.988856 0.000000 4606.484412 0.000000 0.996642 0.000000 -0.081889 0.760106 0.760106 0.760106
4152.709394 0.000000 4601.492349 0.000000 0.924594 0.000000 0.380953 0.731388 0.731388 0.731388
5934.872684 0.000000 4600.524046 0.000000 0.997187 0.000000 0.074951 0.829956 0.829956 0.829956
5157.533743 0.000000 4587.618617 0.000000 0.994498 0.000000 0.104751 0.875406 0.875406 0.875406
5156.552620 0.000000 4585.912983 0.000000 0.931250 0.000000 0.364381 0.983193 0.983193 0.983193
1242.162811 0.000000 4567.397598 0.000000 0.757243 0.000000 0.653133 0.865144 0.865144 0.865144
1401.549496 0.000000 4565.200506 0.000000 0.672522 0.000000 0.740077 0.748843 0.748843 0.748843
5958.589670 0.000000 4533.219953 0.000000 -0.909870 0.000000 0.414892 1.004272 1.004272 1.004272
5960.817946 0.000000 4531.430094 0.000000 -0.895786 0.000000 0.444485 0.898449 0.898449 0.898449
1889.757939 0.000000 4513.960357 0.000000 0.635306 0.000000 0.772260 0.777159 0.777159 0.777159
5125.598182 0.000000 4513.945741 0.000000 0.904392 0.000000 0.426703 0.791146 0.791146 0.791146
5136.938498 0.000000 4513.118818 0.000000 -0.652936 0.000000 0.757413 0.993793 0.993793 0.993793
5105.736858 0.000000 4507.203836 0.000000 0.876895 0.000000 0.480683 0.780610 0.780610 0.780610
5070.465276 0.000000 4504.356239 0.000000 -0.951362 0.000000 0.308076 0.824059 0.824059 0.824059
3616.753193 0.000000 4503.343703 0.000000 0.998137 0.000000 -0.061009 0.839704 0.839704 0.839704
3618.431884 0.000000 4503.717293 0.000000 0.999931 0.000000 0.011765 0.772242 0.772242 0.772242
5050.377782 0.000000 4503.384032 0.000000 0.995159 0.000000 0.098278 0.756857 0.756857 0.756857
5047.877259 0.000000 4495.487362 0.000000 0.694018 0.000000 0.719958 0.720238 0.720238 0.720238
10262.895402 0.000000 4484.024635 0.000000 0.979828 0.000000 0.199842 0.935516 0.935516 0.935516
1902.165442 0.000000 4479.081088 0.000000 0.863762 0.000000 0.503900 0.923511 0.923511 0.923511
1908.649992 0.000000 4478.664802 0.000000 -0.819363 0.000000 0.573274 0.878603 0.878603 0.878603
1901.970958 0.000000 4477.304086 0.000000 0.749447 0.000000 0.662064 0.809254 0.809254 0.809254
1908.050541 0.000000 4477.312887 0.000000 -0.694789 0.000000 0.719213 0.734355 0.734355 0.734355
10263.952992 0.000000 4477.957616 0.000000 0.304335 0.000000 0.952565 0.765611 0.765611 0.765611
3750.522775 0.000000 4405.264814 0.000000 0.278025 0.000000 0.960574 0.721530 0.721530 0.721530
5019.787679 0.000000 4405.696938 0.000000 0.711769 0.000000 0.702414 0.759006 0.759006 0.759006
5027.115319 0.000000 4405.477649 0.000000 -0.745049 0.000000 0.667009 0.897485 0.897485 0.897485
5963.182263 0.000000 4387.194683 0.000000 -0.742373 0.000000 0.669986 1.002440 1.002440 1.002440
7553.307444 0.000000 4387.739979 0.000000 0.513961 0.000000 0.857814 0.846446 0.846446 0.846446
4996.250235 0.000000 4378.459185 0.000000 -0.995768 0.000000 0.091900 0.813266 0.813266 0.813266
5004.485063 0.000000 4373.861698 0.000000 -0.883146 0.000000 0.469098 0.866319 0.866319 0.866319
4989.112066 0.000000 4369.371149 0.000000 0.621421 0.000000 0.783477 0.719266 0.719266 0.719266
3800.722971 0.000000 4345.998892 0.000000 -0.908815 0.000000 0.417199 0.988405 0.988405 0.988405
3795.325250 0.000000 4333.337587 0.000000 0.545830 0.000000 0.837896 0.833030 0.833030 0.833030
7505.684737 0.000000 4333.977531 0.000000 0.996555 0.000000 0.082940 0.796022 0.796022 0.796022
7506.407229 0.000000 4333.391699 0.000000 0.999211 0.000000 0.039721 0.800739 0.800739 0.800739
10352.601915 0.000000 4333.075322 0.000000 0.997236 0.000000 -0.074297 0.794494 0.794494 0.794494
7524.482910 0.000000 4330.347578 0.000000 0.999211 0.000000 0.039712 0.816207 0.816207 0.816207
4552.385554 0.000000 4329.689711 0.000000 0.654932 0.000000 0.755687 0.853164 0.853164 0.853164
1155.784661 0.000000 4328.682732 0.000000 0.978645 0.000000 0.205556 0.926924 0.926924 0.926924
1151.667828 0.000000 4325.496488 0.000000 0.801141 0.000000 0.598476 0.838728 0.838728 0.838728
3794.205859 0.000000 4315.239251 0.000000 0.468546 0.000000 0.883439 0.918074 0.918074 0.918074
7517.304244 0.000000 4315.893429 0.000000 0.493710 0.000000 0.869627 0.754637 0.754637 0.754637
7073.731777 0.000000 4310.881961 0.000000 0.722199 0.000000 0.691685 0.950285 0.950285 0.950285
7074.115101 0.000000 4310.845661 0.000000 0.853304 0.000000 0.521414 0.986104 0.986104 0.986104
3924.395794 0.000000 4300.224493 0.000000 -0.978298 0.000000 0.207203 0.984515 0.984515 0.984515
4552.057915 0.000000 4298.095382 0.000000 0.945713 0.000000 0.325002 0.737569 0.737569 0.737569
3924.067298 0.000000 4297.468100 0.000000 -0.917873 0.000000 0.396875 0.960266 0.960266 0.960266
4552.555157 0.000000 4297.799836 0.000000 0.870279 0.000000 0.492559 0.879029 0.879029 0.879029
4567.175007 0.000000 4297.078704 0.000000 -0.375804 0.000000 0.926699 0.933975 0.933975 0.933975
4497.648986 0.000000 4294.223668 0.000000 0.999731 0.000000 0.023213 0.847161 0.847161 0.847161
4500.037885 0.000000 4294.339119 0.000000 0.985000 0.000000 0.172553 0.868068 0.868068 0.868068
4481.456501 0.000000 4279.108964 0.000000 0.241803 0.000000 0.970325 0.992097 0.992097 0.992097
4482.212766 0.000000 4279.358367 0.000000 0.215566 0.000000 0.976489 0.891804 0.891804 0.891804
4515.714829 0.000000 4279.804284 0.000000 -0.184722 0.000000 0.982791 0.980153 0.980153 0.980153
7064.388569 0.000000 4266.898014 0.000000 0.999732 0.000000 0.023136 0.961607 0.961607 0.961607
4014.705818 0.000000 4265.551300 0.000000 -0.912025 0.000000 0.410134 0.844381 0.844381 0.844381
4019.255090 0.000000 4261.785745 0.000000 -0.864918 0.000000 0.501913 0.799154 0.799154 0.799154
3888.872186 0.000000 4238.979815 0.000000 -0.827567 0.000000 0.561367 0.782894 0.782894 0.782894
6421.012833 0.000000 4225.224395 0.000000 0.900360 0.000000 0.435147 0.766953 0.766953 0.766953
6306.601969 0.000000 4189.843137 0.000000 -0.683404 0.000000 0.730040 0.997627 0.997627 0.997627
7565.438394 0.000000 4189.549466 0.000000 0.486778 0.000000 0.873526 0.793607 0.793607 0.793607
3928.926866 0.000000 4133.607652 0.000000 0.994925 0.000000 0.100624 0.844789 0.844789 0.844789
7397.987853 0.000000 4118.073721 0.000000 0.982725 0.000000 0.185074 0.917092 0.917092 0.917092
7398.926504 0.000000 4118.735029 0.000000 0.995315 0.000000 0.096687 0.902556 0.902556 0.902556
7363.018152 0.000000 4117.585655 0.000000 -0.459021 0.000000 0.888425 0.847810 0.847810 0.847810
7397.057404 0.000000 4117.633354 0.000000 0.958785 0.000000 0.284131 0.923996 0.923996 0.923996
7402.624429 0.000000 4117.523320 0.000000 -0.953564 0.000000 0.301190 0.753727 0.753727 0.753727
7595.747464 0.000000 4103.818873 0.000000 0.736240 0.000000 0.676721 0.941701 0.941701 0.941701
7595.376032 0.000000 4099.289284 0.000000 0.693778 0.000000 0.720189 0.865384 0.865384 0.865384
4773.292125 0.000000 4083.284167 0.000000 0.999992 0.000000 0.004000 0.878576 0.878576 0.878576
4111.522536 0.000000 4081.072418 0.000000 0.998912 0.000000 0.046625 0.820085 0.820085 0.820085
4085.001254 0.000000 4070.163416 0.000000 0.928660 0.000000 0.370932 0.841871 0.841871 0.841871
4086.370693 0.000000 4070.985083 0.000000 0.997262 0.000000 0.073943 0.932775 0.932775 0.932775
4084.988030 0.000000 4063.916048 0.000000 0.694060 0.000000 0.719917 0.975073 0.975073 0.975073
4122.200767 0.000000 4062.643568 0.000000 -0.885976 0.000000 0.463732 0.841620 0.841620 0.841620
4585.164263 0.000000 4060.081350 0.000000 0.980739 0.000000 0.195324 0.971061 0.971061 0.971061
6566.509371 0.000000 4060.424013 0.000000 0.881783 0.000000 0.471655 0.890535 0.890535 0.890535
4601.157584 0.000000 4057.020415 0.000000 0.952838 0.000000 0.303481 0.951773 0.951773 0.951773
4608.186267 0.000000 4055.857021 0.000000 -0.873775 0.000000 0.486330 0.752970 0.752970 0.752970
4026.890813 0.000000 4053.196326 0.000000 0.921991 0.000000 0.387211 0.890026 0.890026 0.890026
4032.588651 0.000000 4053.242151 0.000000 -0.964176 0.000000 0.265262 0.716243 0.716243 0.716243
4363.739081 0.000000 4045.354460 0.000000 0.553488 0.000000 0.832857 0.750334 0.750334 0.750334
4567.098607 0.000000 4045.287508 0.000000 0.995473 0.000000 0.095049 0.892750 0.892750 0.892750
7616.450420 0.000000 4044.654396 0.000000 0.998555 0.000000 -0.053733 0.752817 0.752817 0.752817
4787.336842 0.000000 4040.062909 0.000000 0.998709 0.000000 -0.050799 0.818340 0.818340 0.818340
4788.778067 0.000000 4040.314059 0.000000 0.994070 0.000000 0.108746 0.982271 0.982271 0.982271
7253.951737 0.000000 4040.528639 0.000000 0.847362 0.000000 0.531015 0.790351 0.790351 0.790351
5419.324575 0.000000 4030.644332 0.000000 0.827458 0.000000 0.561527 0.830578 0.830578 0.830578
5417.816745 0.000000 4028.947827 0.000000 0.704883 0.000000 0.709324 0.734786 0.734786 0.734786
4023.582948 0.000000 4027.908602 0.000000 0.999728 0.000000 0.023334 0.910625 0.910625 0.910625
4558.974522 0.000000 4027.969364 0.000000 0.899520 0.000000 0.436880 0.761744 0.761744 0.761744
4764.771208 0.000000 4027.368831 0.000000 0.282595 0.000000 0.959239 0.812902 0.812902 0.812902
4771.509429 0.000000 4027.440986 0.000000 -0.497198 0.000000 0.867637 0.777140 0.777140 0.777140
5417.445384 0.000000 4027.875884 0.000000 0.687478 0.000000 0.726205 0.983319 0.983319 0.983319
5425.311714 0.000000 4027.561171 0.000000 -0.671624 0.000000 0.740892 0.847650 0.847650 0.847650
7620.497789 0.000000 4027.118025 0.000000 0.888876 0.000000 0.458148 0.748097 0.748097 0.748097
4130.365105 0.000000 4025.776070 0.000000 0.971127 0.000000 0.238564 0.828003 0.828003 0.828003
7249.245091 0.000000 4025.540949 0.000000 0.990149 0.000000 0.140019 0.763379 0.763379 0.763379
4066.880863 0.000000 4024.659412 0.000000 0.905057 0.000000 0.425291 0.863700 0.863700 0.863700
4068.082555 0.000000 4024.922020 0.000000 0.989623 0.000000 0.143690 0.825103 0.825103 0.825103
7254.586502 0.000000 4023.402996 0.000000 -0.907800 0.000000 0.419404 0.960257 0.960257 0.960257
4550.486484 0.000000 4016.734652 0.000000 0.999745 0.000000 -0.022584 0.769339 0.769339 0.769339
4499.320009 0.000000 4009.693547 0.000000 0.898006 0.000000 0.439984 0.752061 0.752061 0.752061
4500.962667 0.000000 4009.169828 0.000000 0.978044 0.000000 0.208399 0.800930 0.800930 0.800930
4541.661286 0.000000 4009.104533 0.000000 0.834400 0.000000 0.551160 0.791194 0.791194 0.791194
7247.817927 0.000000 4009.553513 0.000000 0.443135 0.000000 0.896455 0.922813 0.922813 0.922813
4554.987233 0.000000 4008.230408 0.000000 -0.946230 0.000000 0.323495 0.799049 0.799049 0.799049
4478.065341 0.000000 3991.099109 0.000000 0.225496 0.000000 0.974244 0.784475 0.784475 0.784475
4483.899089 0.000000 3991.998045 0.000000 -0.372111 0.000000 0.928188 0.894662 0.894662 0.894662
4512.546055 0.000000 3991.121643 0.000000 -0.758195 0.000000 0.652027 0.776896 0.776896 0.776896
6271.786978 0.000000 3991.051853 0.000000 -0.029581 0.000000 0.999562 0.819921 0.819921 0.819921
7747.184860 0.000000 3991.508048 0.000000 0.229102 0.000000 0.973402 0.874777 0.874777 0.874777
7776.226534 0.000000 3987.772530 0.000000 -0.981758 0.000000 0.190133 0.802336 0.802336 0.802336
4533.672259 0.000000 3986.435992 0.000000 0.999825 0.000000 -0.018686 0.826633 0.826633 0.826633
7794.837127 0.000000 3977.202951 0.000000 0.738234 0.000000 0.674544 0.831490 0.831490 0.831490
6282.198922 0.000000 3974.330077 0.000000 -0.993652 0.000000 0.112495 0.992481 0.992481 0.992481
4490.671265 0.000000 3973.110098 0.000000 0.577651 0.000000 0.816284 0.806089 0.806089 0.806089
4500.845424 0.000000 3973.614676 0.000000 -0.674001 0.000000 0.738731 0.895330 0.895330 0.895330
6273.283320 0.000000 3973.196877 0.000000 0.687727 0.000000 0.725969 0.943317 0.943317 0.943317
6282.595155 0.000000 3973.744196 0.000000 -0.971463 0.000000 0.237192 0.849952 0.849952 0.849952
6335.840678 0.000000 3973.377269 0.000000 0.996492 0.000000 0.083685 0.847888 0.847888 0.847888
6336.981372 0.000000 3973.132439 0.000000 0.983749 0.000000 0.179548 0.879799 0.879799 0.879799
7795.221142 0.000000 3973.856858 0.000000 0.625112 0.000000 0.780535 0.743478 0.743478 0.743478
6231.499390 0.000000 3972.573668 0.000000 0.979519 0.000000 0.201350 0.747918 0.747918 0.747918
7254.668548 0.000000 3970.803229 0.000000 -0.924361 0.000000 0.381519 0.790712 0.790712 0.790712
6220.010358 0.000000 3964.127860 0.000000 0.660247 0.000000 0.751049 0.986456 0.986456 0.986456
6246.788125 0.000000 3963.039771 0.000000 0.999652 0.000000 0.026364 0.734517 0.734517 0.734517
6237.833916 0.000000 3955.769338 0.000000 0.581015 0.000000 0.813893 0.896171 0.896171 0.896171
6687.479067 0.000000 3950.409198 0.000000 0.982958 0.000000 0.183833 0.796331 0.796331 0.796331
4112.481839 0.000000 3943.109166 0.000000 0.999404 0.000000 0.034532 0.831792 0.831792 0.831792
4523.408920 0.000000 3939.597662 0.000000 0.974274 0.000000 0.225367 0.996939 0.996939 0.996939
4113.285287 0.000000 3937.613189 0.000000 0.024861 0.000000 0.999691 0.738776 0.738776 0.738776
6228.728358 0.000000 3937.604601 0.000000 0.736074 0.000000 0.676901 0.853673 0.853673 0.853673
6686.347373 0.000000 3937.859485 0.000000 0.415309 0.000000 0.909681 0.910516 0.910516 0.910516
4130.119568 0.000000 3919.470404 0.000000 0.889367 0.000000 0.457195 0.808733 0.808733 0.808733
595.741606 0.000000 3901.082414 0.000000 0.328448 0.000000 0.944522 0.897987 0.897987 0.897987
4154.488476 0.000000 3901.442920 0.000000 0.301637 0.000000 0.953423 1.004936 1.004936 1.004936
3995.560406 0.000000 3898.909478 0.000000 0.992184 0.000000 0.124783 0.829720 0.829720 0.829720
6611.718382 0.000000 3891.040540 0.000000 -0.873114 0.000000 0.487517 0.913204 0.913204 0.913204
6655.850191 0.000000 3884.341143 0.000000 0.958918 0.000000 0.283683 0.815575 0.815575 0.815575
6660.677764 0.000000 3884.907168 0.000000 0.998531 0.000000 -0.054181 0.802259 0.802259 0.802259
6654.806042 0.000000 3883.139429 0.000000 0.911519 0.000000 0.411258 0.777178 0.777178 0.777178
6676.519358 0.000000 3883.773406 0.000000 -0.956242 0.000000 0.292577 0.752862 0.752862 0.752862
6678.477221 0.000000 3883.834166 0.000000 -0.984351 0.000000 0.176218 0.956841 0.956841 0.956841
4014.287137 0.000000 3873.353038 0.000000 -0.852325 0.000000 0.523012 0.918078 0.918078 0.918078
1430.448510 0.000000 3866.444149 0.000000 0.999519 0.000000 0.031018 0.977845 0.977845 0.977845
1429.498101 0.000000 3865.678553 0.000000 0.973733 0.000000 0.227693 0.740844 0.740844 0.740844
4709.514589 0.000000 3865.003257 0.000000 0.110504 0.000000 0.993876 0.829429 0.829429 0.829429
6938.479109 0.000000 3844.701237 0.000000 0.994693 0.000000 0.102887 0.938835 0.938835 0.938835
6049.924034 0.000000 3832.174170 0.000000 0.998856 0.000000 0.047827 0.809761 0.809761 0.809761
6912.121493 0.000000 3832.271606 0.000000 -0.989751 0.000000 0.142801 0.999794 0.999794 0.999794
3736.075349 0.000000 3829.452012 0.000000 0.139711 0.000000 0.990192 0.968094 0.968094 0.968094
6916.239892 0.000000 3829.488226 0.000000 -0.885379 0.000000 0.464870 0.937635 0.937635 0.937635
4626.273148 0.000000 3820.469244 0.000000 0.971190 0.000000 0.238306 1.006067 1.006067 1.006067
3695.623322 0.000000 3819.386525 0.000000 0.920646 0.000000 0.390398 0.883792 0.883792 0.883792
3673.181055 0.000000 3811.513346 0.000000 0.521935 0.000000 0.852986 0.947243 0.947243 0.947243
3693.686411 0.000000 3811.428276 0.000000 0.998528 0.000000 0.054232 0.921335 0.921335 0.921335
4622.972609 0.000000 3811.795928 0.000000 0.803421 0.000000 0.595412 0.829257 0.829257 0.829257
6680.455578 0.000000 3811.895440 0.000000 0.996390 0.000000 0.084891 0.769226 0.769226 0.769226
8001.113883 0.000000 3809.212910 0.000000 0.999302 0.000000 0.037348 0.918721 0.918721 0.918721
4389.777954 0.000000 3796.952585 0.000000 0.710486 0.000000 0.703711 0.873287 0.873287 0.873287
4392.684657 0.000000 3796.043101 0.000000 0.883475 0.000000 0.468478 0.904781 0.904781 0.904781
3710.109642 0.000000 3793.026695 0.000000 0.734046 0.000000 0.679100 0.884040 0.884040 0.884040
4390.141793 0.000000 3793.770584 0.000000 0.582739 0.000000 0.812660 0.723509 0.723509 0.723509
4392.872844 0.000000 3793.182813 0.000000 0.681111 0.000000 0.732180 0.767249 0.767249 0.767249
8001.594020 0.000000 3793.439217 0.000000 0.492296 0.000000 0.870428 0.938263 0.938263 0.938263
3734.957027 0.000000 3792.606400 0.000000 0.935829 0.000000 0.352453 0.758341 0.758341 0.758341
3789.294673 0.000000 3790.990667 0.000000 0.999927 0.000000 0.012116 0.822620 0.822620 0.822620
4091.760562 0.000000 3788.021609 0.000000 0.999373 0.000000 -0.035409 0.769908 0.769908 0.769908
4052.911183 0.000000 3781.447725 0.000000 0.989011 0.000000 0.147842 0.964092 0.964092 0.964092
3653.952211 0.000000 3775.307700 0.000000 0.714666 0.000000 0.699466 0.978305 0.978305 0.978305
3654.236113 0.000000 3775.449691 0.000000 0.721621 0.000000 0.692288 0.723292 0.723292 0.723292
3712.320395 0.000000 3775.577563 0.000000 -0.741062 0.000000 0.671437 0.737530 0.737530 0.737530
5113.181185 0.000000 3775.522854 0.000000 0.925202 0.000000 0.379475 0.937249 0.937249 0.937249
4627.059138 0.000000 3762.591548 0.000000 -0.980794 0.000000 0.195045 0.983568 0.983568 0.983568
5110.471759 0.000000 3761.886730 0.000000 0.995876 0.000000 -0.090730 0.935751 0.935751 0.935751
3618.687163 0.000000 3760.437206 0.000000 -0.994687 0.000000 0.102946 0.747099 0.747099 0.747099
3616.341692 0.000000 3759.817267 0.000000 0.999999 0.000000 0.001147 0.765580 0.765580 0.765580
3924.099065 0.000000 3759.902482 0.000000 -0.963973 0.000000 0.266000 0.747313 0.747313 0.747313
3613.257680 0.000000 3757.991894 0.000000 0.954252 0.000000 0.299003 0.899281 0.899281 0.899281
3620.348960 0.000000 3757.914758 0.000000 -0.918020 0.000000 0.396535 0.960031 0.960031 0.960031
3928.791914 0.000000 3757.440321 0.000000 -0.847612 0.000000 0.530616 0.797794 0.797794 0.797794
4633.806858 0.000000 3757.561828 0.000000 -0.703216 0.000000 0.710976 0.772528 0.772528 0.772528
3926.506441 0.000000 3739.609348 0.000000 -0.263625 0.000000 0.964625 0.904115 0.904115 0.904115
3409.563768 0.000000 3732.247870 0.000000 0.666821 0.000000 0.745218 0.905340 0.905340 0.905340
3846.056345 0.000000 3732.977692 0.000000 0.999525 0.000000 0.030818 0.852308 0.852308 0.852308
3966.246468 0.000000 3725.946376 0.000000 0.986479 0.000000 0.163890 0.819033 0.819033 0.819033
3841.887703 0.000000 3721.472611 0.000000 0.534167 0.000000 0.845379 0.856806 0.856806 0.856806
3860.336645 0.000000 3721.403434 0.000000 -0.514031 0.000000 0.857772 0.862886 0.862886 0.862886
3925.015507 0.000000 3721.251234 0.000000 0.702171 0.000000 0.712009 0.785062 0.785062 0.785062
3963.239651 0.000000 3721.585209 0.000000 0.889361 0.000000 0.457206 0.756985 0.756985 0.756985
6619.398258 0.000000 3721.945271 0.000000 -0.057094 0.000000 0.998369 0.883863 0.883863 0.883863
6595.750998 0.000000 3712.768689 0.000000 0.960090 0.000000 0.279692 0.778287 0.778287 0.778287
3954.344275 0.000000 3710.872196 0.000000 0.975209 0.000000 0.221284 0.748937 0.748937 0.748937
3932.383997 0.000000 3703.259657 0.000000 -0.885627 0.000000 0.464397 0.722157 0.722157 0.722157
3951.371081 0.000000 3703.916478 0.000000 0.708479 0.000000 0.705732 0.741496 0.741496 0.741496
3960.902652 0.000000 3703.822949 0.000000 0.211254 0.000000 0.977431 0.752738 0.752738 0.752738
4534.492276 0.000000 3703.592896 0.000000 0.875847 0.000000 0.482589 0.786350 0.786350 0.786350
6597.328769 0.000000 3703.771606 0.000000 0.117507 0.000000 0.993072 0.966327 0.966327 0.966327
8053.751643 0.000000 3703.609641 0.000000 -0.932298 0.000000 0.361691 0.979624 0.979624 0.979624
8064.130203 0.000000 3703.528036 0.000000 0.452402 0.000000 0.891814 0.790016 0.790016 0.790016
8084.382404 0.000000 3703.896707 0.000000 -0.544146 0.000000 0.838991 0.723231 0.723231 0.723231
3674.732473 0.000000 3696.486365 0.000000 0.997350 0.000000 -0.072760 0.837698 0.837698 0.837698
4032.447337 0.000000 3693.554811 0.000000 -0.960202 0.000000 0.279308 0.907970 0.907970 0.907970
3703.914409 0.000000 3685.114420 0.000000 0.796479 0.000000 0.604666 0.752125 0.752125 0.752125
4035.943997 0.000000 3685.049974 0.000000 -0.770672 0.000000 0.637232 0.950957 0.950957 0.950957
4433.337435 0.000000 3685.572899 0.000000 0.003707 0.000000 0.999993 0.771747 0.771747 0.771747
8053.210350 0.000000 3685.111073 0.000000 0.998350 0.000000 0.057424 0.919601 0.919601 0.919601
8064.140756 0.000000 3685.335692 0.000000 0.999154 0.000000 -0.041135 0.772530 0.772530 0.772530
8028.853151 0.000000 3677.002496 0.000000 -0.970241 0.000000 0.242143 0.742613 0.742613 0.742613
3711.817729 0.000000 3667.489062 0.000000 0.998233 0.000000 -0.059422 0.824117 0.824117 0.824117
8022.057573 0.000000 3667.183630 0.000000 0.503910 0.000000 0.863756 0.956797 0.956797 0.956797
8034.612928 0.000000 3667.987823 0.000000 -0.863778 0.000000 0.503872 0.880688 0.880688 0.880688
5971.553378 0.000000 3654.090963 0.000000 0.962275 0.000000 0.272077 0.783080 0.783080 0.783080
3889.918690 0.000000 3649.354988 0.000000 0.966107 0.000000 0.258142 0.980474 0.980474 0.980474
5823.073185 0.000000 3649.290223 0.000000 0.972076 0.000000 0.234666 0.890377 0.890377 0.890377
8032.265284 0.000000 3649.028647 0.000000 0.325489 0.000000 0.945546 0.986376 0.986376 0.986376
3885.971893 0.000000 3647.190256 0.000000 0.933173 0.000000 0.359427 0.897833 0.897833 0.897833
4047.240485 0.000000 3633.235799 0.000000 0.972439 0.000000 0.233156 0.977353 0.977353 0.977353
3879.302196 0.000000 3631.672586 0.000000 0.590942 0.000000 0.806714 0.973595 0.973595 0.973595
3888.353278 0.000000 3631.853888 0.000000 -0.036438 0.000000 0.999336 0.854450 0.854450 0.854450
4045.483991 0.000000 3631.023278 0.000000 0.719213 0.000000 0.694790 0.868879 0.868879 0.868879
3818.175115 0.000000 3613.872156 0.000000 -0.622379 0.000000 0.782716 0.746945 0.746945 0.746945
4070.476172 0.000000 3613.798441 0.000000 0.417263 0.000000 0.908786 0.885702 0.885702 0.885702
4318.631396 0.000000 3613.042942 0.000000 0.739167 0.000000 0.673523 0.757688 0.757688 0.757688
4329.314444 0.000000 3613.118582 0.000000 -0.583025 0.000000 0.812454 0.755128 0.755128 0.755128
4359.028297 0.000000 3613.127570 0.000000 0.999906 0.000000 -0.013714 0.861930 0.861930 0.861930
4393.918483 0.000000 3613.162620 0.000000 0.999984 0.000000 -0.005622 0.780890 0.780890 0.780890
6732.636767 0.000000 3613.450129 0.000000 -0.844518 0.000000 0.535528 0.776187 0.776187 0.776187
3807.605898 0.000000 3609.189439 0.000000 -0.318534 0.000000 0.947911 0.741939 0.741939 0.741939
5146.850023 0.000000 3606.632828 0.000000 0.891422 0.000000 0.453175 0.865399 0.865399 0.865399
4391.132736 0.000000 3603.376919 0.000000 -0.989257 0.000000 0.146187 1.007088 1.007088 1.007088
3788.444866 0.000000 3595.243910 0.000000 0.337769 0.000000 0.941229 0.775106 0.775106 0.775106
3816.382854 0.000000 3595.820536 0.000000 0.999930 0.000000 -0.011857 0.971210 0.971210 0.971210
4077.317120 0.000000 3595.925769 0.000000 0.699881 0.000000 0.714259 0.930408 0.930408 0.930408
4381.867819 0.000000 3595.068515 0.000000 0.746275 0.000000 0.665638 0.789399 0.789399 0.789399
4392.207915 0.000000 3595.914190 0.000000 -0.634066 0.000000 0.773279 0.951725 0.951725 0.951725
3897.822696 0.000000 3592.323787 0.000000 0.990001 0.000000 0.141060 0.995143 0.995143 0.995143
4410.177490 0.000000 3582.068078 0.000000 -0.991288 0.000000 0.131715 0.921934 0.921934 0.921934
4390.886919 0.000000 3577.260561 0.000000 0.155875 0.000000 0.987777 0.863302 0.863302 0.863302
4392.311086 0.000000 3577.038768 0.000000 0.164789 0.000000 0.986329 0.769543 0.769543 0.769543
4412.885984 0.000000 3577.879949 0.000000 -0.920112 0.000000 0.391656 0.861878 0.861878 0.861878
6657.932434 0.000000 3577.054797 0.000000 0.993893 0.000000 0.110345 0.964437 0.964437 0.964437
5519.453209 0.000000 3576.504902 0.000000 0.999949 0.000000 -0.010128 0.981523 0.981523 0.981523
4384.891770 0.000000 3559.834274 0.000000 0.733112 0.000000 0.680108 0.883127 0.883127 0.883127
5519.198789 0.000000 3559.159752 0.000000 0.659447 0.000000 0.751751 0.768284 0.768284 0.768284
4351.232107 0.000000 3541.760884 0.000000 0.495681 0.000000 0.868504 0.843272 0.843272 0.843272
4361.439040 0.000000 3541.346846 0.000000 -0.257167 0.000000 0.966367 0.778213 0.778213 0.778213
6631.377834 0.000000 3541.037045 0.000000 -0.716360 0.000000 0.697730 0.884742 0.884742 0.884742
4301.819956 0.000000 3505.789150 0.000000 -0.610702 0.000000 0.791860 0.942425 0.942425 0.942425
8206.254112 0.000000 3505.207448 0.000000 0.750163 0.000000 0.661253 0.897611 0.897611 0.897611
8208.228619 0.000000 3505.636002 0.000000 0.769333 0.000000 0.638848 0.781963 0.781963 0.781963
5493.511957 0.000000 3499.496386 0.000000 0.999983 0.000000 0.005883 0.921321 0.921321 0.921321
5580.714763 0.000000 3498.090751 0.000000 -0.953884 0.000000 0.300177 0.887031 0.887031 0.887031
5750.845171 0.000000 3488.652730 0.000000 0.977395 0.000000 0.211419 0.808167 0.808167 0.808167
5749.515903 0.000000 3487.329586 0.000000 0.950429 0.000000 0.310943 0.867193 0.867193 0.867193
5699.211003 0.000000 3477.815565 0.000000 0.745026 0.000000 0.667036 0.999655 0.999655 0.999655
5652.264005 0.000000 3469.554184 0.000000 -0.622228 0.000000 0.782836 0.953582 0.953582 0.953582
5704.894654 0.000000 3469.722279 0.000000 0.406872 0.000000 0.913485 0.908324 0.908324 0.908324
5733.432936 0.000000 3469.908933 0.000000 -0.362651 0.000000 0.931925 0.878991 0.878991 0.878991
5706.001922 0.000000 3467.953034 0.000000 0.384683 0.000000 0.923049 0.983950 0.983950 0.983950
7704.943680 0.000000 3439.716623 0.000000 0.999494 0.000000 0.031818 0.900377 0.900377 0.900377
7702.363612 0.000000 3438.353073 0.000000 0.969630 0.000000 0.244578 0.753596 0.753596 0.753596
7696.633629 0.000000 3433.024298 0.000000 0.927081 0.000000 0.374861 0.995980 0.995980 0.995980
7709.999049 0.000000 3433.157425 0.000000 -0.731262 0.000000 0.682096 0.928730 0.928730 0.928730
8047.126131 0.000000 3427.670376 0.000000 0.959292 0.000000 0.282415 0.763608 0.763608 0.763608
8045.815970 0.000000 3426.002722 0.000000 0.944971 0.000000 0.327153 0.967042 0.967042 0.967042
8064.853743 0.000000 3418.775032 0.000000 -0.913249 0.000000 0.407402 0.755963 0.755963 0.755963
7685.004305 0.000000 3415.260036 0.000000 0.816867 0.000000 0.576827 0.770052 0.770052 0.770052
7686.005939 0.000000 3415.974058 0.000000 0.813222 0.000000 0.581953 0.760324 0.760324 0.760324
8044.450804 0.000000 3415.721849 0.000000 0.523862 0.000000 0.851803 0.797933 0.797933 0.797933
8066.099673 0.000000 3415.214584 0.000000 -0.794608 0.000000 0.607123 0.740774 0.740774 0.740774
8046.654930 0.000000 3412.130214 0.000000 0.536095 0.000000 0.844158 0.894090 0.894090 0.894090
4158.719179 0.000000 3410.096405 0.000000 -0.998349 0.000000 0.057443 0.938046 0.938046 0.938046
8053.171101 0.000000 3397.174956 0.000000 0.535745 0.000000 0.844380 0.877971 0.877971 0.877971
8196.385149 0.000000 3396.391365 0.000000 0.996359 0.000000 -0.085261 0.976499 0.976499 0.976499
4392.199547 0.000000 3383.069718 0.000000 -0.891876 0.000000 0.452281 0.747098 0.747098 0.747098
4393.546491 0.000000 3379.683628 0.000000 -0.809640 0.000000 0.586927 0.866759 0.866759 0.866759
8190.747728 0.000000 3379.240692 0.000000 0.802693 0.000000 0.596393 0.979419 0.979419 0.979419
8189.970174 0.000000 3374.046014 0.000000 0.723930 0.000000 0.689873 0.954949 0.954949 0.954949
8186.339350 0.000000 3361.702167 0.000000 0.691848 0.000000 0.722043 0.992764 0.992764 0.992764
8193.168808 0.000000 3361.983794 0.000000 -0.381034 0.000000 0.924561 0.837269 0.837269 0.837269
8181.090123 0.000000 3343.870686 0.000000 0.998010 0.000000 -0.063052 0.968645 0.968645 0.968645
8171.264907 0.000000 3325.686623 0.000000 0.856927 0.000000 0.515439 0.953600 0.953600 0.953600
8172.310463 0.000000 3325.562203 0.000000 0.758923 0.000000 0.651180 0.962355 0.962355 0.962355
8166.524643 0.000000 3307.844082 0.000000 0.646571 0.000000 0.762854 0.913378 0.913378 0.913378
8175.150100 0.000000 3307.074707 0.000000 -0.315319 0.000000 0.948986 0.831994 0.831994 0.831994
5737.553428 0.000000 3218.397960 0.000000 0.992360 0.000000 0.123378 0.790807 0.790807 0.790807
5736.707975 0.000000 3217.582934 0.000000 0.992918 0.000000 0.118800 0.993109 0.993109 0.993109
6370.199538 0.000000 3199.144038 0.000000 0.359033 0.000000 0.933325 0.875610 0.875610 0.875610
6372.429744 0.000000 3199.764020 0.000000 -0.154738 0.000000 0.987956 0.962551 0.962551 0.962551
414.302566 0.000000 3168.266583 0.000000 -0.880229 0.000000 0.474548 0.750528 0.750528 0.750528
414.164334 0.000000 3163.625060 0.000000 -0.736875 0.000000 0.676029 1.004008 1.004008 1.004008
8142.697257 0.000000 3082.299269 0.000000 0.986939 0.000000 0.161094 0.843759 0.843759 0.843759
5785.951282 0.000000 3052.313166 0.000000 0.986566 0.000000 0.163362 1.007930 1.007930 1.007930
5785.224084 0.000000 3037.921538 0.000000 0.447506 0.000000 0.894281 0.817370 0.817370 0.817370
5790.540927 0.000000 3019.414321 0.000000 0.803103 0.000000 0.595840 0.722032 0.722032 0.722032
7512.968020 0.000000 3007.767682 0.000000 0.994362 0.000000 0.106035 0.996454 0.996454 0.996454
1612.792614 0.000000 2994.285435 0.000000 0.775281 0.000000 0.631616 0.894040 0.894040 0.894040
1613.228065 0.000000 2983.460386 0.000000 0.731621 0.000000 0.681712 0.845060 0.845060 0.845060
3873.066694 0.000000 2983.476456 0.000000 -0.553386 0.000000 0.832925 0.842709 0.842709 0.842709
9163.159216 0.000000 2947.993483 0.000000 0.873436 0.000000 0.486939 0.954531 0.954531 0.954531
9160.468988 0.000000 2942.276736 0.000000 0.869619 0.000000 0.493724 0.959812 0.959812 0.959812
9169.565349 0.000000 2929.322413 0.000000 0.209975 0.000000 0.977707 0.813466 0.813466 0.813466
9269.438512 0.000000 2929.187218 0.000000 0.403099 0.000000 0.915157 0.989241 0.989241 0.989241
9274.819954 0.000000 2929.431650 0.000000 -0.557332 0.000000 0.830290 0.862774 0.862774 0.862774
9288.019875 0.000000 2924.548586 0.000000 -0.941823 0.000000 0.336108 0.836934 0.836934 0.836934
1600.712735 0.000000 2919.010103 0.000000 0.751516 0.000000 0.659715 0.730018 0.730018 0.730018
1590.635292 0.000000 2911.628517 0.000000 -0.814455 0.000000 0.580227 0.986545 0.986545 0.986545
1604.681576 0.000000 2911.325836 0.000000 0.252543 0.000000 0.967586 0.767212 0.767212 0.767212
9295.688395 0.000000 2911.902996 0.000000 -0.656291 0.000000 0.754507 0.839766 0.839766 0.839766
1800.392288 0.000000 2899.278781 0.000000 0.995134 0.000000 0.098528 0.905172 0.905172 0.905172
5346.730136 0.000000 2898.373183 0.000000 -0.900158 0.000000 0.435564 0.803322 0.803322 0.803322
1790.423117 0.000000 2893.182464 0.000000 -0.093591 0.000000 0.995611 0.959367 0.959367 0.959367
5346.206559 0.000000 2893.941755 0.000000 -0.616067 0.000000 0.787693 0.942390 0.942390 0.942390
5345.692267 0.000000 2891.378712 0.000000 -0.426367 0.000000 0.904550 0.723300 0.723300 0.723300
1800.830992 0.000000 2886.814485 0.000000 -0.907786 0.000000 0.419434 0.918306 0.918306 0.918306
1531.658227 0.000000 2878.907914 0.000000 -0.928902 0.000000 0.370326 0.845060 0.845060 0.845060
730.851604 0.000000 2875.520217 0.000000 -0.858610 0.000000 0.512630 0.756775 0.756775 0.756775
1593.600649 0.000000 2875.456467 0.000000 0.524356 0.000000 0.851499 0.817257 0.817257 0.817257
1603.493289 0.000000 2875.431776 0.000000 -0.700371 0.000000 0.713779 0.739759 0.739759 0.739759
1742.498911 0.000000 2875.102949 0.000000 0.789261 0.000000 0.614058 0.980451 0.980451 0.980451
1749.084351 0.000000 2875.472584 0.000000 -0.997929 0.000000 0.064319 0.886711 0.886711 0.886711
9115.942153 0.000000 2873.957879 0.000000 0.971231 0.000000 0.238140 0.806216 0.806216 0.806216
1517.226445 0.000000 2872.228120 0.000000 -0.227586 0.000000 0.973758 0.986330 0.986330 0.986330
9100.277526 0.000000 2867.111986 0.000000 0.944648 0.000000 0.328086 0.880729 0.880729 0.880729
665.644863 0.000000 2860.258545 0.000000 0.879167 0.000000 0.476514 0.902968 0.902968 0.902968
663.836884 0.000000 2857.436068 0.000000 0.770539 0.000000 0.637393 0.735236 0.735236 0.735236
672.370917 0.000000 2857.867863 0.000000 -0.209237 0.000000 0.977865 0.938999 0.938999 0.938999
1735.945488 0.000000 2857.793488 0.000000 0.410495 0.000000 0.911863 0.785373 0.785373 0.785373
1747.717698 0.000000 2857.626278 0.000000 0.533674 0.000000 0.845690 0.796252 0.796252 0.796252
1683.060642 0.000000 2852.352988 0.000000 0.999629 0.000000 0.027238 0.722460 0.722460 0.722460
1670.799076 0.000000 2845.075944 0.000000 -0.962190 0.000000 0.272379 0.837424 0.837424 0.837424
1638.832858 0.000000 2844.203653 0.000000 0.998749 0.000000 0.050004 0.841872 0.841872 0.841872
1640.994598 0.000000 2839.065172 0.000000 0.998462 0.000000 0.055449 1.003560 1.003560 1.003560
1658.434951 0.000000 2839.645932 0.000000 0.927152 0.000000 0.374685 0.922642 0.922642 0.922642
6423.150822 0.000000 2839.671062 0.000000 0.566618 0.000000 0.823981 0.800319 0.800319 0.800319
1637.879416 0.000000 2835.573188 0.000000 0.704973 0.000000 0.709234 0.769514 0.769514 0.769514
1608.769120 0.000000 2828.763306 0.000000 -0.982975 0.000000 0.183741 0.733496 0.733496 0.733496
1601.298215 0.000000 2827.117156 0.000000 0.997492 0.000000 0.070776 0.808883 0.808883 0.808883
1572.918472 0.000000 2826.854219 0.000000 0.949095 0.000000 0.314990 0.990552 0.990552 0.990552
2431.777407 0.000000 2824.788499 0.000000 0.996808 0.000000 0.079842 0.726046 0.726046 0.726046
1731.173085 0.000000 2823.700466 0.000000 0.963663 0.000000 0.267121 0.786394 0.786394 0.786394
2429.442436 0.000000 2823.973519 0.000000 0.966125 0.000000 0.258075 0.938454 0.938454 0.938454
4023.835517 0.000000 2823.926062 0.000000 0.941670 0.000000 0.336536 0.819801 0.819801 0.819801
1567.132961 0.000000 2821.693660 0.000000 0.916622 0.000000 0.399755 0.829400 0.829400 0.829400
1590.250187 0.000000 2821.770339 0.000000 0.969213 0.000000 0.246225 0.728251 0.728251 0.728251
1644.297765 0.000000 2821.915921 0.000000 0.698822 0.000000 0.715295 0.800900 0.800900 0.800900
1731.478130 0.000000 2821.367056 0.000000 0.927681 0.000000 0.373374 0.819255 0.819255 0.819255
2425.458846 0.000000 2821.122675 0.000000 0.938428 0.000000 0.345474 0.894151 0.894151 0.894151
2431.793316 0.000000 2821.854113 0.000000 -0.990333 0.000000 0.138713 0.824346 0.824346 0.824346
1560.824410 0.000000 2816.977015 0.000000 0.945921 0.000000 0.324397 0.877127 0.877127 0.877127
1629.378550 0.000000 2816.042001 0.000000 0.999683 0.000000 -0.025186 0.982184 0.982184 0.982184
1704.801543 0.000000 2813.390354 0.000000 0.999758 0.000000 0.021978 0.939538 0.939538 0.939538
4279.914800 0.000000 2810.579412 0.000000 0.999332 0.000000 0.036557 0.784432 0.784432 0.784432
1547.844626 0.000000 2804.556974 0.000000 0.844423 0.000000 0.535677 0.739874 0.739874 0.739874
1547.011685 0.000000 2803.968210 0.000000 0.756106 0.000000 0.654449 0.980932 0.980932 0.980932
1561.787396 0.000000 2803.273123 0.000000 -0.426237 0.000000 0.904612 0.816923 0.816923 0.816923
1651.503830 0.000000 2803.210477 0.000000 0.586544 0.000000 0.809917 0.775335 0.775335 0.775335
1656.357215 0.000000 2803.835604 0.000000 0.028782 0.000000 0.999586 0.860237 0.860237 0.860237
2429.963963 0.000000 2803.937289 0.000000 0.269275 0.000000 0.963063 0.874789 0.874789 0.874789
2430.768001 0.000000 2803.422169 0.000000 0.261784 0.000000 0.965126 0.936895 0.936895 0.936895
7190.257624 0.000000 2793.148404 0.000000 0.894743 0.000000 0.446582 0.867156 0.867156 0.867156
1694.192966 0.000000 2785.285133 0.000000 0.998740 0.000000 -0.050181 0.751925 0.751925 0.751925
1730.128414 0.000000 2785.003268 0.000000 -0.713811 0.000000 0.700338 0.818712 0.818712 0.818712
9115.807364 0.000000 2767.606848 0.000000 0.866717 0.000000 0.498800 0.767759 0.767759 0.767759
2381.891467 0.000000 2749.089713 0.000000 0.476937 0.000000 0.878937 1.006606 1.006606 1.006606
1728.475060 0.000000 2732.389042 0.000000 -0.912635 0.000000 0.408774 0.726224 0.726224 0.726224
1719.315374 0.000000 2731.648513 0.000000 0.426629 0.000000 0.904427 0.818713 0.818713 0.818713
2380.870664 0.000000 2731.739514 0.000000 0.604804 0.000000 0.796374 0.889055 0.889055 0.889055
3708.560954 0.000000 2722.972959 0.000000 0.994329 0.000000 0.106347 0.876215 0.876215 0.876215
2267.121098 0.000000 2714.969518 0.000000 0.891503 0.000000 0.453014 0.737218 0.737218 0.737218
2267.524853 0.000000 2713.563234 0.000000 0.813653 0.000000 0.581351 0.919348 0.919348 0.919348
826.179680 0.000000 2708.738409 0.000000 0.926166 0.000000 0.377116 0.714385 0.714385 0.714385
848.576083 0.000000 2677.784836 0.000000 -0.449879 0.000000 0.893090 0.726341 0.726341 0.726341
2232.301102 0.000000 2674.755709 0.000000 -0.942006 0.000000 0.335597 0.794974 0.794974 0.794974
1979.970358 0.000000 2660.576970 0.000000 0.997797 0.000000 0.066346 0.870996 0.870996 0.870996
1778.757089 0.000000 2659.968762 0.000000 0.488976 0.000000 0.872297 0.825620 0.825620 0.825620
1979.186620 0.000000 2659.903139 0.000000 0.981427 0.000000 0.191835 0.828794 0.828794 0.828794
1983.973724 0.000000 2659.479404 0.000000 -0.999228 0.000000 -0.039283 0.931548 0.931548 0.931548
7763.138067 0.000000 2589.138079 0.000000 0.998093 0.000000 0.061727 0.905657 0.905657 0.905657
7757.888946 0.000000 2588.117767 0.000000 0.984681 0.000000 0.174367 0.784895 0.784895 0.784895
7755.953699 0.000000 2587.014902 0.000000 0.983925 0.000000 0.178584 0.897054 0.897054 0.897054
7819.048176 0.000000 2587.109091 0.000000 0.996857 0.000000 0.079226 0.924251 0.924251 0.924251
7713.263321 0.000000 2564.139874 0.000000 -0.995425 0.000000 0.095551 1.004176 1.004176 1.004176
4847.013477 0.000000 2561.153334 0.000000 0.963742 0.000000 0.266834 0.745438 0.745438 0.745438
7703.926986 0.000000 2558.104765 0.000000 0.960501 0.000000 0.278276 0.892007 0.892007 0.892007
4832.546938 0.000000 2554.903249 0.000000 0.990857 0.000000 0.134913 0.925967 0.925967 0.925967
4825.145108 0.000000 2551.021730 0.000000 0.758590 0.000000 0.651568 0.989356 0.989356 0.989356
4854.397726 0.000000 2551.480022 0.000000 -0.613501 0.000000 0.789694 0.900812 0.900812 0.900812
4442.696436 0.000000 2544.571489 0.000000 0.998729 0.000000 0.050395 0.823132 0.823132 0.823132
2627.307142 0.000000 2535.103776 0.000000 0.943763 0.000000 0.330624 0.982147 0.982147 0.982147
2625.211506 0.000000 2533.056848 0.000000 0.943606 0.000000 0.331072 0.864988 0.864988 0.864988
2630.113952 0.000000 2530.478258 0.000000 -0.194338 0.000000 0.980935 0.902902 0.902902 0.902902
2623.983429 0.000000 2515.160722 0.000000 0.282750 0.000000 0.959194 0.940135 0.940135 0.940135
2628.897752 0.000000 2513.965128 0.000000 0.119934 0.000000 0.992782 0.928145 0.928145 0.928145
7057.824620 0.000000 2490.736749 0.000000 0.977466 0.000000 0.211091 0.812178 0.812178 0.812178
7055.778719 0.000000 2489.302591 0.000000 0.932325 0.000000 0.361620 0.917004 0.917004 0.917004
7041.439751 0.000000 2479.269041 0.000000 -0.174405 0.000000 0.984674 0.934684 0.934684 0.934684
3483.871334 0.000000 2443.993453 0.000000 0.376621 0.000000 0.926368 0.770096 0.770096 0.770096
7605.571363 0.000000 2401.401562 0.000000 0.991142 0.000000 0.132805 0.831960 0.831960 0.831960
3936.183330 0.000000 2317.489307 0.000000 0.871982 0.000000 0.489539 0.736300 0.736300 0.736300
738.417409 0.000000 2307.972259 0.000000 -0.986792 0.000000 0.161995 0.894882 0.894882 0.894882
742.631053 0.000000 2299.952345 0.000000 0.389671 0.000000 0.920954 0.966716 0.966716 0.966716
818.757506 0.000000 2241.428142 0.000000 0.979274 0.000000 0.202540 0.922511 0.922511 0.922511
7038.382742 0.000000 2164.045141 0.000000 -0.999815 0.000000 0.019223 0.950836 0.950836 0.950836
7035.752209 0.000000 2155.984168 0.000000 0.472461 0.000000 0.881352 0.965464 0.965464 0.965464
7052.236166 0.000000 2155.109038 0.000000 -0.941108 0.000000 0.338105 0.876581 0.876581 0.876581
7056.517831 0.000000 2152.806831 0.000000 -0.947147 0.000000 0.320800 0.725131 0.725131 0.725131
6977.286859 0.000000 2148.060232 0.000000 -0.952328 0.000000 0.305075 0.847990 0.847990 0.847990
3254.921949 0.000000 2136.310982 0.000000 0.999899 0.000000 -0.014189 0.890147 0.890147 0.890147
3360.541969 0.000000 2130.022976 0.000000 0.657921 0.000000 0.753087 0.930511 0.930511 0.930511
3366.714924 0.000000 2129.223793 0.000000 0.998452 0.000000 0.055626 0.743713 0.743713 0.743713
5307.022086 0.000000 2103.344332 0.000000 0.851633 0.000000 0.524138 0.956965 0.956965 0.956965
5310.557995 0.000000 2103.536070 0.000000 0.957863 0.000000 0.287225 0.963103 0.963103 0.963103
5282.361410 0.000000 2095.642846 0.000000 -0.974911 0.000000 0.222594 0.879928 0.879928 0.879928
7937.259510 0.000000 2047.842051 0.000000 0.995394 0.000000 0.095873 0.783218 0.783218 0.783218
8170.727040 0.000000 2036.273407 0.000000 0.954833 0.000000 0.297142 0.842058 0.842058 0.842058
8171.237580 0.000000 2029.073009 0.000000 -0.313849 0.000000 0.949473 0.966444 0.966444 0.966444
8172.110995 0.000000 2029.030036 0.000000 -0.211738 0.000000 0.977326 0.748204 0.748204 0.748204
5409.103557 0.000000 2011.680182 0.000000 -0.908791 0.000000 0.417252 0.921033 0.921033 0.921033
7895.254750 0.000000 2009.639248 0.000000 0.965493 0.000000 0.260428 1.006489 1.006489 1.006489
5418.088453 0.000000 2004.840532 0.000000 -0.938446 0.000000 0.345425 0.964380 0.964380 0.964380
7898.213124 0.000000 1993.725961 0.000000 0.317734 0.000000 0.948180 0.720935 0.720935 0.720935
6500.059170 0.000000 1984.174413 0.000000 0.994117 0.000000 0.108314 0.741852 0.741852 0.741852
4430.423212 0.000000 1963.239634 0.000000 0.999615 0.000000 0.027738 0.752220 0.752220 0.752220
2622.713366 0.000000 1962.438387 0.000000 -0.992635 0.000000 0.121146 0.946953 0.946953 0.946953
4446.151635 0.000000 1959.439846 0.000000 -0.984697 0.000000 0.174276 0.912793 0.912793 0.912793
2609.858071 0.000000 1957.716745 0.000000 0.998996 0.000000 0.044793 0.963636 0.963636 0.963636
2610.374314 0.000000 1957.402725 0.000000 0.955206 0.000000 0.295943 0.830596 0.830596 0.830596
4448.208078 0.000000 1957.618365 0.000000 -0.963182 0.000000 0.268852 0.897994 0.897994 0.897994
4437.509705 0.000000 1954.960785 0.000000 -0.095852 0.000000 0.995396 0.732673 0.732673 0.732673
2588.712844 0.000000 1939.315902 0.000000 0.689370 0.000000 0.724409 0.920246 0.920246 0.920246
4790.189292 0.000000 1936.071430 0.000000 -0.996924 0.000000 -0.078373 0.780555 0.780555 0.780555
4786.842990 0.000000 1934.102017 0.000000 0.988219 0.000000 0.153047 0.947727 0.947727 0.947727
8212.807175 0.000000 1923.246890 0.000000 0.998886 0.000000 -0.047186 0.961661 0.961661 0.961661
2678.468828 0.000000 1921.271339 0.000000 0.693848 0.000000 0.720121 0.856693 0.856693 0.856693
2689.884803 0.000000 1921.263690 0.000000 -0.841370 0.000000 0.540459 0.953667 0.953667 0.953667
4485.678601 0.000000 1921.209803 0.000000 0.284484 0.000000 0.958681 0.799617 0.799617 0.799617
4775.957054 0.000000 1921.251911 0.000000 0.931789 0.000000 0.363001 0.939658 0.939658 0.939658
2548.036344 0.000000 1918.705762 0.000000 -0.991538 0.000000 0.129817 0.761845 0.761845 0.761845
6404.262158 0.000000 1917.162876 0.000000 0.999956 0.000000 0.009397 0.810830 0.810830 0.810830
4769.277407 0.000000 1916.815951 0.000000 0.828914 0.000000 0.559376 0.901307 0.901307 0.901307
6408.887087 0.000000 1916.574929 0.000000 -0.998846 0.000000 0.048023 0.864793 0.864793 0.864793
2536.568510 0.000000 1911.234161 0.000000 0.988908 0.000000 0.148527 0.756274 0.756274 0.756274
2543.961603 0.000000 1903.761617 0.000000 -0.706397 0.000000 0.707816 0.859074 0.859074 0.859074
2679.389117 0.000000 1903.191974 0.000000 0.575486 0.000000 0.817812 0.950157 0.950157 0.950157
2695.794034 0.000000 1903.024067 0.000000 -0.735494 0.000000 0.677531 0.926205 0.926205 0.926205
2501.201875 0.000000 1890.235412 0.000000 0.934267 0.000000 0.356573 1.000445 1.000445 1.000445
2497.782108 0.000000 1885.064640 0.000000 0.711498 0.000000 0.702688 0.938886 0.938886 0.938886
2824.578278 0.000000 1870.338256 0.000000 -0.998961 0.000000 0.045567 0.964699 0.964699 0.964699
2828.936866 0.000000 1867.617417 0.000000 -0.666420 0.000000 0.745577 0.804182 0.804182 0.804182
2694.389403 0.000000 1865.536392 0.000000 0.999868 0.000000 -0.016247 0.823171 0.823171 0.823171
4644.631515 0.000000 1855.292835 0.000000 -0.927599 0.000000 0.373578 0.893533 0.893533 0.893533
706.003147 0.000000 1849.269094 0.000000 0.572534 0.000000 0.819881 0.958728 0.958728 0.958728
4648.412700 0.000000 1849.871257 0.000000 -0.905600 0.000000 0.424133 0.773923 0.773923 0.773923
6318.541140 0.000000 1849.117543 0.000000 0.313160 0.000000 0.949700 0.987446 0.987446 0.987446
6679.069566 0.000000 1836.035068 0.000000 -0.982000 0.000000 0.188880 0.866195 0.866195 0.866195
6678.716669 0.000000 1831.886646 0.000000 -0.690227 0.000000 0.723593 0.846640 0.846640 0.846640
6696.305480 0.000000 1827.487868 0.000000 0.998398 0.000000 0.056587 0.986621 0.986621 0.986621
2490.800991 0.000000 1813.248501 0.000000 0.760948 0.000000 0.648812 0.830291 0.830291 0.830291
2502.398815 0.000000 1811.614376 0.000000 -0.978788 0.000000 0.204877 0.816597 0.816597 0.816597
5526.485670 0.000000 1799.728060 0.000000 -0.971142 0.000000 0.238503 0.921494 0.921494 0.921494
2496.616453 0.000000 1795.837024 0.000000 0.556200 0.000000 0.831049 0.868879 0.868879 0.868879
2508.143510 0.000000 1795.637935 0.000000 -0.682006 0.000000 0.731347 0.771215 0.771215 0.771215
6743.662695 0.000000 1777.612948 0.000000 0.860945 0.000000 0.508698 0.758068 0.758068 0.758068
6751.544592 0.000000 1777.606379 0.000000 -0.665619 0.000000 0.746291 0.719833 0.719833 0.719833
6968.766148 0.000000 1777.775015 0.000000 0.545832 0.000000 0.837894 0.794721 0.794721 0.794721
2934.718966 0.000000 1767.130414 0.000000 -0.711832 0.000000 0.702350 0.750289 0.750289 0.750289
5741.190410 0.000000 1754.242585 0.000000 0.986487 0.000000 0.163842 0.880510 0.880510 0.880510
5742.602494 0.000000 1754.859574 0.000000 0.977698 0.000000 0.210017 0.840280 0.840280 0.840280
5634.435623 0.000000 1749.889994 0.000000 -0.982494 0.000000 0.186296 0.894855 0.894855 0.894855
5760.641172 0.000000 1749.119559 0.000000 -0.980479 0.000000 0.196626 0.988496 0.988496 0.988496
7587.746228 0.000000 1749.405814 0.000000 0.998687 0.000000 0.051235 0.844964 0.844964 0.844964
5706.365745 0.000000 1742.977638 0.000000 -0.789195 0.000000 0.614142 0.996524 0.996524 0.996524
2538.422165 0.000000 1741.063800 0.000000 -0.964900 0.000000 0.262619 1.007237 1.007237 1.007237
5631.075122 0.000000 1741.070616 0.000000 0.204654 0.000000 0.978834 0.820730 0.820730 0.820730
5646.176174 0.000000 1741.550002 0.000000 -0.932444 0.000000 0.361314 0.993039 0.993039 0.993039
5698.835896 0.000000 1741.092132 0.000000 0.557972 0.000000 0.829860 0.788861 0.788861 0.788861
5706.023971 0.000000 1741.627748 0.000000 -0.667037 0.000000 0.745025 0.788569 0.788569 0.788569
5730.286294 0.000000 1741.553837 0.000000 -0.181670 0.000000 0.983360 1.007466 1.007466 1.007466
5754.037263 0.000000 1741.360697 0.000000 0.137321 0.000000 0.990527 0.823595 0.823595 0.823595
7586.695553 0.000000 1741.660602 0.000000 0.755152 0.000000 0.655550 0.832861 0.832861 0.832861
5652.621604 0.000000 1737.458096 0.000000 -0.908495 0.000000 0.417895 0.943875 0.943875 0.943875
2556.545084 0.000000 1731.303411 0.000000 -0.939935 0.000000 0.341354 0.910694 0.910694 0.910694
2545.423770 0.000000 1723.078483 0.000000 0.403001 0.000000 0.915199 0.756885 0.756885 0.756885
871.094030 0.000000 1716.735302 0.000000 0.999895 0.000000 0.014503 0.857439 0.857439 0.857439
1441.085191 0.000000 1705.600540 0.000000 0.980648 0.000000 0.195779 0.914406 0.914406 0.914406
1436.732023 0.000000 1704.335370 0.000000 0.884052 0.000000 0.467388 0.999310 0.999310 0.999310
1332.584144 0.000000 1703.438746 0.000000 0.984729 0.000000 0.174095 1.001738 1.001738 1.001738
1592.040558 0.000000 1703.961227 0.000000 0.990816 0.000000 0.135215 0.865323 0.865323 0.865323
1602.369112 0.000000 1702.957422 0.000000 -0.708580 0.000000 0.705631 0.789359 0.789359 0.789359
1581.617948 0.000000 1699.959330 0.000000 0.993153 0.000000 0.116818 0.921863 0.921863 0.921863
8970.049837 0.000000 1697.855045 0.000000 0.987740 0.000000 0.156105 0.927073 0.927073 0.927073
1285.669741 0.000000 1691.320034 0.000000 -0.998623 0.000000 0.052469 0.920677 0.920677 0.920677
911.601837 0.000000 1688.328358 0.000000 0.765397 0.000000 0.643558 0.786837 0.786837 0.786837
911.453635 0.000000 1687.367457 0.000000 0.740078 0.000000 0.672521 0.773746 0.773746 0.773746
1279.698522 0.000000 1687.782621 0.000000 0.863949 0.000000 0.503579 0.974759 0.974759 0.974759
8969.946154 0.000000 1687.571802 0.000000 0.345609 0.000000 0.938378 0.819395 0.819395 0.819395
1277.476673 0.000000 1685.624669 0.000000 0.880645 0.000000 0.473777 0.989182 0.989182 0.989182
1728.214089 0.000000 1675.829713 0.000000 0.956205 0.000000 0.292699 0.808399 0.808399 0.808399
6588.583061 0.000000 1674.369829 0.000000 -0.908682 0.000000 0.417489 0.862489 0.862489 0.862489
9089.898499 0.000000 1670.645531 0.000000 -0.436015 0.000000 0.899939 0.780074 0.780074 0.780074
924.761530 0.000000 1669.973834 0.000000 0.475289 0.000000 0.879830 0.942591 0.942591 0.942591
1729.891807 0.000000 1669.100665 0.000000 0.564920 0.000000 0.825145 0.943242 0.943242 0.943242
6587.538692 0.000000 1669.599675 0.000000 -0.681508 0.000000 0.731810 0.926583 0.926583 0.926583
6588.278764 0.000000 1669.707262 0.000000 -0.691821 0.000000 0.722069 0.945910 0.945910 0.945910
9089.680610 0.000000 1669.400596 0.000000 -0.584334 0.000000 0.811513 0.871355 0.871355 0.871355
1746.604704 0.000000 1658.576924 0.000000 -0.834760 0.000000 0.550613 0.783287 0.783287 0.783287
1737.543638 0.000000 1651.788444 0.000000 0.347767 0.000000 0.937581 0.884957 0.884957 0.884957
1749.401867 0.000000 1651.088090 0.000000 -0.796912 0.000000 0.604096 0.886347 0.886347 0.886347
7189.621150 0.000000 1637.537027 0.000000 0.997758 0.000000 -0.066932 1.000450 1.000450 1.000450
1243.404609 0.000000 1633.571324 0.000000 0.840003 0.000000 0.542582 0.859217 0.859217 0.859217
1714.453891 0.000000 1633.863948 0.000000 0.412346 0.000000 0.911027 0.977311 0.977311 0.977311
1753.630753 0.000000 1633.469339 0.000000 0.220275 0.000000 0.975438 0.990310 0.990310 0.990310
1241.515700 0.000000 1629.118204 0.000000 0.878566 0.000000 0.477621 0.810274 0.810274 0.810274
952.576704 0.000000 1625.084131 0.000000 0.999220 0.000000 0.039483 0.895731 0.895731 0.895731
954.907714 0.000000 1625.406835 0.000000 0.999058 0.000000 0.043391 0.969840 0.969840 0.969840
7682.766486 0.000000 1615.158144 0.000000 -0.575176 0.000000 0.818030 0.780004 0.780004 0.780004
5184.360715 0.000000 1613.542227 0.000000 0.997683 0.000000 0.068041 0.844299 0.844299 0.844299
1782.163621 0.000000 1607.542160 0.000000 -0.780320 0.000000 0.625381 0.894464 0.894464 0.894464
8896.525128 0.000000 1603.143837 0.000000 0.994917 0.000000 -0.100701 0.735908 0.735908 0.735908
8716.593242 0.000000 1596.394059 0.000000 0.982684 0.000000 0.185287 0.725824 0.725824 0.725824
8708.962049 0.000000 1593.418589 0.000000 0.930432 0.000000 0.366465 0.899906 0.899906 0.899906
8730.109153 0.000000 1590.411930 0.000000 -0.898086 0.000000 0.439819 0.998632 0.998632 0.998632
6012.184665 0.000000 1586.477443 0.000000 -0.947169 0.000000 0.320736 0.772834 0.772834 0.772834
8708.140820 0.000000 1579.745988 0.000000 0.541839 0.000000 0.840483 0.881677 0.881677 0.881677
8733.953385 0.000000 1579.198822 0.000000 -0.747970 0.000000 0.663733 0.775887 0.775887 0.775887
1024.809219 0.000000 1578.207930 0.000000 0.992754 0.000000 0.120161 0.926018 0.926018 0.926018
1026.002223 0.000000 1578.521672 0.000000 0.998618 0.000000 0.052552 0.937699 0.937699 0.937699
1133.467936 0.000000 1576.432505 0.000000 0.735903 0.000000 0.677087 1.003740 1.003740 1.003740
8712.602301 0.000000 1575.252836 0.000000 0.401284 0.000000 0.915954 0.955327 0.955327 0.955327
1044.750946 0.000000 1570.148514 0.000000 -0.707117 0.000000 0.707097 0.737578 0.737578 0.737578
6450.806482 0.000000 1570.129144 0.000000 -0.627905 0.000000 0.778290 0.767101 0.767101 0.767101
1012.256252 0.000000 1561.747282 0.000000 0.850133 0.000000 0.526567 0.982874 0.982874 0.982874
1033.045883 0.000000 1561.072306 0.000000 -0.455155 0.000000 0.890412 0.876143 0.876143 0.876143
5407.128206 0.000000 1525.462607 0.000000 0.679106 0.000000 0.734040 1.005898 1.005898 1.005898
8712.809419 0.000000 1524.558154 0.000000 0.951775 0.000000 0.306796 0.929571 0.929571 0.929571
8709.998964 0.000000 1517.651383 0.000000 0.822705 0.000000 0.568468 0.862346 0.862346 0.862346
7004.457952 0.000000 1507.336806 0.000000 0.817271 0.000000 0.576254 0.774470 0.774470 0.774470
6678.510304 0.000000 1505.271653 0.000000 0.999377 0.000000 0.035279 0.744688 0.744688 0.744688
6465.551234 0.000000 1490.931858 0.000000 -0.889743 0.000000 0.456463 0.745192 0.745192 0.745192
8234.931060 0.000000 1435.200810 0.000000 -0.348465 0.000000 0.937322 0.997006 0.997006 0.997006
2412.314721 0.000000 1417.405957 0.000000 0.208792 0.000000 0.977960 0.891742 0.891742 0.891742
2411.790166 0.000000 1416.401279 0.000000 0.252655 0.000000 0.967556 0.865884 0.865884 0.865884
8817.439390 0.000000 1401.522561 0.000000 0.944002 0.000000 0.329939 1.002108 1.002108 1.002108
8820.257402 0.000000 1401.930805 0.000000 0.993995 0.000000 0.109425 0.857124 0.857124 0.857124
8815.888528 0.000000 1399.971981 0.000000 0.924959 0.000000 0.380067 0.961614 0.961614 0.961614
5184.960487 0.000000 1394.493253 0.000000 -0.591147 0.000000 0.806564 0.903001 0.903001 0.903001
7029.827424 0.000000 1384.288082 0.000000 0.999967 0.000000 -0.008176 0.752360 0.752360 0.752360
7029.669843 0.000000 1381.734834 0.000000 0.993806 0.000000 0.111131 0.830347 0.830347 0.830347
8165.620987 0.000000 1372.452152 0.000000 0.999815 0.000000 0.019224 0.869772 0.869772 0.869772
7101.362123 0.000000 1371.666974 0.000000 -0.972551 0.000000 0.232691 0.810662 0.810662 0.810662
6269.823157 0.000000 1363.472083 0.000000 -0.339464 0.000000 0.940619 0.878674 0.878674 0.878674
8162.085967 0.000000 1363.922226 0.000000 0.105898 0.000000 0.994377 0.824341 0.824341 0.824341
9108.303599 0.000000 1362.413254 0.000000 -0.944582 0.000000 0.328275 0.997110 0.997110 0.997110
6262.935796 0.000000 1358.424780 0.000000 -0.221197 0.000000 0.975229 0.996542 0.996542 0.996542
6264.635529 0.000000 1314.769636 0.000000 -0.690807 0.000000 0.723039 0.796425 0.796425 0.796425
6264.032643 0.000000 1305.438922 0.000000 -0.692149 0.000000 0.721754 0.721423 0.721423 0.721423
5671.731097 0.000000 1296.282062 0.000000 0.986157 0.000000 0.165813 0.806266 0.806266 0.806266
5669.514045 0.000000 1291.578100 0.000000 0.900847 0.000000 0.434138 0.814946 0.814946 0.814946
5670.923277 0.000000 1291.034713 0.000000 0.926792 0.000000 0.375576 0.831227 0.831227 0.831227
6728.834818 0.000000 1290.522864 0.000000 0.907817 0.000000 0.419366 0.771969 0.771969 0.771969
7131.868564 0.000000 1255.317771 0.000000 0.840349 0.000000 0.542045 0.907878 0.907878 0.907878
7148.378959 0.000000 1255.829438 0.000000 -0.690391 0.000000 0.723436 0.815198 0.815198 0.815198
7127.902183 0.000000 1249.035454 0.000000 0.755267 0.000000 0.655418 0.835582 0.835582 0.835582
7145.653483 0.000000 1237.351134 0.000000 0.420847 0.000000 0.907131 0.993177 0.993177 0.993177
7146.870345 0.000000 1237.254436 0.000000 0.244943 0.000000 0.969537 0.906599 0.906599 0.906599
8125.920855 0.000000 1237.988451 0.000000 0.551780 0.000000 0.833990 0.869775 0.869775 0.869775
8136.878715 0.000000 1237.705756 0.000000 -0.412913 0.000000 0.910771 0.795457 0.795457 0.795457
3494.921103 0.000000 1225.885273 0.000000 -0.999980 0.000000 0.006333 0.917181 0.917181 0.917181
6418.194679 0.000000 1202.472396 0.000000 0.994348 0.000000 0.106170 0.755071 0.755071 0.755071
5899.012274 0.000000 1201.859147 0.000000 0.385388 0.000000 0.922755 0.888817 0.888817 0.888817
5904.191074 0.000000 1201.140442 0.000000 -0.127536 0.000000 0.991834 0.798499 0.798499 0.798499
6403.678169 0.000000 1201.899936 0.000000 -0.963911 0.000000 0.266224 0.820291 0.820291 0.820291
6415.281813 0.000000 1201.223649 0.000000 0.979891 0.000000 0.199534 0.749771 0.749771 0.749771
6829.227496 0.000000 1189.617744 0.000000 0.888866 0.000000 0.458166 0.920973 0.920973 0.920973
5171.245103 0.000000 1183.842701 0.000000 0.590934 0.000000 0.806720 0.919074 0.919074 0.919074
6268.669788 0.000000 1183.144439 0.000000 0.714914 0.000000 0.699213 0.805842 0.805842 0.805842
8176.126500 0.000000 1180.860317 0.000000 0.931652 0.000000 0.363352 0.734025 0.734025 0.734025
7685.269581 0.000000 1169.989713 0.000000 0.826139 0.000000 0.563466 0.822008 0.822008 0.822008
7682.439878 0.000000 1165.336997 0.000000 0.635581 0.000000 0.772035 0.835066 0.835066 0.835066
7690.516049 0.000000 1165.610607 0.000000 -0.350051 0.000000 0.936731 0.901718 0.901718 0.901718
8175.750792 0.000000 1165.392764 0.000000 0.602295 0.000000 0.798274 0.996319 0.996319 0.996319
3282.525934 0.000000 1159.729124 0.000000 0.969518 0.000000 0.245020 0.804808 0.804808 0.804808
6731.215895 0.000000 1159.160501 0.000000 0.880145 0.000000 0.474705 0.950597 0.950597 0.950597
6829.104281 0.000000 1150.396741 0.000000 0.994650 0.000000 -0.103306 0.799192 0.799192 0.799192
6732.790505 0.000000 1147.609961 0.000000 -0.203939 0.000000 0.978984 0.795024 0.795024 0.795024
5155.896594 0.000000 1142.352021 0.000000 0.999896 0.000000 0.014423 0.937376 0.937376 0.937376
6852.629627 0.000000 1131.487201 0.000000 0.995885 0.000000 -0.090623 0.871359 0.871359 0.871359
5068.530414 0.000000 1130.078288 0.000000 0.958922 0.000000 0.283671 0.728685 0.728685 0.728685
5068.586956 0.000000 1129.054109 0.000000 0.934765 0.000000 0.355266 0.858685 0.858685 0.858685
6752.495270 0.000000 1129.145146 0.000000 0.765009 0.000000 0.644020 0.898283 0.898283 0.898283
6851.586128 0.000000 1129.356456 0.000000 0.933295 0.000000 0.359111 0.960224 0.960224 0.960224
7364.323006 0.000000 1129.728773 0.000000 0.644095 0.000000 0.764945 0.832353 0.832353 0.832353
6749.832991 0.000000 1123.975832 0.000000 0.902100 0.000000 0.431527 0.846970 0.846970 0.846970
6954.788936 0.000000 1113.414498 0.000000 0.995644 0.000000 -0.093239 0.851296 0.851296 0.851296
8134.735982 0.000000 1093.859924 0.000000 0.819456 0.000000 0.573142 0.820875 0.820875 0.820875
8142.979574 0.000000 1093.051142 0.000000 -0.863235 0.000000 0.504802 0.903814 0.903814 0.903814
7919.921240 0.000000 1075.222190 0.000000 -0.910349 0.000000 0.413841 0.998457 0.998457 0.998457
7920.803729 0.000000 1075.456983 0.000000 -0.922422 0.000000 0.386183 0.745438 0.745438 0.745438
8113.833158 0.000000 1073.766330 0.000000 0.957730 0.000000 0.287668 0.852329 0.852329 0.852329
7253.832866 0.000000 1021.668804 0.000000 0.679484 0.000000 0.733690 0.722634 0.722634 0.722634
7254.589259 0.000000 1021.710820 0.000000 0.707324 0.000000 0.706890 0.719457 0.719457 0.719457
7356.842284 0.000000 1021.272678 0.000000 -0.937947 0.000000 0.346777 0.987792 0.987792 0.987792
8279.027460 0.000000 1014.306393 0.000000 0.718961 0.000000 0.695051 0.973075 0.973075 0.973075
8280.533950 0.000000 1014.897685 0.000000 0.682943 0.000000 0.730472 0.968303 0.968303 0.968303
8417.762021 0.000000 1003.422861 0.000000 0.576281 0.000000 0.817252 0.786558 0.786558 0.786558
8340.337002 0.000000 966.819574 0.000000 0.995167 0.000000 0.098202 0.951517 0.951517 0.951517
8333.032048 0.000000 964.166048 0.000000 0.994200 0.000000 0.107547 1.000043 1.000043 1.000043
7452.733709 0.000000 949.973890 0.000000 0.979322 0.000000 0.202309 0.794803 0.794803 0.794803
8332.824234 0.000000 949.806801 0.000000 0.380377 0.000000 0.924832 0.923527 0.923527 0.923527
8334.898754 0.000000 949.249351 0.000000 0.357704 0.000000 0.933835 0.992581 0.992581 0.992581
8353.519114 0.000000 949.070752 0.000000 0.187021 0.000000 0.982356 0.819236 0.819236 0.819236
7450.415212 0.000000 948.937458 0.000000 0.957857 0.000000 0.287246 0.784963 0.784963 0.784963
8315.658164 0.000000 941.448798 0.000000 0.662884 0.000000 0.748722 0.868627 0.868627 0.868627
8105.800015 0.000000 937.077848 0.000000 0.918976 0.000000 0.394314 0.771440 0.771440 0.771440
7501.766315 0.000000 931.407745 0.000000 -0.503587 0.000000 0.863944 0.905085 0.905085 0.905085
8102.536751 0.000000 931.108462 0.000000 0.687274 0.000000 0.726398 0.839938 0.839938 0.839938
8118.918705 0.000000 930.990746 0.000000 -0.685957 0.000000 0.727642 0.810529 0.810529 0.810529
8089.123374 0.000000 929.026414 0.000000 -0.999302 0.000000 0.037366 0.956128 0.956128 0.956128
8136.814058 0.000000 926.247945 0.000000 0.946652 0.000000 0.322258 0.997270 0.997270 0.997270
8097.530007 0.000000 913.483792 0.000000 0.255553 0.000000 0.966795 0.781711 0.781711 0.781711
8107.501171 0.000000 913.930749 0.000000 -0.295568 0.000000 0.955322 0.853608 0.853608 0.853608
8122.595147 0.000000 913.498014 0.000000 0.259174 0.000000 0.965831 0.885536 0.885536 0.885536
8139.673566 0.000000 913.160251 0.000000 -0.622700 0.000000 0.782461 0.888088 0.888088 0.888088
8316.563083 0.000000 913.069767 0.000000 0.997520 0.000000 0.070388 0.883611 0.883611 0.883611
8344.356626 0.000000 913.681437 0.000000 -0.614274 0.000000 0.789093 0.796186 0.796186 0.796186
8218.889066 0.000000 904.045495 0.000000 0.969186 0.000000 0.246328 0.951006 0.951006 0.951006
8226.491365 0.000000 904.985113 0.000000 -0.976892 0.000000 0.213731 0.774134 0.774134 0.774134
7430.243544 0.000000 900.012593 0.000000 0.974385 0.000000 0.224886 0.952657 0.952657 0.952657
7434.238101 0.000000 900.078178 0.000000 -0.963989 0.000000 0.265941 0.890828 0.890828 0.890828
8250.835192 0.000000 896.340934 0.000000 0.997657 0.000000 0.068410 0.786516 0.786516 0.786516
3540.370061 0.000000 895.851510 0.000000 0.227064 0.000000 0.973880 0.858523 0.858523 0.858523
5287.370284 0.000000 895.386439 0.000000 0.937652 0.000000 0.347574 0.791144 0.791144 0.791144
8129.732729 0.000000 895.440006 0.000000 1.000000 0.000000 -0.000243 0.831508 0.831508 0.831508
8144.878726 0.000000 895.402439 0.000000 0.997305 0.000000 0.073368 0.960192 0.960192 0.960192
8218.800010 0.000000 895.131022 0.000000 0.545365 0.000000 0.838199 0.826459 0.826459 0.826459
8232.411514 0.000000 895.337200 0.000000 -0.662219 0.000000 0.749311 0.950896 0.950896 0.950896
8250.159643 0.000000 895.493270 0.000000 0.997766 0.000000 -0.066806 0.894588 0.894588 0.894588
5292.319803 0.000000 894.218282 0.000000 -0.999173 0.000000 0.040663 0.767288 0.767288 0.767288
8205.873015 0.000000 893.424790 0.000000 0.985897 0.000000 0.167356 0.814466 0.814466 0.814466
5144.894300 0.000000 879.683355 0.000000 0.809257 0.000000 0.587455 0.861187 0.861187 0.861187
8111.953275 0.000000 879.530475 0.000000 0.991173 0.000000 0.132577 0.769142 0.769142 0.769142
5144.478547 0.000000 877.117785 0.000000 0.783689 0.000000 0.621154 0.808285 0.808285 0.808285
8208.382999 0.000000 877.818933 0.000000 -0.012225 0.000000 0.999925 0.964670 0.964670 0.964670
8228.327344 0.000000 877.635137 0.000000 0.649036 0.000000 0.760757 0.862773 0.862773 0.862773
5148.349080 0.000000 874.636275 0.000000 0.399015 0.000000 0.916944 0.879293 0.879293 0.879293
8136.397545 0.000000 870.105744 0.000000 -0.892852 0.000000 0.450350 0.975426 0.975426 0.975426
8099.692837 0.000000 863.793841 0.000000 0.696008 0.000000 0.718034 0.972507 0.972507 0.972507
7543.078944 0.000000 859.075099 0.000000 0.554599 0.000000 0.832117 0.843782 0.843782 0.843782
8098.316526 0.000000 859.747179 0.000000 0.729659 0.000000 0.683811 0.895015 0.895015 0.895015
8100.515918 0.000000 859.430403 0.000000 0.539357 0.000000 0.842077 0.976986 0.976986 0.976986
8136.591193 0.000000 859.068019 0.000000 -0.527544 0.000000 0.849528 0.951181 0.951181 0.951181
7533.922692 0.000000 857.450758 0.000000 0.999913 0.000000 0.013188 0.818463 0.818463 0.818463
8104.159589 0.000000 841.705440 0.000000 0.559450 0.000000 0.828864 0.871421 0.871421 0.871421
7361.085812 0.000000 835.392289 0.000000 0.924169 0.000000 0.381984 0.979733 0.979733 0.979733
4593.362340 0.000000 823.511844 0.000000 0.090674 0.000000 0.995881 0.770435 0.770435 0.770435
7356.283794 0.000000 823.745763 0.000000 0.642470 0.000000 0.766311 0.886303 0.886303 0.886303
7384.354361 0.000000 805.300140 0.000000 0.757844 0.000000 0.652436 0.873291 0.873291 0.873291
8439.715538 0.000000 771.490692 0.000000 0.888655 0.000000 0.458576 0.842420 0.842420 0.842420
8442.350643 0.000000 771.918733 0.000000 0.979879 0.000000 0.199593 0.714735 0.714735 0.714735
8439.935677 0.000000 769.930072 0.000000 0.823655 0.000000 0.567092 0.999241 0.999241 0.999241
8445.112394 0.000000 769.351486 0.000000 -0.995282 0.000000 0.097029 0.924374 0.924374 0.924374
8460.637291 0.000000 765.975366 0.000000 -0.935229 0.000000 0.354043 0.900931 0.900931 0.900931
8408.954798 0.000000 760.970423 0.000000 0.877384 0.000000 0.479789 0.975030 0.975030 0.975030
5226.757272 0.000000 759.347044 0.000000 0.919077 0.000000 0.394079 0.914611 0.914611 0.914611
5229.363660 0.000000 751.455735 0.000000 0.554540 0.000000 0.832157 0.752762 0.752762 0.752762
7475.407554 0.000000 751.476214 0.000000 0.594187 0.000000 0.804327 0.726496 0.726496 0.726496
8408.039192 0.000000 751.750003 0.000000 0.705135 0.000000 0.709073 0.958839 0.958839 0.958839
8462.109084 0.000000 751.623242 0.000000 -0.849819 0.000000 0.527075 0.955255 0.955255 0.955255
5238.989570 0.000000 743.217502 0.000000 0.245701 0.000000 0.969346 0.897060 0.897060 0.897060
8379.042186 0.000000 739.713160 0.000000 0.953428 0.000000 0.301621 0.989582 0.989582 0.989582
8388.115430 0.000000 736.166908 0.000000 -0.993970 0.000000 0.109654 0.879928 0.879928 0.879928
8128.990925 0.000000 733.510792 0.000000 0.727839 0.000000 0.685748 0.969630 0.969630 0.969630
8367.475689 0.000000 733.650515 0.000000 0.996238 0.000000 0.086663 0.792798 0.792798 0.792798
8370.540638 0.000000 733.549283 0.000000 0.999901 0.000000 0.014040 0.931564 0.931564 0.931564
8393.997035 0.000000 733.901387 0.000000 -0.937737 0.000000 0.347345 0.957609 0.957609 0.957609
8081.019174 0.000000 728.766152 0.000000 0.974792 0.000000 0.223117 0.757081 0.757081 0.757081
5551.279823 0.000000 719.161679 0.000000 0.988201 0.000000 0.153165 0.971111 0.971111 0.971111
8076.257379 0.000000 715.608723 0.000000 0.228897 0.000000 0.973451 0.962822 0.962822 0.962822
8350.409541 0.000000 679.541931 0.000000 0.790095 0.000000 0.612984 0.941662 0.941662 0.941662
8363.342903 0.000000 679.988909 0.000000 -0.596401 0.000000 0.802687 0.737172 0.737172 0.737172
6296.690058 0.000000 678.639104 0.000000 0.999816 0.000000 -0.019186 0.729068 0.729068 0.729068
8124.466941 0.000000 643.239815 0.000000 0.031368 0.000000 0.999508 0.771435 0.771435 0.771435
8456.086548 0.000000 639.377376 0.000000 0.999991 0.000000 -0.004229 0.835717 0.835717 0.835717
8550.951619 0.000000 638.840724 0.000000 0.998800 0.000000 0.048982 0.869536 0.869536 0.869536
8461.447670 0.000000 627.457447 0.000000 0.999447 0.000000 -0.033255 0.917604 0.917604 0.917604
8487.748816 0.000000 626.451231 0.000000 0.996865 0.000000 0.079126 0.723545 0.723545 0.723545
8434.166190 0.000000 625.809915 0.000000 0.441221 0.000000 0.897398 0.817976 0.817976 0.817976
8457.516860 0.000000 625.169774 0.000000 0.848161 0.000000 0.529738 0.813413 0.813413 0.813413
8464.710286 0.000000 625.864255 0.000000 -0.877320 0.000000 0.479907 0.995480 0.995480 0.995480
8487.265865 0.000000 625.508685 0.000000 0.999992 0.000000 0.004077 0.723706 0.723706 0.723706
8214.889842 0.000000 617.159471 0.000000 0.971391 0.000000 0.237485 0.820148 0.820148 0.820148
8202.432576 0.000000 615.631937 0.000000 0.987928 0.000000 0.154911 0.879115 0.879115 0.879115
8399.412260 0.000000 610.943741 0.000000 0.985310 0.000000 0.170777 0.820064 0.820064 0.820064
8195.182518 0.000000 607.362537 0.000000 0.869003 0.000000 0.494808 0.836588 0.836588 0.836588
8220.056331 0.000000 607.077410 0.000000 -0.537304 0.000000 0.843389 0.720635 0.720635 0.720635
8398.161795 0.000000 607.672555 0.000000 0.760864 0.000000 0.648911 0.759315 0.759315 0.759315
8406.974155 0.000000 607.657577 0.000000 -0.967558 0.000000 0.252649 0.919198 0.919198 0.919198
9027.803000 0.000000 573.770118 0.000000 0.971382 0.000000 0.237521 0.877274 0.877274 0.877274
7589.322427 0.000000 571.463211 0.000000 -0.678643 0.000000 0.734468 0.978786 0.978786 0.978786
8987.878689 0.000000 568.061835 0.000000 0.998055 0.000000 0.062344 0.976713 0.976713 0.976713
8946.997758 0.000000 566.613304 0.000000 0.995424 0.000000 0.095556 0.963698 0.963698 0.963698
8943.382204 0.000000 565.914211 0.000000 0.979770 0.000000 0.200128 1.004766 1.004766 1.004766
8107.982286 0.000000 557.260447 0.000000 0.924977 0.000000 0.380022 0.885810 0.885810 0.885810
9100.223164 0.000000 557.287778 0.000000 0.999927 0.000000 -0.012067 0.734678 0.734678 0.734678
9111.350359 0.000000 555.513114 0.000000 0.999395 0.000000 0.034783 0.786498 0.786498 0.786498
9072.054345 0.000000 554.826966 0.000000 0.999390 0.000000 -0.034915 0.964031 0.964031 0.964031
6268.156403 0.000000 553.335286 0.000000 0.998593 0.000000 -0.053022 0.977905 0.977905 0.977905
8919.147050 0.000000 548.697810 0.000000 0.993088 0.000000 0.117370 0.974770 0.974770 0.974770
8054.088330 0.000000 543.473866 0.000000 0.999902 0.000000 0.014001 0.926358 0.926358 0.926358
8067.314910 0.000000 537.877732 0.000000 0.992214 0.000000 0.124544 0.813058 0.813058 0.813058
8062.722909 0.000000 535.929195 0.000000 0.929230 0.000000 0.369503 0.887812 0.887812 0.887812
8064.083801 0.000000 535.165820 0.000000 0.937889 0.000000 0.346936 0.818470 0.818470 0.818470
8032.704405 0.000000 528.838357 0.000000 0.999316 0.000000 0.036980 0.776646 0.776646 0.776646
8027.363980 0.000000 525.993119 0.000000 0.938864 0.000000 0.344287 0.782339 0.782339 0.782339
7578.378539 0.000000 522.699947 0.000000 -0.916240 0.000000 0.400630 0.837444 0.837444 0.837444
7578.582245 0.000000 517.108929 0.000000 -0.573954 0.000000 0.818888 0.885602 0.885602 0.885602
8028.709077 0.000000 517.430618 0.000000 0.196480 0.000000 0.980508 0.870533 0.870533 0.870533
8121.259854 0.000000 517.325984 0.000000 0.675035 0.000000 0.737786 0.736328 0.736328 0.736328
8875.677402 0.000000 503.224799 0.000000 0.984526 0.000000 0.175241 0.832689 0.832689 0.832689
8875.433361 0.000000 499.505877 0.000000 0.794968 0.000000 0.606651 0.809929 0.809929 0.809929
8087.073641 0.000000 496.412643 0.000000 0.806606 0.000000 0.591090 0.721386 0.721386 0.721386
8430.332712 0.000000 493.204389 0.000000 0.919532 0.000000 0.393014 1.004416 1.004416 1.004416
9172.284405 0.000000 481.952833 0.000000 -0.451075 0.000000 0.892486 0.755153 0.755153 0.755153
8442.183866 0.000000 441.851459 0.000000 0.362991 0.000000 0.931793 0.881371 0.881371 0.881371
3042.453435 0.000000 409.063991 0.000000 0.378357 0.000000 0.925660 0.938793 0.938793 0.938793
5266.191698 0.000000 391.007535 0.000000 0.484923 0.000000 0.874557 0.842020 0.842020 0.842020
8864.915749 0.000000 379.952597 0.000000 0.970821 0.000000 0.239803 0.915625 0.915625 0.915625
8862.102379 0.000000 373.755245 0.000000 0.822281 0.000000 0.569082 0.725273 0.725273 0.725273
7541.659882 0.000000 368.154864 0.000000 0.990806 0.000000 0.135290 0.773769 0.773769 0.773769
7771.311098 0.000000 355.624702 0.000000 0.503221 0.000000 0.864158 0.955457 0.955457 0.955457
7778.906678 0.000000 355.014201 0.000000 -0.720711 0.000000 0.693235 0.928801 0.928801 0.928801
9161.607541 0.000000 355.686073 0.000000 0.373994 0.000000 0.927431 0.741676 0.741676 0.741676
9174.864828 0.000000 355.210260 0.000000 -0.515036 0.000000 0.857169 0.848797 0.848797 0.848797
7308.638267 0.000000 343.287617 0.000000 -0.910841 0.000000 0.412758 0.928200 0.928200 0.928200
7313.007056 0.000000 337.132986 0.000000 -0.935898 0.000000 0.352272 0.727405 0.727405 0.727405
5607.732688 0.000000 319.758103 0.000000 -0.753090 0.000000 0.657917 0.873696 0.873696 0.873696
8862.601773 0.000000 285.680522 0.000000 0.818083 0.000000 0.575101 0.714091 0.714091 0.714091
8862.701130 0.000000 283.413982 0.000000 0.784261 0.000000 0.620431 0.801577 0.801577 0.801577
8379.894430 0.000000 269.719424 0.000000 0.992017 0.000000 0.126107 0.826782 0.826782 0.826782
7385.952358 0.000000 265.679034 0.000000 0.888216 0.000000 0.459427 0.731978 0.731978 0.731978
9144.155115 0.000000 260.160737 0.000000 -0.845265 0.000000 0.534347 0.924043 0.924043 0.924043
7293.977224 0.000000 240.320337 0.000000 0.994314 0.000000 0.106491 0.784297 0.784297 0.784297
8675.603134 0.000000 216.231020 0.000000 0.985946 0.000000 0.167063 0.956706 0.956706 0.956706
8676.521688 0.000000 216.007174 0.000000 0.983131 0.000000 0.182901 0.736647 0.736647 0.736647
6480.547123 0.000000 213.739446 0.000000 -0.961750 0.000000 0.273928 1.007305 1.007305 1.007305
6484.293700 0.000000 211.268640 0.000000 -0.929016 0.000000 0.370040 0.874240 0.874240 0.874240
8672.093355 0.000000 211.292221 0.000000 0.777044 0.000000 0.629446 0.884625 0.884625 0.884625
8676.471251 0.000000 201.104133 0.000000 0.318985 0.000000 0.947760 0.813678 0.813678 0.813678
9081.192869 0.000000 193.042721 0.000000 0.282614 0.000000 0.959234 0.839433 0.839433 0.839433
6444.081990 0.000000 179.281408 0.000000 -0.925392 0.000000 0.379011 0.929374 0.929374 0.929374
6446.825476 0.000000 175.696227 0.000000 -0.892327 0.000000 0.451390 0.890606 0.890606 0.890606
6696.158365 0.000000 143.302192 0.000000 -0.962450 0.000000 0.271460 0.931757 0.931757 0.931757
6689.786466 0.000000 139.388442 0.000000 0.228992 0.000000 0.973428 0.818981 0.818981 0.818981
7045.894543 0.000000 130.301967 0.000000 0.958025 0.000000 0.286685 0.910510 0.910510 0.910510
6587.933996 0.000000 126.776140 0.000000 0.998250 0.000000 0.059137 0.733822 0.733822 0.733822
6588.770815 0.000000 126.675764 0.000000 0.987867 0.000000 0.155305 0.797001 0.797001 0.797001
8692.290214 0.000000 75.890726 0.000000 0.940292 0.000000 0.340368 0.919902 0.919902 0.919902
8806.394943 0.000000 68.224255 0.000000 0.936982 0.000000 0.349377 0.863841 0.863841 0.863841
8687.737216 0.000000 67.207462 0.000000 0.650912 0.000000 0.759153 0.846050 0.846050 0.846050
8704.492585 0.000000 67.273410 0.000000 -0.480732 0.000000 0.876867 0.801849 0.801849 0.801849
8736.360821 0.000000 49.655234 0.000000 0.197870 0.000000 0.980228 0.831206 0.831206 0.831206
"}
object={
	name="env_coast_foam_l"
	render_pass=MapUnderWater
	clamp_to_water_level=yes
	generated_content=no
	layer="coast_foam_layer"
	entity="env_coast_foam_l"
	count=622
	transform="9330.005457 0.000000 6655.342454 0.000000 0.998043 0.000000 0.062537 1.060093 1.060093 1.060093
9331.434014 0.000000 6566.546294 0.000000 0.999998 0.000000 0.001938 1.101308 1.101308 1.101308
9330.247792 0.000000 6565.419420 0.000000 0.979236 0.000000 0.202725 0.873426 0.873426 0.873426
12563.869234 0.000000 6561.817573 0.000000 0.996682 0.000000 -0.081388 0.867996 0.867996 0.867996
12564.656442 0.000000 6561.637215 0.000000 0.999966 0.000000 -0.008253 1.083520 1.083520 1.083520
11805.789111 0.000000 6511.060058 0.000000 0.999706 0.000000 -0.024230 1.141614 1.141614 1.141614
762.167617 0.000000 6417.580167 0.000000 -0.978752 0.000000 0.205045 1.145018 1.145018 1.145018
755.224364 0.000000 6415.913962 0.000000 0.961537 0.000000 0.274674 1.063525 1.063525 1.063525
740.499514 0.000000 6398.440945 0.000000 0.996969 0.000000 -0.077800 1.112170 1.112170 1.112170
753.574985 0.000000 6342.066406 0.000000 0.936178 0.000000 0.351527 0.932529 0.932529 0.932529
9337.278676 0.000000 6298.451721 0.000000 0.999111 0.000000 0.042154 1.135639 1.135639 1.135639
9336.952599 0.000000 6295.910036 0.000000 0.998708 0.000000 -0.050810 0.964263 0.964263 0.964263
630.297769 0.000000 6282.467734 0.000000 0.997702 0.000000 0.067752 0.930327 0.930327 0.930327
629.459073 0.000000 6281.169125 0.000000 0.954480 0.000000 0.298275 0.979905 0.979905 0.979905
627.953495 0.000000 6277.265994 0.000000 0.597063 0.000000 0.802194 0.883729 0.883729 0.883729
635.887134 0.000000 6277.999804 0.000000 -0.556945 0.000000 0.830549 1.050469 1.050469 1.050469
5071.774162 0.000000 6182.194800 0.000000 0.725625 0.000000 0.688091 1.166560 1.166560 1.166560
5076.025184 0.000000 6182.214756 0.000000 0.735514 0.000000 0.677509 1.152536 1.152536 1.152536
5100.695079 0.000000 6173.794400 0.000000 0.997980 0.000000 -0.063535 1.076697 1.076697 1.076697
5100.302247 0.000000 6169.252059 0.000000 0.999318 0.000000 -0.036929 0.985236 0.985236 0.985236
5112.089454 0.000000 6164.115360 0.000000 -0.990745 0.000000 0.135739 1.140451 1.140451 1.140451
9332.038849 0.000000 6096.676009 0.000000 1.000000 0.000000 0.000730 0.859966 0.859966 0.859966
871.158774 0.000000 6067.825319 0.000000 0.944615 0.000000 0.328181 1.016827 1.016827 1.016827
872.009724 0.000000 6061.721655 0.000000 0.393254 0.000000 0.919430 1.012084 1.012084 1.012084
761.248024 0.000000 6014.691506 0.000000 0.948095 0.000000 0.317989 1.056334 1.056334 1.056334
759.552699 0.000000 6007.041517 0.000000 0.363676 0.000000 0.931526 1.166429 1.166429 1.166429
5157.400041 0.000000 5989.568200 0.000000 0.611216 0.000000 0.791464 0.894293 0.894293 0.894293
9330.977617 0.000000 5973.968356 0.000000 0.999106 0.000000 -0.042283 1.194629 1.194629 1.194629
5172.156413 0.000000 5971.726101 0.000000 0.804944 0.000000 0.593351 1.045907 1.045907 1.045907
9330.802190 0.000000 5971.287305 0.000000 0.999940 0.000000 -0.010942 0.984700 0.984700 0.984700
9337.668857 0.000000 5831.519010 0.000000 0.998569 0.000000 -0.053473 1.165033 1.165033 1.165033
9336.404399 0.000000 5827.540273 0.000000 0.999786 0.000000 0.020688 1.197558 1.197558 1.197558
9330.634318 0.000000 5743.526480 0.000000 0.895223 0.000000 0.445618 1.047716 1.047716 1.047716
9331.813046 0.000000 5737.831481 0.000000 0.143200 0.000000 0.989694 1.106060 1.106060 1.106060
9337.806593 0.000000 5666.118159 0.000000 0.999918 0.000000 0.012845 1.129515 1.129515 1.129515
9336.388330 0.000000 5665.463560 0.000000 1.000000 0.000000 -0.000003 1.002114 1.002114 1.002114
10492.293289 0.000000 5554.630719 0.000000 0.996407 0.000000 0.084700 0.907979 0.907979 0.907979
10494.032179 0.000000 5554.499315 0.000000 0.998981 0.000000 -0.045126 0.941977 0.941977 0.941977
4304.097904 0.000000 5507.529210 0.000000 0.700626 0.000000 0.713529 0.916253 0.916253 0.916253
4306.929822 0.000000 5503.541658 0.000000 0.710899 0.000000 0.703294 0.927310 0.927310 0.927310
4320.329237 0.000000 5503.444388 0.000000 -0.997787 0.000000 0.066497 0.965304 0.965304 0.965304
10541.891191 0.000000 5501.035868 0.000000 0.997204 0.000000 0.074732 1.094105 1.094105 1.094105
4194.980787 0.000000 5494.448342 0.000000 -0.695874 0.000000 0.718164 0.940528 0.940528 0.940528
4410.139470 0.000000 5489.578307 0.000000 -0.687530 0.000000 0.726156 1.150959 1.150959 1.150959
4351.037646 0.000000 5488.019777 0.000000 0.583214 0.000000 0.812319 1.094665 1.094665 1.094665
4356.975391 0.000000 5487.908596 0.000000 -0.921970 0.000000 0.387262 0.923603 0.923603 0.923603
4353.776864 0.000000 5485.025481 0.000000 0.612049 0.000000 0.790820 0.958575 0.958575 0.958575
4358.148427 0.000000 5485.504922 0.000000 -0.714218 0.000000 0.699923 0.986774 0.986774 0.986774
4403.613752 0.000000 5485.710649 0.000000 0.543209 0.000000 0.839598 0.850634 0.850634 0.850634
4410.146985 0.000000 5485.550192 0.000000 -0.599453 0.000000 0.800410 0.868263 0.868263 0.868263
4374.418139 0.000000 5472.770358 0.000000 -0.625604 0.000000 0.780141 0.878475 0.878475 0.878475
4384.184020 0.000000 5457.839390 0.000000 0.957819 0.000000 0.287374 0.880519 0.880519 0.880519
4392.583999 0.000000 5452.592212 0.000000 -0.997799 0.000000 0.066310 1.114042 1.114042 1.114042
4388.561805 0.000000 5449.246232 0.000000 0.596876 0.000000 0.802334 1.163104 1.163104 1.163104
4394.572220 0.000000 5449.033151 0.000000 -0.932803 0.000000 0.360387 0.948696 0.948696 0.948696
4400.928932 0.000000 5431.515499 0.000000 0.456147 0.000000 0.889905 0.856829 0.856829 0.856829
4410.500880 0.000000 5428.370761 0.000000 -0.607162 0.000000 0.794578 0.941831 0.941831 0.941831
2089.531767 0.000000 5413.884904 0.000000 0.160071 0.000000 0.987105 1.067276 1.067276 1.067276
4447.731489 0.000000 5413.579811 0.000000 0.758318 0.000000 0.651885 1.058507 1.058507 1.058507
6139.320617 0.000000 5410.012332 0.000000 0.997676 0.000000 0.068132 0.956027 0.956027 0.956027
3571.860506 0.000000 5409.857577 0.000000 0.999262 0.000000 -0.038407 1.020299 1.020299 1.020299
2076.391933 0.000000 5400.712142 0.000000 0.999720 0.000000 -0.023648 1.012566 1.012566 1.012566
9332.669122 0.000000 5400.960451 0.000000 0.999368 0.000000 -0.035544 1.141702 1.141702 1.141702
5016.010696 0.000000 5398.663424 0.000000 0.998666 0.000000 -0.051638 1.160238 1.160238 1.160238
3561.390892 0.000000 5397.426455 0.000000 0.706779 0.000000 0.707434 0.870299 0.870299 0.870299
3559.513026 0.000000 5395.745487 0.000000 0.999425 0.000000 0.033899 1.160418 1.160418 1.160418
6138.129026 0.000000 5395.386707 0.000000 -0.444329 0.000000 0.895864 0.899256 0.899256 0.899256
2066.599325 0.000000 5390.423772 0.000000 -0.956121 0.000000 0.292973 1.059897 1.059897 1.059897
2055.281329 0.000000 5377.862897 0.000000 0.953465 0.000000 0.301503 0.949417 0.949417 0.949417
2051.591484 0.000000 5371.023941 0.000000 0.384894 0.000000 0.922961 1.121723 1.121723 1.121723
2026.940735 0.000000 5347.225403 0.000000 0.993032 0.000000 0.117846 1.181647 1.181647 1.181647
4584.341945 0.000000 5342.616661 0.000000 0.999761 0.000000 -0.021849 1.127934 1.127934 1.127934
2022.672509 0.000000 5341.745622 0.000000 0.434161 0.000000 0.900835 0.959590 0.959590 0.959590
2830.804050 0.000000 5341.020298 0.000000 0.706525 0.000000 0.707688 0.863121 0.863121 0.863121
4584.506772 0.000000 5341.132087 0.000000 0.999751 0.000000 0.022315 1.066425 1.066425 1.066425
6602.897697 0.000000 5341.254372 0.000000 0.197340 0.000000 0.980335 1.111078 1.111078 1.111078
2013.355032 0.000000 5334.747757 0.000000 0.909669 0.000000 0.415333 0.936150 0.936150 0.936150
4586.048394 0.000000 5323.540177 0.000000 0.053220 0.000000 0.998583 0.938203 0.938203 0.938203
4728.404108 0.000000 5321.065309 0.000000 0.964135 0.000000 0.265413 1.072791 1.072791 1.072791
4734.123734 0.000000 5318.992941 0.000000 -0.952057 0.000000 0.305920 0.851954 0.851954 0.851954
4590.050857 0.000000 5317.398536 0.000000 0.998728 0.000000 0.050422 0.896582 0.896582 0.896582
2794.193130 0.000000 5315.044745 0.000000 -0.980512 0.000000 0.196458 0.935056 0.935056 0.935056
2962.729168 0.000000 5315.987465 0.000000 0.889440 0.000000 0.457052 0.991104 0.991104 0.991104
3100.954446 0.000000 5305.725577 0.000000 0.657138 0.000000 0.753771 0.951696 0.951696 0.951696
6003.440833 0.000000 5305.305093 0.000000 -0.120216 0.000000 0.992748 0.963408 0.963408 0.963408
4597.260778 0.000000 5302.540612 0.000000 0.854455 0.000000 0.519525 0.923535 0.923535 0.923535
9331.496291 0.000000 5300.558105 0.000000 0.999138 0.000000 0.041515 1.154766 1.154766 1.154766
4608.338285 0.000000 5299.371763 0.000000 -0.974489 0.000000 0.224434 1.154922 1.154922 1.154922
3066.507430 0.000000 5287.000596 0.000000 -0.714042 0.000000 0.700103 0.970579 0.970579 0.970579
4613.605750 0.000000 5287.264654 0.000000 0.175847 0.000000 0.984417 0.890403 0.890403 0.890403
1968.243595 0.000000 5275.622734 0.000000 0.999782 0.000000 0.020900 1.052104 1.052104 1.052104
4593.208212 0.000000 5248.326785 0.000000 0.973388 0.000000 0.229164 1.157569 1.157569 1.157569
4588.842784 0.000000 5245.242177 0.000000 0.925025 0.000000 0.379905 0.929396 0.929396 0.929396
4788.647587 0.000000 5228.759180 0.000000 0.868338 0.000000 0.495973 0.868492 0.868492 0.868492
6655.910081 0.000000 5225.198380 0.000000 0.902885 0.000000 0.429883 1.067725 1.067725 1.067725
6660.623894 0.000000 5224.112794 0.000000 -0.998996 0.000000 0.044789 1.029394 1.029394 1.029394
3725.035793 0.000000 5222.426956 0.000000 0.999936 0.000000 0.011302 0.971475 0.971475 0.971475
3726.525042 0.000000 5222.747803 0.000000 0.984603 0.000000 0.174808 0.924868 0.924868 0.924868
6661.361261 0.000000 5215.234624 0.000000 0.087544 0.000000 0.996161 1.197058 1.197058 1.197058
10584.200366 0.000000 5211.819455 0.000000 0.999893 0.000000 -0.014630 1.045816 1.045816 1.045816
9335.993327 0.000000 5186.687965 0.000000 0.999955 0.000000 -0.009531 1.007121 1.007121 1.007121
4715.536936 0.000000 5183.186673 0.000000 0.933823 0.000000 0.357735 1.092654 1.092654 1.092654
4716.476656 0.000000 5183.502014 0.000000 0.988090 0.000000 0.153876 1.140153 1.140153 1.140153
3350.467548 0.000000 5179.576905 0.000000 0.999382 0.000000 -0.035140 1.147065 1.147065 1.147065
4711.917930 0.000000 5179.780621 0.000000 0.688917 0.000000 0.724840 1.127815 1.127815 1.127815
4717.878030 0.000000 5179.820485 0.000000 0.729269 0.000000 0.684227 0.886917 0.886917 0.886917
4734.194208 0.000000 5176.800186 0.000000 0.651290 0.000000 0.758829 0.923347 0.923347 0.923347
5147.634453 0.000000 5174.092739 0.000000 0.991230 0.000000 0.132152 0.850999 0.850999 0.850999
5148.153792 0.000000 5174.341964 0.000000 0.998190 0.000000 -0.060147 1.195821 1.195821 1.195821
4660.660918 0.000000 5166.673391 0.000000 0.999155 0.000000 -0.041096 0.914112 0.914112 0.914112
4662.377888 0.000000 5166.000050 0.000000 1.000000 0.000000 -0.000504 0.896701 0.896701 0.896701
4656.818337 0.000000 5161.041447 0.000000 0.930158 0.000000 0.367159 1.080203 1.080203 1.080203
4662.282847 0.000000 5161.152588 0.000000 -0.908280 0.000000 0.418363 1.086661 1.086661 1.086661
4639.327956 0.000000 5152.080801 0.000000 0.995567 0.000000 0.094058 1.178163 1.178163 1.178163
5524.743020 0.000000 5140.031950 0.000000 0.846566 0.000000 0.532284 0.995575 0.995575 0.995575
5201.999485 0.000000 5126.401158 0.000000 0.985744 0.000000 0.168251 0.860719 0.860719 0.860719
5202.899495 0.000000 5126.626291 0.000000 0.987273 0.000000 0.159035 1.006138 1.006138 1.006138
5201.597738 0.000000 5125.761076 0.000000 0.915008 0.000000 0.403436 0.940737 0.940737 0.940737
5478.083856 0.000000 5124.208685 0.000000 0.960602 0.000000 0.277927 1.146302 1.146302 1.146302
5490.057020 0.000000 5117.875549 0.000000 -0.959972 0.000000 0.280095 0.951029 0.951029 0.951029
5495.833405 0.000000 5107.915477 0.000000 0.380933 0.000000 0.924603 0.858091 0.858091 0.858091
6332.955776 0.000000 5100.307761 0.000000 0.938467 0.000000 0.345369 0.876922 0.876922 0.876922
4825.955811 0.000000 5071.310021 0.000000 -0.824856 0.000000 0.565342 1.053037 1.053037 1.053037
5683.839033 0.000000 5071.423217 0.000000 0.112043 0.000000 0.993703 1.175666 1.175666 1.175666
5580.365128 0.000000 5057.618134 0.000000 -0.942154 0.000000 0.335180 1.066813 1.066813 1.066813
5579.548107 0.000000 5053.118842 0.000000 0.106516 0.000000 0.994311 0.892771 0.892771 0.892771
5580.428023 0.000000 5053.482695 0.000000 0.364203 0.000000 0.931319 0.965844 0.965844 0.965844
5678.290353 0.000000 5053.683864 0.000000 0.917752 0.000000 0.397155 1.108598 1.108598 1.108598
1879.923421 0.000000 5040.737820 0.000000 0.999973 0.000000 -0.007401 1.058453 1.058453 1.058453
1874.991738 0.000000 5035.686395 0.000000 0.954136 0.000000 0.299373 0.985992 0.985992 0.985992
1870.149484 0.000000 5033.539960 0.000000 0.978929 0.000000 0.204201 1.070764 1.070764 1.070764
9337.359812 0.000000 5011.408263 0.000000 0.999491 0.000000 -0.031911 1.042601 1.042601 1.042601
6143.303996 0.000000 4990.088873 0.000000 0.752409 0.000000 0.658696 1.105652 1.105652 1.105652
5128.636570 0.000000 4951.006978 0.000000 0.972042 0.000000 0.234806 1.039196 1.039196 1.039196
5130.849013 0.000000 4951.702234 0.000000 0.999574 0.000000 0.029179 0.956549 0.956549 0.956549
5119.102481 0.000000 4945.611422 0.000000 0.851456 0.000000 0.524425 0.921396 0.921396 0.921396
5136.490675 0.000000 4945.694079 0.000000 -0.586545 0.000000 0.809917 1.145718 1.145718 1.145718
7014.865663 0.000000 4916.066224 0.000000 0.965118 0.000000 0.261814 0.884147 0.884147 0.884147
7020.204098 0.000000 4913.442228 0.000000 -0.834060 0.000000 0.551674 0.903071 0.903071 0.903071
7018.388570 0.000000 4909.530133 0.000000 -0.005051 0.000000 0.999987 1.081273 1.081273 1.081273
7021.965732 0.000000 4909.320761 0.000000 -0.577772 0.000000 0.816198 0.929128 0.929128 0.929128
7039.609289 0.000000 4887.326023 0.000000 0.998569 0.000000 -0.053482 1.137071 1.137071 1.137071
3506.167450 0.000000 4882.845303 0.000000 0.965402 0.000000 0.260765 1.181025 1.181025 1.181025
3457.669332 0.000000 4873.266412 0.000000 0.419761 0.000000 0.907634 1.143409 1.143409 1.143409
5694.118258 0.000000 4859.995853 0.000000 0.999598 0.000000 -0.028369 1.057314 1.057314 1.057314
5691.010800 0.000000 4855.595126 0.000000 0.862148 0.000000 0.506656 0.884060 0.884060 0.884060
5692.394225 0.000000 4837.521522 0.000000 0.274153 0.000000 0.961686 1.012466 1.012466 1.012466
9329.944719 0.000000 4835.392222 0.000000 0.999485 0.000000 0.032090 1.146945 1.146945 1.146945
5706.920236 0.000000 4834.772750 0.000000 -0.920893 0.000000 0.389814 1.176747 1.176747 1.176747
5698.732982 0.000000 4817.557614 0.000000 0.993212 0.000000 0.116319 1.165012 1.165012 1.165012
7076.516794 0.000000 4802.311214 0.000000 0.908251 0.000000 0.418427 0.911841 0.911841 0.911841
7076.687197 0.000000 4801.287663 0.000000 0.839771 0.000000 0.542941 0.926689 0.926689 0.926689
9330.972336 0.000000 4786.339360 0.000000 0.999855 0.000000 -0.017055 1.068713 1.068713 1.068713
9330.857102 0.000000 4783.496565 0.000000 0.999627 0.000000 0.027321 0.859524 0.859524 0.859524
7089.760119 0.000000 4765.560600 0.000000 0.489434 0.000000 0.872041 0.876869 0.876869 0.876869
3468.360286 0.000000 4753.897984 0.000000 0.859795 0.000000 0.510640 0.915991 0.915991 0.915991
3474.261987 0.000000 4752.629061 0.000000 -0.999664 0.000000 0.025904 0.933066 0.933066 0.933066
3470.953576 0.000000 4747.171406 0.000000 0.709289 0.000000 0.704918 0.920773 0.920773 0.920773
3478.494985 0.000000 4747.923704 0.000000 -0.870886 0.000000 0.491486 0.995112 0.995112 0.995112
7093.332633 0.000000 4747.535494 0.000000 0.072579 0.000000 0.997363 0.886091 0.886091 0.886091
7100.907983 0.000000 4729.043036 0.000000 0.999783 0.000000 -0.020851 1.108155 1.108155 1.108155
7126.688590 0.000000 4695.864719 0.000000 0.810223 0.000000 0.586122 1.190259 1.190259 1.190259
7128.612714 0.000000 4695.947855 0.000000 0.965056 0.000000 0.262043 1.105496 1.105496 1.105496
7126.156367 0.000000 4693.448017 0.000000 0.758274 0.000000 0.651936 0.988951 0.988951 0.988951
7130.335856 0.000000 4693.124916 0.000000 0.834702 0.000000 0.550702 0.851467 0.851467 0.851467
7163.398507 0.000000 4693.862410 0.000000 0.477822 0.000000 0.878457 1.018993 1.018993 1.018993
7170.929772 0.000000 4693.668012 0.000000 0.149515 0.000000 0.988759 0.921375 0.921375 0.921375
9337.369426 0.000000 4681.585427 0.000000 0.999995 0.000000 0.003258 0.905661 0.905661 0.905661
3530.629392 0.000000 4651.506388 0.000000 0.999395 0.000000 -0.034776 0.869261 0.869261 0.869261
9336.996410 0.000000 4643.987064 0.000000 0.998237 0.000000 0.059360 1.117709 1.117709 1.117709
9337.210940 0.000000 4639.482451 0.000000 0.999856 0.000000 -0.016946 1.123381 1.123381 1.123381
7290.003344 0.000000 4618.202194 0.000000 -0.704780 0.000000 0.709426 0.851868 0.851868 0.851868
1253.261105 0.000000 4588.847743 0.000000 0.999835 0.000000 -0.018140 1.178478 1.178478 1.178478
1251.554916 0.000000 4585.729305 0.000000 0.932736 0.000000 0.360560 1.119886 1.119886 1.119886
5166.480111 0.000000 4581.362710 0.000000 -0.926740 0.000000 0.375704 1.018408 1.018408 1.018408
1387.605397 0.000000 4572.802532 0.000000 0.999554 0.000000 -0.029857 1.008286 1.008286 1.008286
5174.214225 0.000000 4567.775902 0.000000 0.576984 0.000000 0.816755 0.896111 0.896111 0.896111
5184.143803 0.000000 4566.200606 0.000000 -0.771574 0.000000 0.636140 1.041100 1.041100 1.041100
5202.610196 0.000000 4555.861287 0.000000 0.999612 0.000000 0.027862 1.058036 1.058036 1.058036
5199.924758 0.000000 4549.890632 0.000000 0.499467 0.000000 0.866333 1.022646 1.022646 1.022646
5212.556064 0.000000 4549.417503 0.000000 -0.872858 0.000000 0.487974 1.073654 1.073654 1.073654
9332.333841 0.000000 4544.433565 0.000000 0.994605 0.000000 0.103739 0.918572 0.918572 0.918572
5174.840445 0.000000 4534.005212 0.000000 0.971068 0.000000 0.238804 1.075432 1.075432 1.075432
5172.637603 0.000000 4531.866225 0.000000 0.885819 0.000000 0.464032 1.078539 1.078539 1.078539
5186.880462 0.000000 4531.990572 0.000000 -0.889965 0.000000 0.456028 0.995781 0.995781 0.995781
6051.792287 0.000000 4513.717210 0.000000 0.465803 0.000000 0.884888 1.047451 1.047451 1.047451
9333.565064 0.000000 4505.095166 0.000000 0.999577 0.000000 -0.029071 0.900380 0.900380 0.900380
3614.658176 0.000000 4495.435213 0.000000 0.444061 0.000000 0.895997 0.975527 0.975527 0.975527
3618.415228 0.000000 4495.107571 0.000000 -0.059355 0.000000 0.998237 1.150027 1.150027 1.150027
5063.788468 0.000000 4495.217470 0.000000 -0.343461 0.000000 0.939167 1.065502 1.065502 1.065502
3599.794631 0.000000 4475.917097 0.000000 0.999822 0.000000 -0.018859 1.098438 1.098438 1.098438
3600.237042 0.000000 4475.886200 0.000000 0.999826 0.000000 -0.018660 0.949679 0.949679 0.949679
3714.420450 0.000000 4399.648360 0.000000 0.999730 0.000000 0.023238 1.172815 1.172815 1.172815
4971.013212 0.000000 4397.581480 0.000000 0.996983 0.000000 -0.077616 1.051910 1.051910 1.051910
4964.452968 0.000000 4393.554135 0.000000 0.712651 0.000000 0.701518 1.161184 1.161184 1.161184
3713.608281 0.000000 4387.459929 0.000000 0.441418 0.000000 0.897302 1.015706 1.015706 1.015706
9330.869773 0.000000 4383.642378 0.000000 0.999835 0.000000 0.018149 0.852887 0.852887 0.852887
3729.614396 0.000000 4382.222952 0.000000 -0.688918 0.000000 0.724839 1.068876 1.068876 1.068876
5004.839425 0.000000 4369.844944 0.000000 -0.866804 0.000000 0.498649 0.859539 0.859539 0.859539
4800.577122 0.000000 4366.314404 0.000000 0.983565 0.000000 0.180557 1.044784 1.044784 1.044784
9337.337103 0.000000 4354.257034 0.000000 0.997536 0.000000 0.070158 0.965926 0.965926 0.965926
9337.264176 0.000000 4351.573273 0.000000 0.996791 0.000000 0.080042 1.004625 1.004625 1.004625
3775.117356 0.000000 4350.575226 0.000000 0.877020 0.000000 0.480453 1.043189 1.043189 1.043189
3780.267525 0.000000 4350.529313 0.000000 0.998140 0.000000 0.060957 1.111985 1.111985 1.111985
4650.640430 0.000000 4348.117745 0.000000 0.990706 0.000000 0.136021 0.978030 0.978030 0.978030
4662.680181 0.000000 4347.473379 0.000000 -0.775751 0.000000 0.631039 0.976985 0.976985 0.976985
7515.675533 0.000000 4345.934322 0.000000 0.998964 0.000000 0.045504 1.051618 1.051618 1.051618
7492.964845 0.000000 4315.021211 0.000000 0.816803 0.000000 0.576917 1.080330 1.080330 1.080330
7487.487629 0.000000 4301.184667 0.000000 0.345316 0.000000 0.938486 0.891438 0.891438 0.891438
3959.295125 0.000000 4298.592183 0.000000 0.998399 0.000000 0.056560 1.004368 1.004368 1.004368
3960.620211 0.000000 4298.748921 0.000000 0.999864 0.000000 -0.016484 0.967010 0.967010 0.967010
3957.783668 0.000000 4297.519671 0.000000 0.983694 0.000000 0.179850 1.038238 1.038238 1.038238
3963.251086 0.000000 4297.405602 0.000000 -0.995976 0.000000 0.089615 0.955490 0.955490 0.955490
4532.770938 0.000000 4290.316425 0.000000 0.839821 0.000000 0.542863 0.860267 0.860267 0.860267
7484.280277 0.000000 4281.893104 0.000000 0.999450 0.000000 -0.033149 1.081301 1.081301 1.081301
3817.273154 0.000000 4279.178653 0.000000 0.835428 0.000000 0.549601 1.008941 1.008941 1.008941
7482.730112 0.000000 4279.957266 0.000000 0.875175 0.000000 0.483806 0.953758 0.953758 0.953758
7488.177714 0.000000 4279.202719 0.000000 -0.947055 0.000000 0.321071 0.932862 0.932862 0.932862
4895.684390 0.000000 4278.444615 0.000000 0.998446 0.000000 -0.055724 1.072972 1.072972 1.072972
4896.550708 0.000000 4278.086800 0.000000 0.999938 0.000000 0.011119 0.897314 0.897314 0.897314
3815.562624 0.000000 4277.772330 0.000000 0.930440 0.000000 0.366443 1.009066 1.009066 1.009066
4008.557792 0.000000 4275.932080 0.000000 0.999871 0.000000 -0.016041 1.187927 1.187927 1.187927
3803.241095 0.000000 4261.517927 0.000000 0.992253 0.000000 0.124236 1.044559 1.044559 1.044559
3823.936085 0.000000 4261.870671 0.000000 -0.683113 0.000000 0.730312 0.976294 0.976294 0.976294
4010.143318 0.000000 4261.880556 0.000000 0.389739 0.000000 0.920925 1.086747 1.086747 1.086747
7483.119300 0.000000 4261.525631 0.000000 0.617597 0.000000 0.786495 0.917969 0.917969 0.917969
7490.068925 0.000000 4261.481472 0.000000 -0.755333 0.000000 0.655342 1.120723 1.120723 1.120723
3861.812753 0.000000 4244.168192 0.000000 0.998673 0.000000 0.051507 1.153611 1.153611 1.153611
3860.534341 0.000000 4243.430459 0.000000 0.999921 0.000000 0.012603 0.876051 0.876051 0.876051
4313.514846 0.000000 4243.496523 0.000000 0.999121 0.000000 -0.041931 1.091133 1.091133 1.091133
4437.973980 0.000000 4243.744807 0.000000 0.695667 0.000000 0.718364 0.859176 0.859176 0.859176
3870.670359 0.000000 4239.796696 0.000000 -0.978434 0.000000 0.206560 1.150160 1.150160 1.150160
3794.576332 0.000000 4235.853061 0.000000 0.998522 0.000000 0.054342 1.041847 1.041847 1.041847
3804.763656 0.000000 4231.832354 0.000000 0.999653 0.000000 -0.026336 1.116931 1.116931 1.116931
3797.639829 0.000000 4225.168937 0.000000 0.620201 0.000000 0.784443 0.928532 0.928532 0.928532
3798.325333 0.000000 4225.145155 0.000000 0.612417 0.000000 0.790535 1.086385 1.086385 1.086385
6426.567971 0.000000 4223.921896 0.000000 -0.929538 0.000000 0.368727 0.923757 0.923757 0.923757
4049.052536 0.000000 4200.890492 0.000000 0.999142 0.000000 0.041418 1.019176 1.019176 1.019176
4050.266346 0.000000 4200.565182 0.000000 0.999091 0.000000 0.042622 1.146346 1.146346 1.146346
7557.678350 0.000000 4197.439536 0.000000 0.742733 0.000000 0.669588 1.098624 1.098624 1.098624
7560.284324 0.000000 4197.819091 0.000000 0.956635 0.000000 0.291288 0.902899 0.902899 0.902899
4534.395407 0.000000 4090.137087 0.000000 0.938843 0.000000 0.344345 0.940463 0.940463 0.940463
4536.525646 0.000000 4090.708633 0.000000 0.996320 0.000000 0.085710 0.955852 0.955852 0.955852
1480.424337 0.000000 4088.527138 0.000000 0.999400 0.000000 0.034643 1.039370 1.039370 1.039370
4112.859875 0.000000 4083.673693 0.000000 0.993464 0.000000 0.114150 0.947646 0.947646 0.947646
1475.209278 0.000000 4082.624935 0.000000 0.816387 0.000000 0.577506 0.945671 0.945671 0.945671
1475.697164 0.000000 4081.453536 0.000000 0.792909 0.000000 0.609340 0.905471 0.905471 0.905471
1483.550375 0.000000 4081.095537 0.000000 -0.645831 0.000000 0.763480 0.976343 0.976343 0.976343
7601.611558 0.000000 4081.397532 0.000000 0.176649 0.000000 0.984274 1.081875 1.081875 1.081875
9337.533845 0.000000 4064.693361 0.000000 0.997547 0.000000 -0.069997 1.110626 1.110626 1.110626
9336.660411 0.000000 4063.179943 0.000000 0.999735 0.000000 -0.023039 1.150138 1.150138 1.150138
4395.048999 0.000000 4061.567385 0.000000 0.999201 0.000000 -0.039972 0.883495 0.883495 0.883495
4363.679765 0.000000 4053.085406 0.000000 0.993829 0.000000 -0.110921 0.901010 0.901010 0.901010
4376.176830 0.000000 4053.162140 0.000000 0.992449 0.000000 0.122658 1.108249 1.108249 1.108249
4061.132289 0.000000 4051.987490 0.000000 0.990455 0.000000 0.137836 0.965257 0.965257 0.965257
4033.136252 0.000000 4045.300245 0.000000 -0.551632 0.000000 0.834088 0.906386 0.906386 0.906386
4062.751592 0.000000 4045.655403 0.000000 0.108173 0.000000 0.994132 1.046293 1.046293 1.046293
4382.515191 0.000000 4045.488948 0.000000 -0.721549 0.000000 0.692363 0.943263 0.943263 0.943263
4392.143766 0.000000 4043.211464 0.000000 0.998134 0.000000 -0.061060 1.111750 1.111750 1.111750
9330.083541 0.000000 4030.736757 0.000000 0.998683 0.000000 0.051315 0.979157 0.979157 0.979157
4503.354163 0.000000 4027.223332 0.000000 0.797208 0.000000 0.603704 0.855907 0.855907 0.855907
9329.141822 0.000000 4027.233099 0.000000 0.948062 0.000000 0.318086 1.070962 1.070962 1.070962
4473.819731 0.000000 4026.153592 0.000000 0.998848 0.000000 -0.047990 0.932527 0.932527 0.932527
4385.344017 0.000000 4021.320532 0.000000 0.999532 0.000000 -0.030585 1.109673 1.109673 1.109673
6242.718518 0.000000 4021.160003 0.000000 0.995590 0.000000 0.093815 0.874151 0.874151 0.874151
6246.402915 0.000000 4021.306439 0.000000 -0.994492 0.000000 0.104814 0.876710 0.876710 0.876710
4433.747699 0.000000 4014.273645 0.000000 0.954937 0.000000 0.296810 1.131582 1.131582 1.131582
4433.672295 0.000000 4009.304373 0.000000 0.802532 0.000000 0.596608 1.002130 1.002130 1.002130
6243.731023 0.000000 4009.473358 0.000000 0.526032 0.000000 0.850465 1.146959 1.146959 1.146959
6250.758859 0.000000 4009.515326 0.000000 -0.780332 0.000000 0.625366 1.154779 1.154779 1.154779
7254.887998 0.000000 4009.664381 0.000000 -0.716877 0.000000 0.697200 1.016692 1.016692 1.016692
6264.503268 0.000000 4002.471959 0.000000 0.935248 0.000000 0.353994 1.101904 1.101904 1.101904
4476.313508 0.000000 4001.985266 0.000000 0.948565 0.000000 0.316582 0.958033 0.958033 0.958033
4427.269226 0.000000 3991.340777 0.000000 0.745863 0.000000 0.666099 1.124888 1.124888 1.124888
4428.237385 0.000000 3991.655613 0.000000 0.884358 0.000000 0.466808 0.907026 0.907026 0.907026
4547.807175 0.000000 3991.715614 0.000000 0.273940 0.000000 0.961747 1.167267 1.167267 1.167267
4558.511145 0.000000 3962.541449 0.000000 0.999870 0.000000 0.016140 1.111799 1.111799 1.111799
4491.383581 0.000000 3955.264356 0.000000 0.756344 0.000000 0.654174 0.888136 0.888136 0.888136
4556.172035 0.000000 3955.338546 0.000000 0.643871 0.000000 0.765134 0.934429 0.934429 0.934429
9337.054122 0.000000 3936.997936 0.000000 0.997045 0.000000 -0.076815 0.998538 0.998538 0.998538
4001.111675 0.000000 3904.090943 0.000000 0.999866 0.000000 0.016366 0.902823 0.902823 0.902823
4001.633898 0.000000 3901.479764 0.000000 -0.994451 0.000000 0.105204 0.885351 0.885351 0.885351
578.767898 0.000000 3884.294045 0.000000 -0.940630 0.000000 0.339433 1.134521 1.134521 1.134521
576.488937 0.000000 3883.970324 0.000000 -0.982601 0.000000 0.185730 1.009389 1.009389 1.009389
571.249272 0.000000 3882.687390 0.000000 0.974354 0.000000 0.225020 0.985434 0.985434 0.985434
6921.535988 0.000000 3882.804718 0.000000 0.999275 0.000000 -0.038080 1.169577 1.169577 1.169577
6686.303413 0.000000 3819.783554 0.000000 0.999497 0.000000 0.031706 0.977348 0.977348 0.977348
4637.472726 0.000000 3811.605726 0.000000 -0.784758 0.000000 0.619803 1.019888 1.019888 1.019888
4028.913789 0.000000 3804.471135 0.000000 0.999863 0.000000 0.016557 0.867414 0.867414 0.867414
9332.577400 0.000000 3798.895743 0.000000 0.999946 0.000000 0.010406 1.018271 1.018271 1.018271
3780.272892 0.000000 3775.762132 0.000000 0.643274 0.000000 0.765636 1.169276 1.169276 1.169276
6652.052530 0.000000 3739.247592 0.000000 -0.952090 0.000000 0.305817 0.866938 0.866938 0.866938
9337.843907 0.000000 3721.674790 0.000000 0.998557 0.000000 0.053706 1.144391 1.144391 1.144391
8001.114716 0.000000 3703.222500 0.000000 0.420796 0.000000 0.907155 1.066621 1.066621 1.066621
8015.447468 0.000000 3683.152157 0.000000 0.917462 0.000000 0.397823 1.119700 1.119700 1.119700
3856.119442 0.000000 3649.859143 0.000000 0.084495 0.000000 0.996424 1.016900 1.016900 1.016900
9333.666751 0.000000 3647.578470 0.000000 0.999241 0.000000 -0.038948 1.135249 1.135249 1.135249
4363.945640 0.000000 3632.849662 0.000000 0.946510 0.000000 0.322673 1.145003 1.145003 1.145003
4363.197647 0.000000 3631.411476 0.000000 0.853091 0.000000 0.521761 1.141222 1.141222 1.141222
4374.839554 0.000000 3630.617560 0.000000 -0.999888 0.000000 0.014987 0.939910 0.939910 0.939910
3855.800819 0.000000 3625.702886 0.000000 0.999597 0.000000 0.028387 1.055034 1.055034 1.055034
4392.036617 0.000000 3623.426058 0.000000 0.994099 0.000000 -0.108473 0.928507 0.928507 0.928507
6749.700628 0.000000 3620.165459 0.000000 0.991818 0.000000 -0.127657 1.106769 1.106769 1.106769
6750.964653 0.000000 3620.588267 0.000000 0.999927 0.000000 0.012125 0.945833 0.945833 0.945833
4330.359068 0.000000 3619.057080 0.000000 -0.980641 0.000000 0.195814 1.139003 1.139003 1.139003
4319.127497 0.000000 3618.886457 0.000000 0.905388 0.000000 0.424585 0.919930 0.919930 0.919930
3849.065459 0.000000 3614.500397 0.000000 0.787537 0.000000 0.616268 1.100388 1.100388 1.100388
3849.738131 0.000000 3613.260417 0.000000 0.680814 0.000000 0.732456 1.126463 1.126463 1.126463
3866.128572 0.000000 3613.249551 0.000000 -0.389945 0.000000 0.920838 0.907769 0.907769 0.907769
3871.643737 0.000000 3613.186903 0.000000 -0.797144 0.000000 0.603789 1.081239 1.081239 1.081239
6751.473429 0.000000 3613.501843 0.000000 -0.586935 0.000000 0.809634 1.174976 1.174976 1.174976
9329.510512 0.000000 3594.677146 0.000000 0.995533 0.000000 0.094412 1.187950 1.187950 1.187950
4429.119787 0.000000 3572.887958 0.000000 0.999438 0.000000 0.033518 0.905830 0.905830 0.905830
4420.704991 0.000000 3559.625378 0.000000 0.474211 0.000000 0.880411 0.873392 0.873392 0.873392
4429.086024 0.000000 3559.410238 0.000000 -0.330359 0.000000 0.943855 1.114528 1.114528 1.114528
5528.660827 0.000000 3559.933587 0.000000 -0.163226 0.000000 0.986589 1.069051 1.069051 1.069051
4332.579782 0.000000 3540.175712 0.000000 0.873527 0.000000 0.486775 1.079923 1.079923 1.079923
9337.455182 0.000000 3532.509204 0.000000 0.999758 0.000000 -0.021994 1.011810 1.011810 1.011810
7432.092390 0.000000 3509.043078 0.000000 0.856665 0.000000 0.515874 1.001828 1.001828 1.001828
7434.846505 0.000000 3509.309857 0.000000 0.961272 0.000000 0.275602 1.046336 1.046336 1.046336
7433.726288 0.000000 3505.668563 0.000000 0.730000 0.000000 0.683447 1.174667 1.174667 1.174667
7440.967461 0.000000 3505.430083 0.000000 -0.708038 0.000000 0.706175 1.045202 1.045202 1.045202
5573.896937 0.000000 3500.528718 0.000000 0.802755 0.000000 0.596309 1.155911 1.155911 1.155911
5760.702382 0.000000 3485.420142 0.000000 -0.989570 0.000000 0.144052 1.008007 1.008007 1.008007
5757.522438 0.000000 3469.322893 0.000000 0.216555 0.000000 0.976270 0.947006 0.947006 0.947006
5760.982518 0.000000 3469.213546 0.000000 -0.028815 0.000000 0.999585 1.064268 1.064268 1.064268
6624.587807 0.000000 3426.382449 0.000000 0.999902 0.000000 -0.014002 1.049190 1.049190 1.049190
9329.255460 0.000000 3424.747834 0.000000 0.994176 0.000000 0.107773 1.130220 1.130220 1.130220
4156.550093 0.000000 3410.942836 0.000000 0.976959 0.000000 0.213425 0.914881 0.914881 0.914881
4158.604714 0.000000 3397.706741 0.000000 0.823989 0.000000 0.566606 1.149133 1.149133 1.149133
7646.603495 0.000000 3375.037255 0.000000 0.995722 0.000000 0.092405 1.048309 1.048309 1.048309
7650.599399 0.000000 3375.883615 0.000000 -0.958877 0.000000 0.283823 0.961412 0.961412 0.961412
9330.226962 0.000000 3373.695358 0.000000 0.999936 0.000000 0.011310 0.989570 0.989570 0.989570
7640.797620 0.000000 3361.034281 0.000000 0.635756 0.000000 0.771890 0.919614 0.919614 0.919614
7651.150366 0.000000 3361.088267 0.000000 -0.586916 0.000000 0.809648 0.888473 0.888473 0.888473
9329.660295 0.000000 3335.400543 0.000000 0.961517 0.000000 0.274745 0.875123 0.875123 0.875123
9329.098849 0.000000 3325.754405 0.000000 0.480163 0.000000 0.877180 1.169488 1.169488 1.169488
9337.367835 0.000000 3067.254714 0.000000 0.997200 0.000000 -0.074780 0.942545 0.942545 0.942545
8115.815932 0.000000 3052.355255 0.000000 0.999576 0.000000 0.029122 1.016495 1.016495 1.016495
9335.020305 0.000000 3002.465104 0.000000 0.999651 0.000000 0.026426 1.013623 1.013623 1.013623
9335.349471 0.000000 3001.290793 0.000000 0.999434 0.000000 0.033637 1.169861 1.169861 1.169861
9269.004897 0.000000 2935.790724 0.000000 0.908404 0.000000 0.418093 1.160899 1.160899 1.160899
9270.141478 0.000000 2935.957051 0.000000 0.976577 0.000000 0.215170 0.908037 0.908037 0.908037
1609.713905 0.000000 2928.097417 0.000000 0.999667 0.000000 -0.025804 0.909882 0.909882 0.909882
1620.396596 0.000000 2918.489471 0.000000 -0.863990 0.000000 0.503508 1.026551 1.026551 1.026551
9330.525257 0.000000 2906.833185 0.000000 0.999991 0.000000 -0.004282 1.006586 1.006586 1.006586
7494.246989 0.000000 2897.491549 0.000000 0.995988 0.000000 0.089487 0.990669 0.990669 0.990669
1670.554537 0.000000 2892.843013 0.000000 0.999991 0.000000 -0.004278 1.084832 1.084832 1.084832
9336.087138 0.000000 2889.610828 0.000000 0.999194 0.000000 -0.040149 0.999854 0.999854 0.999854
1550.797318 0.000000 2879.311045 0.000000 0.999999 0.000000 -0.001205 1.147449 1.147449 1.147449
1533.657561 0.000000 2875.789906 0.000000 -0.965362 0.000000 0.260916 1.131627 1.131627 1.131627
1569.945633 0.000000 2875.142312 0.000000 0.722563 0.000000 0.691305 1.124030 1.124030 1.124030
1548.689881 0.000000 2868.368168 0.000000 -0.726462 0.000000 0.687207 0.953318 0.953318 0.953318
9330.124946 0.000000 2867.006376 0.000000 0.952529 0.000000 0.304448 0.928818 0.928818 0.928818
5380.647706 0.000000 2865.670110 0.000000 0.999442 0.000000 0.033417 0.922506 0.922506 0.922506
5382.660613 0.000000 2865.748298 0.000000 0.999821 0.000000 -0.018896 1.115136 1.115136 1.115136
5381.706954 0.000000 2857.626812 0.000000 0.999826 0.000000 0.018641 1.099029 1.099029 1.099029
5384.195776 0.000000 2857.767514 0.000000 0.998649 0.000000 -0.051955 1.065776 1.065776 1.065776
1692.890644 0.000000 2849.059892 0.000000 -0.846274 0.000000 0.532748 1.051757 1.051757 1.051757
3978.696208 0.000000 2829.391905 0.000000 0.949920 0.000000 0.312494 0.995855 0.995855 0.995855
3977.266175 0.000000 2827.070870 0.000000 0.912728 0.000000 0.408567 1.004463 1.004463 1.004463
9335.641350 0.000000 2826.019974 0.000000 0.998112 0.000000 -0.061425 1.187813 1.187813 1.187813
1751.800942 0.000000 2824.254457 0.000000 0.999226 0.000000 0.039337 0.974483 0.974483 0.974483
4311.543846 0.000000 2824.976639 0.000000 0.997602 0.000000 -0.069208 1.043882 1.043882 1.043882
1613.671430 0.000000 2821.060891 0.000000 -0.848745 0.000000 0.528803 0.980744 0.980744 0.980744
1751.672822 0.000000 2821.213419 0.000000 0.998986 0.000000 0.045020 0.858200 0.858200 0.858200
3974.382095 0.000000 2821.930337 0.000000 0.714691 0.000000 0.699440 0.934887 0.934887 0.934887
3978.320977 0.000000 2821.607772 0.000000 0.134930 0.000000 0.990855 0.982212 0.982212 0.982212
4309.358955 0.000000 2821.292854 0.000000 0.996228 0.000000 0.086772 1.130154 1.130154 1.130154
4300.608205 0.000000 2820.229153 0.000000 0.999853 0.000000 0.017130 0.868712 0.868712 0.868712
1283.002181 0.000000 2811.956119 0.000000 0.941048 0.000000 0.338272 1.003150 1.003150 1.003150
1717.886542 0.000000 2740.567512 0.000000 0.996419 0.000000 0.084555 1.010154 1.010154 1.010154
9330.821896 0.000000 2740.135385 0.000000 0.996757 0.000000 -0.080474 1.107756 1.107756 1.107756
855.075832 0.000000 2717.444816 0.000000 0.999955 0.000000 0.009472 0.866935 0.866935 0.866935
855.691384 0.000000 2713.049234 0.000000 1.000000 0.000000 0.000703 1.127863 1.127863 1.127863
828.037081 0.000000 2710.189473 0.000000 0.999950 0.000000 0.009979 0.992739 0.992739 0.992739
5355.763894 0.000000 2707.646110 0.000000 0.999195 0.000000 -0.040113 0.986435 0.986435 0.986435
852.017855 0.000000 2695.183063 0.000000 0.794975 0.000000 0.606643 0.995631 0.995631 0.995631
4767.027245 0.000000 2660.321697 0.000000 0.997048 0.000000 0.076786 0.941022 0.941022 0.941022
1792.089783 0.000000 2659.360517 0.000000 -0.692906 0.000000 0.721028 1.135719 1.135719 1.135719
4767.660360 0.000000 2659.106473 0.000000 1.000000 0.000000 -0.000364 1.020886 1.020886 1.020886
1960.553402 0.000000 2650.564425 0.000000 0.999405 0.000000 0.034484 1.179919 1.179919 1.179919
1956.288485 0.000000 2641.798887 0.000000 0.707700 0.000000 0.706513 0.955400 0.955400 0.955400
1962.492714 0.000000 2641.027322 0.000000 -0.614529 0.000000 0.788894 1.197678 1.197678 1.197678
1795.785651 0.000000 2634.040556 0.000000 0.997489 0.000000 -0.070827 1.034420 1.034420 1.034420
1800.200114 0.000000 2630.578576 0.000000 -0.828677 0.000000 0.559728 0.968610 0.968610 0.968610
4775.803806 0.000000 2627.105112 0.000000 0.890397 0.000000 0.455185 1.156928 1.156928 1.156928
1789.478563 0.000000 2623.427957 0.000000 0.697249 0.000000 0.716829 0.977271 0.977271 0.977271
4775.096437 0.000000 2623.296825 0.000000 0.630155 0.000000 0.776469 1.062261 1.062261 1.062261
5555.983631 0.000000 2607.910957 0.000000 0.927143 0.000000 0.374707 1.143376 1.143376 1.143376
5555.444421 0.000000 2605.326820 0.000000 0.830698 0.000000 0.556723 0.905956 0.905956 0.905956
5562.814187 0.000000 2605.553553 0.000000 -0.967177 0.000000 0.254103 1.073779 1.073779 1.073779
9337.335486 0.000000 2600.030212 0.000000 0.997761 0.000000 -0.066875 1.095498 1.095498 1.095498
4808.982881 0.000000 2569.874262 0.000000 0.998992 0.000000 -0.044885 1.084243 1.084243 1.084243
4805.767092 0.000000 2566.136505 0.000000 0.813923 0.000000 0.580973 0.978944 0.978944 0.978944
5600.739853 0.000000 2566.582469 0.000000 0.998268 0.000000 0.058829 0.899431 0.899431 0.899431
5596.957561 0.000000 2564.539203 0.000000 0.893606 0.000000 0.448853 1.176687 1.176687 1.176687
4810.406934 0.000000 2551.014366 0.000000 0.229592 0.000000 0.973287 1.031579 1.031579 1.031579
9331.092144 0.000000 2513.907332 0.000000 0.988623 0.000000 0.150416 0.978129 0.978129 0.978129
7615.677619 0.000000 2482.577515 0.000000 0.995043 0.000000 -0.099445 0.896723 0.896723 0.896723
7612.161430 0.000000 2480.053006 0.000000 0.946717 0.000000 0.322066 1.107198 1.107198 1.107198
7612.448722 0.000000 2479.494188 0.000000 0.949711 0.000000 0.313127 1.122451 1.122451 1.122451
7618.810979 0.000000 2479.954939 0.000000 -0.844166 0.000000 0.536082 1.085446 1.085446 1.085446
7602.751548 0.000000 2461.111225 0.000000 0.769752 0.000000 0.638344 1.121661 1.121661 1.121661
7607.456772 0.000000 2438.184512 0.000000 0.999440 0.000000 0.033459 1.078348 1.078348 1.078348
9337.476753 0.000000 2434.112837 0.000000 0.997677 0.000000 -0.068123 0.941759 0.941759 0.941759
3727.948040 0.000000 2427.230348 0.000000 0.998021 0.000000 0.062884 1.090340 1.090340 1.090340
3727.509432 0.000000 2425.551142 0.000000 0.999744 0.000000 0.022619 1.123125 1.123125 1.123125
756.060957 0.000000 2293.033977 0.000000 -0.882778 0.000000 0.469791 0.929422 0.929422 0.929422
756.402393 0.000000 2281.855464 0.000000 0.116612 0.000000 0.993178 1.066334 1.066334 1.066334
9331.992722 0.000000 2208.846148 0.000000 0.998357 0.000000 -0.057307 1.023023 1.023023 1.023023
9332.001718 0.000000 2169.181252 0.000000 0.999217 0.000000 -0.039563 1.121961 1.121961 1.121961
7014.099805 0.000000 2167.358242 0.000000 0.708340 0.000000 0.705871 1.033308 1.033308 1.033308
7020.612655 0.000000 2167.718172 0.000000 -0.676817 0.000000 0.736152 0.939391 0.939391 0.939391
6998.691184 0.000000 2163.079426 0.000000 0.999526 0.000000 0.030773 1.011518 1.011518 1.011518
6988.686345 0.000000 2155.803327 0.000000 0.784396 0.000000 0.620260 1.145369 1.145369 1.145369
3908.656151 0.000000 2114.190451 0.000000 0.996846 0.000000 0.079363 1.113617 1.113617 1.113617
5300.986246 0.000000 2101.428690 0.000000 0.667925 0.000000 0.744228 0.917552 0.917552 0.917552
9332.770422 0.000000 2068.687805 0.000000 0.999764 0.000000 -0.021706 1.169143 1.169143 1.169143
9331.895959 0.000000 2065.045697 0.000000 0.999604 0.000000 -0.028147 0.965500 0.965500 0.965500
599.083102 0.000000 2061.685616 0.000000 0.999798 0.000000 0.020115 1.002542 1.002542 1.002542
8180.858451 0.000000 2039.460271 0.000000 0.987001 0.000000 0.160714 1.071165 1.071165 1.071165
6556.843907 0.000000 2016.677155 0.000000 0.999339 0.000000 -0.036364 0.995634 0.995634 0.995634
6551.840280 0.000000 2012.578705 0.000000 0.990681 0.000000 0.136205 1.084591 1.084591 1.084591
6549.441576 0.000000 2011.900510 0.000000 0.919928 0.000000 0.392087 1.088490 1.088490 1.088490
6555.866218 0.000000 2011.466055 0.000000 -0.878830 0.000000 0.477136 0.953536 0.953536 0.953536
9335.070252 0.000000 1955.910713 0.000000 0.999761 0.000000 -0.021876 0.951933 0.951933 0.951933
4465.400361 0.000000 1946.856324 0.000000 0.913529 0.000000 0.406773 0.895412 0.895412 0.895412
2677.863874 0.000000 1939.607707 0.000000 0.997950 0.000000 -0.064001 1.103486 1.103486 1.103486
4470.694529 0.000000 1939.021008 0.000000 0.605534 0.000000 0.795819 0.939275 0.939275 0.939275
2682.039630 0.000000 1935.304764 0.000000 -0.955879 0.000000 0.293760 1.183694 1.183694 1.183694
4482.134272 0.000000 1933.238968 0.000000 -0.956766 0.000000 0.290857 0.983639 0.983639 0.983639
5016.157929 0.000000 1929.871087 0.000000 0.999964 0.000000 0.008460 0.975798 0.975798 0.975798
7765.916227 0.000000 1925.373935 0.000000 0.999918 0.000000 -0.012781 0.971863 0.971863 0.971863
7763.620224 0.000000 1921.328353 0.000000 0.725815 0.000000 0.687890 1.058982 1.058982 1.058982
9178.228172 0.000000 1914.910752 0.000000 0.998204 0.000000 -0.059911 1.120310 1.120310 1.120310
9180.675355 0.000000 1914.058996 0.000000 -0.994368 0.000000 0.105986 1.009663 1.009663 1.009663
9167.242460 0.000000 1903.423779 0.000000 0.482841 0.000000 0.875708 1.127752 1.127752 1.127752
9184.746535 0.000000 1903.969283 0.000000 -0.435610 0.000000 0.900136 0.976193 0.976193 0.976193
2868.158667 0.000000 1890.767187 0.000000 0.998719 0.000000 -0.050609 1.054732 1.054732 1.054732
2861.124616 0.000000 1886.841676 0.000000 0.999968 0.000000 -0.008063 1.001615 1.001615 1.001615
2691.322473 0.000000 1885.483745 0.000000 -0.128000 0.000000 0.991774 1.095570 1.095570 1.095570
2859.489339 0.000000 1885.157944 0.000000 0.985283 0.000000 0.170929 1.071180 1.071180 1.071180
2865.254569 0.000000 1885.929405 0.000000 -0.493825 0.000000 0.869561 0.940552 0.940552 0.940552
9049.370171 0.000000 1885.648757 0.000000 0.995588 0.000000 0.093837 1.072776 1.072776 1.072776
9054.168962 0.000000 1884.572092 0.000000 -0.913806 0.000000 0.406150 0.868917 0.868917 0.868917
2841.159667 0.000000 1877.204157 0.000000 0.963279 0.000000 0.268502 1.114363 1.114363 1.114363
2489.776505 0.000000 1819.557338 0.000000 0.996701 0.000000 0.081166 1.177878 1.177878 1.177878
9026.317965 0.000000 1807.014584 0.000000 0.978661 0.000000 0.205480 1.105987 1.105987 1.105987
9297.048453 0.000000 1794.670685 0.000000 0.933403 0.000000 0.358829 0.961715 0.961715 0.961715
9306.118196 0.000000 1791.663158 0.000000 -0.878232 0.000000 0.478235 1.147970 1.147970 1.147970
6272.188027 0.000000 1786.586764 0.000000 0.999757 0.000000 -0.022032 1.142598 1.142598 1.142598
9337.537673 0.000000 1779.190649 0.000000 0.998534 0.000000 -0.054137 0.999505 0.999505 0.999505
6269.695044 0.000000 1777.848845 0.000000 0.801127 0.000000 0.598494 1.111915 1.111915 1.111915
9337.234719 0.000000 1777.827361 0.000000 0.999259 0.000000 0.038484 0.927880 0.927880 0.927880
6265.076630 0.000000 1759.718357 0.000000 0.788490 0.000000 0.615047 0.892192 0.892192 0.892192
5690.041142 0.000000 1754.849032 0.000000 0.999914 0.000000 0.013151 1.046486 1.046486 1.046486
2525.793879 0.000000 1749.750761 0.000000 0.936891 0.000000 0.349621 1.031263 1.031263 1.031263
2528.847403 0.000000 1741.085085 0.000000 0.520800 0.000000 0.853679 0.917367 0.917367 0.917367
5768.158043 0.000000 1741.550296 0.000000 -0.785265 0.000000 0.619160 0.911760 0.911760 0.911760
1326.739043 0.000000 1703.733189 0.000000 0.786618 0.000000 0.617441 1.195806 1.195806 1.195806
918.912689 0.000000 1686.258923 0.000000 -0.989097 0.000000 0.147267 0.888042 0.888042 0.888042
1251.843790 0.000000 1647.649839 0.000000 0.999821 0.000000 0.018912 1.004124 1.004124 1.004124
5887.266660 0.000000 1646.481734 0.000000 0.997873 0.000000 0.065185 1.024322 1.024322 1.024322
1764.436627 0.000000 1621.999159 0.000000 -0.920543 0.000000 0.390641 0.934007 0.934007 0.934007
1759.022454 0.000000 1615.649866 0.000000 0.626587 0.000000 0.779352 0.994731 0.994731 0.994731
1768.396350 0.000000 1615.351071 0.000000 -0.878133 0.000000 0.478416 1.171627 1.171627 1.171627
972.326032 0.000000 1603.956810 0.000000 -0.639477 0.000000 0.768811 0.989407 0.989407 0.989407
9329.747281 0.000000 1603.076296 0.000000 0.999500 0.000000 -0.031628 1.025758 1.025758 1.025758
1143.510381 0.000000 1583.339408 0.000000 0.998912 0.000000 0.046642 0.858531 0.858531 0.858531
1152.337618 0.000000 1583.031484 0.000000 -0.983713 0.000000 0.179745 0.896706 0.896706 0.896706
2016.141893 0.000000 1582.680384 0.000000 0.931515 0.000000 0.363704 1.031419 1.031419 1.031419
2014.532859 0.000000 1581.813182 0.000000 0.716070 0.000000 0.698028 1.105160 1.105160 1.105160
1136.397025 0.000000 1579.198486 0.000000 0.817040 0.000000 0.576581 1.197754 1.197754 1.197754
1153.643972 0.000000 1579.704089 0.000000 -0.675144 0.000000 0.737686 0.946804 0.946804 0.946804
2013.372235 0.000000 1579.778834 0.000000 0.672740 0.000000 0.739879 1.061818 1.061818 1.061818
2028.758185 0.000000 1579.643684 0.000000 -0.901770 0.000000 0.432216 1.079157 1.079157 1.079157
2034.660619 0.000000 1573.480963 0.000000 -0.700625 0.000000 0.713529 0.995320 0.995320 0.995320
5244.460278 0.000000 1569.306527 0.000000 0.999847 0.000000 -0.017471 1.005887 1.005887 1.005887
5239.458988 0.000000 1561.017354 0.000000 0.601342 0.000000 0.798991 1.037094 1.037094 1.037094
6730.680879 0.000000 1549.867104 0.000000 0.676194 0.000000 0.736723 1.156175 1.156175 1.156175
9330.050560 0.000000 1455.332918 0.000000 0.997028 0.000000 0.077043 1.072233 1.072233 1.072233
9330.555898 0.000000 1453.407487 0.000000 0.994435 0.000000 -0.105357 0.972944 0.972944 0.972944
6945.314662 0.000000 1446.980802 0.000000 0.722984 0.000000 0.690864 0.997309 0.997309 0.997309
6948.711412 0.000000 1446.154123 0.000000 0.990114 0.000000 -0.140265 1.116794 1.116794 1.116794
6923.517621 0.000000 1444.325053 0.000000 0.966026 0.000000 0.258444 0.925937 0.925937 0.925937
6922.791293 0.000000 1435.052780 0.000000 0.555228 0.000000 0.831698 1.020244 1.020244 1.020244
6934.486106 0.000000 1435.467863 0.000000 -0.625338 0.000000 0.780354 0.910527 0.910527 0.910527
2401.817646 0.000000 1430.374358 0.000000 0.901251 0.000000 0.433298 1.161199 1.161199 1.161199
2412.300090 0.000000 1429.028353 0.000000 -0.913210 0.000000 0.407490 1.082620 1.082620 1.082620
6962.991718 0.000000 1429.300249 0.000000 0.845285 0.000000 0.534316 1.068889 1.068889 1.068889
6966.580740 0.000000 1429.940022 0.000000 0.992992 0.000000 0.118184 0.905704 0.905704 0.905704
6984.971481 0.000000 1423.096467 0.000000 0.999386 0.000000 0.035041 0.930399 0.930399 0.930399
7038.378317 0.000000 1423.295772 0.000000 0.963723 0.000000 0.266904 0.874347 0.874347 0.874347
7037.005424 0.000000 1422.118143 0.000000 0.781461 0.000000 0.623954 1.008044 1.008044 1.008044
6967.133732 0.000000 1417.948660 0.000000 0.235534 0.000000 0.971866 1.023568 1.023568 1.023568
6986.010373 0.000000 1417.239615 0.000000 -0.519047 0.000000 0.854746 0.861123 0.861123 0.861123
7039.472973 0.000000 1417.473286 0.000000 0.500523 0.000000 0.865723 1.007935 1.007935 1.007935
1154.988462 0.000000 1381.120659 0.000000 0.979422 0.000000 0.201823 1.115008 1.115008 1.115008
6287.716303 0.000000 1380.105504 0.000000 -0.998169 0.000000 0.060488 0.853565 0.853565 0.853565
1170.231935 0.000000 1379.773416 0.000000 -0.671701 0.000000 0.740823 0.863721 0.863721 0.863721
1150.559095 0.000000 1378.334875 0.000000 0.896254 0.000000 0.443540 0.961206 0.961206 0.961206
6281.247200 0.000000 1376.493338 0.000000 0.983820 0.000000 0.179161 1.051997 1.051997 1.051997
6426.999558 0.000000 1201.392990 0.000000 -0.723348 0.000000 0.690484 1.076733 1.076733 1.076733
5121.972960 0.000000 1174.369417 0.000000 0.995118 0.000000 0.098691 0.935461 0.935461 0.935461
5130.875051 0.000000 1168.455889 0.000000 -0.933472 0.000000 0.358650 0.861085 0.861085 0.861085
5124.801450 0.000000 1165.684121 0.000000 0.527761 0.000000 0.849393 1.007396 1.007396 1.007396
5132.140485 0.000000 1165.529051 0.000000 -0.967194 0.000000 0.254040 0.864786 0.864786 0.864786
8095.504115 0.000000 1161.295660 0.000000 0.991371 0.000000 0.131088 0.928775 0.928775 0.928775
8100.313256 0.000000 1159.152994 0.000000 -0.930813 0.000000 0.365495 1.173149 1.173149 1.173149
5148.264802 0.000000 1153.109742 0.000000 -0.773091 0.000000 0.634295 0.853923 0.853923 0.853923
6720.667105 0.000000 1147.185930 0.000000 0.324876 0.000000 0.945756 1.103030 1.103030 1.103030
8104.743198 0.000000 1147.966426 0.000000 0.531046 0.000000 0.847343 1.065014 1.065014 1.065014
8118.375749 0.000000 1147.589114 0.000000 -0.893255 0.000000 0.449551 1.014112 1.014112 1.014112
6202.559000 0.000000 1143.352597 0.000000 0.999372 0.000000 -0.035447 1.014471 1.014471 1.014471
6706.248613 0.000000 1132.764875 0.000000 0.964927 0.000000 0.262517 0.948316 0.948316 0.948316
6706.996858 0.000000 1129.147662 0.000000 0.743356 0.000000 0.668896 0.948971 0.948971 0.948971
4968.778480 0.000000 1119.408126 0.000000 0.950402 0.000000 0.311023 1.117392 1.117392 1.117392
4967.046255 0.000000 1117.211007 0.000000 0.744958 0.000000 0.667111 1.001599 1.001599 1.001599
4971.622689 0.000000 1111.751253 0.000000 0.474630 0.000000 0.880186 1.027417 1.027417 1.027417
8135.358576 0.000000 1097.368759 0.000000 0.981335 0.000000 0.192307 1.143883 1.143883 1.143883
8136.151456 0.000000 1097.554389 0.000000 0.996626 0.000000 0.082074 0.850414 0.850414 0.850414
6185.218573 0.000000 1085.153939 0.000000 0.999436 0.000000 0.033591 0.971539 0.971539 0.971539
6174.751664 0.000000 1069.405364 0.000000 0.976108 0.000000 0.217285 0.952820 0.952820 0.952820
6173.639637 0.000000 1068.530439 0.000000 0.915924 0.000000 0.401351 0.991582 0.991582 0.991582
6148.058965 0.000000 1053.462698 0.000000 0.998941 0.000000 -0.046020 1.157829 1.157829 1.157829
8054.339400 0.000000 1002.757421 0.000000 0.980977 0.000000 0.194125 1.094866 1.094866 1.094866
8053.392339 0.000000 985.496482 0.000000 0.183481 0.000000 0.983023 0.949243 0.949243 0.949243
5028.960890 0.000000 982.188771 0.000000 0.997707 0.000000 0.067684 0.884201 0.884201 0.884201
5027.212777 0.000000 967.952406 0.000000 0.310978 0.000000 0.950417 0.868581 0.868581 0.868581
8363.747028 0.000000 961.234169 0.000000 -0.998887 0.000000 0.047175 1.019493 1.019493 1.019493
8121.079577 0.000000 948.631464 0.000000 0.998887 0.000000 -0.047173 0.854401 0.854401 0.854401
5056.830392 0.000000 936.011263 0.000000 0.950786 0.000000 0.309847 1.171612 1.171612 1.171612
5058.419890 0.000000 936.523252 0.000000 0.982765 0.000000 0.184857 1.036900 1.036900 1.036900
7422.026499 0.000000 936.982550 0.000000 0.823594 0.000000 0.567180 1.000094 1.000094 1.000094
5056.588389 0.000000 931.330785 0.000000 0.602958 0.000000 0.797773 0.981295 0.981295 0.981295
5064.152144 0.000000 931.380437 0.000000 -0.781517 0.000000 0.623883 0.975822 0.975822 0.975822
7424.265701 0.000000 931.577887 0.000000 0.442581 0.000000 0.896728 0.982233 0.982233 0.982233
8154.291604 0.000000 916.980150 0.000000 -0.908489 0.000000 0.417909 0.891835 0.891835 0.891835
8154.840798 0.000000 913.861262 0.000000 -0.716156 0.000000 0.697940 0.869378 0.869378 0.869378
8312.521943 0.000000 909.255222 0.000000 0.969669 0.000000 0.244421 1.045477 1.045477 1.045477
8284.061877 0.000000 889.181982 0.000000 0.999673 0.000000 0.025584 1.127718 1.127718 1.127718
8319.218696 0.000000 888.066217 0.000000 0.999570 0.000000 -0.029335 0.859251 0.859251 0.859251
8279.239149 0.000000 880.041054 0.000000 0.862242 0.000000 0.506496 0.898868 0.898868 0.898868
8315.703708 0.000000 878.401166 0.000000 0.902774 0.000000 0.430115 0.993719 0.993719 0.993719
8201.998173 0.000000 877.469551 0.000000 0.737989 0.000000 0.674813 1.067469 1.067469 1.067469
8277.027516 0.000000 877.956928 0.000000 0.813419 0.000000 0.581678 1.004327 1.004327 1.004327
8283.827889 0.000000 877.294642 0.000000 -0.761998 0.000000 0.647580 1.187719 1.187719 1.187719
8314.027839 0.000000 877.330180 0.000000 0.914596 0.000000 0.404370 1.149520 1.149520 1.149520
8322.159820 0.000000 877.779824 0.000000 -0.676465 0.000000 0.736475 1.141300 1.141300 1.141300
8517.194787 0.000000 876.231270 0.000000 0.993843 0.000000 0.110793 0.927516 0.927516 0.927516
8424.513444 0.000000 866.803220 0.000000 0.946639 0.000000 0.322295 0.992092 0.992092 0.992092
8423.813753 0.000000 864.070168 0.000000 0.947569 0.000000 0.319553 0.997710 0.997710 0.997710
8292.680912 0.000000 859.153560 0.000000 0.999759 0.000000 0.021973 1.187396 1.187396 1.187396
8422.386151 0.000000 859.550474 0.000000 0.533925 0.000000 0.845532 1.015696 1.015696 1.015696
8428.084110 0.000000 859.306103 0.000000 -0.274604 0.000000 0.961557 0.939036 0.939036 0.939036
8516.453655 0.000000 859.472544 0.000000 0.199516 0.000000 0.979895 1.028582 1.028582 1.028582
6595.682342 0.000000 857.222422 0.000000 0.999836 0.000000 0.018090 1.013636 1.013636 1.013636
8277.772001 0.000000 853.599999 0.000000 0.928583 0.000000 0.371124 0.879850 0.879850 0.879850
8267.803293 0.000000 818.160305 0.000000 0.965956 0.000000 0.258707 1.079012 1.079012 1.079012
8261.050995 0.000000 812.377517 0.000000 0.755252 0.000000 0.655435 0.947613 0.947613 0.947613
8237.639653 0.000000 807.099258 0.000000 0.993692 0.000000 0.112148 0.884303 0.884303 0.884303
8233.800318 0.000000 805.542622 0.000000 0.915238 0.000000 0.402913 0.920803 0.920803 0.920803
8527.335263 0.000000 801.591773 0.000000 0.999990 0.000000 0.004489 0.858592 0.858592 0.858592
8532.560232 0.000000 796.672566 0.000000 -0.917307 0.000000 0.398180 1.127229 1.127229 1.127229
7389.072784 0.000000 787.386142 0.000000 0.708807 0.000000 0.705402 1.093100 1.093100 1.093100
8531.929173 0.000000 787.072296 0.000000 -0.027914 0.000000 0.999610 0.918841 0.918841 0.918841
8532.052982 0.000000 787.098188 0.000000 0.060818 0.000000 0.998149 0.853801 0.853801 0.853801
8246.771941 0.000000 765.342157 0.000000 0.988075 0.000000 0.153975 0.911792 0.911792 0.911792
7480.301166 0.000000 759.979870 0.000000 0.981024 0.000000 0.193885 1.088078 1.088078 1.088078
7571.277911 0.000000 759.181529 0.000000 0.958687 0.000000 0.284462 1.152091 1.152091 1.152091
8195.406287 0.000000 755.233552 0.000000 0.929205 0.000000 0.369565 0.926803 0.926803 0.926803
7603.337566 0.000000 752.583277 0.000000 0.998032 0.000000 0.062704 0.943298 0.943298 0.943298
8186.555844 0.000000 752.876280 0.000000 0.996051 0.000000 -0.088783 1.099241 1.099241 1.099241
7603.220328 0.000000 751.125222 0.000000 0.998127 0.000000 0.061178 0.934935 0.934935 0.934935
8186.602163 0.000000 751.365978 0.000000 0.999902 0.000000 0.014034 0.912206 0.912206 0.912206
8194.957225 0.000000 751.049971 0.000000 0.721210 0.000000 0.692716 0.933866 0.933866 0.933866
8218.663273 0.000000 751.870315 0.000000 0.999523 0.000000 0.030881 1.006409 1.006409 1.006409
7605.878854 0.000000 733.943899 0.000000 0.057312 0.000000 0.998356 0.993844 0.993844 0.993844
8198.304944 0.000000 733.433352 0.000000 0.732199 0.000000 0.681090 1.128249 1.128249 1.128249
8213.774826 0.000000 733.159640 0.000000 -0.848405 0.000000 0.529348 1.118247 1.118247 1.118247
8230.288952 0.000000 727.153886 0.000000 -0.975952 0.000000 0.217985 1.114089 1.114089 1.114089
8198.419556 0.000000 715.051158 0.000000 0.999706 0.000000 0.024237 1.058150 1.058150 1.058150
8212.031984 0.000000 715.440152 0.000000 0.439607 0.000000 0.898190 1.126945 1.126945 1.126945
8229.009516 0.000000 715.800383 0.000000 0.209844 0.000000 0.977735 1.086569 1.086569 1.086569
8346.962084 0.000000 702.544888 0.000000 0.913704 0.000000 0.406380 0.917693 0.917693 0.917693
8352.412870 0.000000 699.659868 0.000000 -0.966308 0.000000 0.257388 1.115503 1.115503 1.115503
8348.421494 0.000000 697.072343 0.000000 0.704594 0.000000 0.709610 1.120965 1.120965 1.120965
8352.835436 0.000000 697.890531 0.000000 -0.984773 0.000000 0.173846 0.990313 0.990313 0.990313
9327.520274 0.000000 694.276907 0.000000 0.998989 0.000000 0.044949 0.977475 0.977475 0.977475
8046.355856 0.000000 675.310881 0.000000 0.996354 0.000000 0.085319 0.906491 0.906491 0.906491
8313.663280 0.000000 671.063389 0.000000 0.997722 0.000000 0.067458 1.147523 1.147523 1.147523
8316.989446 0.000000 671.198757 0.000000 0.999853 0.000000 0.017117 0.939039 0.939039 0.939039
8316.894094 0.000000 661.971389 0.000000 0.615432 0.000000 0.788190 1.046615 1.046615 1.046615
8039.482624 0.000000 658.395169 0.000000 0.998589 0.000000 -0.053112 1.037858 1.037858 1.037858
8349.962762 0.000000 652.880230 0.000000 0.994490 0.000000 -0.104831 1.147975 1.147975 1.147975
8352.505368 0.000000 652.604026 0.000000 0.995080 0.000000 0.099073 0.860885 0.860885 0.860885
8349.520057 0.000000 643.128512 0.000000 0.999748 0.000000 0.022457 0.944860 0.944860 0.944860
8530.453223 0.000000 643.866299 0.000000 0.849037 0.000000 0.528334 1.090848 1.090848 1.090848
8532.655953 0.000000 643.705054 0.000000 0.989675 0.000000 0.143333 0.895475 0.895475 0.895475
6339.923090 0.000000 642.698410 0.000000 0.997208 0.000000 0.074674 1.049701 1.049701 1.049701
8029.091685 0.000000 640.943699 0.000000 0.990835 0.000000 0.135081 1.124448 1.124448 1.124448
8352.590740 0.000000 635.091321 0.000000 -0.622045 0.000000 0.782981 0.855665 0.855665 0.855665
8427.969374 0.000000 634.674990 0.000000 0.952013 0.000000 0.306057 1.167243 1.167243 1.167243
8339.988935 0.000000 625.738024 0.000000 0.402074 0.000000 0.915607 1.123172 1.123172 1.123172
900.220118 0.000000 587.282344 0.000000 0.999489 0.000000 -0.031971 1.161123 1.161123 1.161123
7416.667719 0.000000 537.462434 0.000000 0.962401 0.000000 0.271634 1.080369 1.080369 1.080369
7415.449395 0.000000 536.564103 0.000000 0.895608 0.000000 0.444843 0.859381 0.859381 0.859381
7415.618476 0.000000 535.223582 0.000000 0.942830 0.000000 0.333273 0.850860 0.850860 0.850860
7426.515488 0.000000 535.619984 0.000000 -0.788178 0.000000 0.615448 0.924272 0.924272 0.924272
8136.198546 0.000000 524.548198 0.000000 0.904814 0.000000 0.425806 1.167553 1.167553 1.167553
5604.198078 0.000000 512.819480 0.000000 0.999439 0.000000 0.033504 0.895594 0.895594 0.895594
5604.616090 0.000000 499.892492 0.000000 0.349232 0.000000 0.937036 1.061102 1.061102 1.061102
8100.982278 0.000000 491.712274 0.000000 -0.710943 0.000000 0.703249 1.018785 1.018785 1.018785
7443.364293 0.000000 481.469060 0.000000 0.996221 0.000000 0.086859 0.854508 0.854508 0.854508
7362.920787 0.000000 312.415333 0.000000 -0.995926 0.000000 0.090171 0.937054 0.937054 0.937054
7354.782484 0.000000 311.341021 0.000000 0.936047 0.000000 0.351875 1.097167 1.097167 1.097167
7383.416417 0.000000 277.576435 0.000000 0.999997 0.000000 -0.002350 0.998974 0.998974 0.998974
9327.599114 0.000000 157.076632 0.000000 0.998635 0.000000 0.052235 0.854995 0.854995 0.854995
6681.127896 0.000000 154.681465 0.000000 0.990304 0.000000 0.138918 1.085610 1.085610 1.085610
9327.281585 0.000000 83.464826 0.000000 0.999840 0.000000 -0.017892 1.107219 1.107219 1.107219
9327.932844 0.000000 60.544341 0.000000 0.998312 0.000000 0.058083 1.157464 1.157464 1.157464
"}
